attachment_id	user_id	text	begin	end	height	width	train	length
df5b08f0-41d1-4572-889c-8b893e71069b	185bd3a81d9d618518d10abebf0d17a8	А	36	76	1920	1080	False	150
3d2b6a08-131d-40a9-9533-cf45cefb07fd	9a0784a99ea13a8b06cb103c2c8c7f0f	А	31	63	1920	1080	True	78
1915f996-71ed-44ae-9a34-ee1959919238	ca6b767f0cccf093ba737ae2fc4fec3d	А	25	81	1920	1080	True	98
bfb2d7ae-0f6c-4e20-b087-0965641d34ff	0ab4f8e463cdded2e59d6001f4e1b487	А	18	47	1080	1920	False	82
24936cc5-e5bb-43a3-96b8-2a9b4a6d157f	a95892dae1d320bd8b08cbca6a127cd8	А	6	33	1080	1920	False	40
52a31867-5661-4a33-aeea-416fedc8b029	46dd04a1caa75ed3082b573cb5a3ad26	А	7	38	1920	1080	False	100
89a6ed0c-490f-4679-af7e-9f9f1e9b619c	1860c7f3605089bf0eff0c4e72c7add4	А	15	67	1440	1440	True	91
b20b8829-b443-45e8-8ae0-5a9652ccfdf7	95af8e702c909eee7145c6dc1a3d756b	А	30	78	1280	720	False	82
3a6e0307-e80c-4101-b3ed-1075070ba27a	fc6e5caa3dc328e7558b072e6607e399	А	13	44	1920	1080	False	68
cd31a981-0638-4ac3-bcdd-3cacf724c827	db573f94204e56e0cf3fc2ea000e5bdc	А	3	61	1280	720	False	112
46b8313e-8281-41ad-8d01-29c8a49bfbf5	0211b488644476dd0fec656ccb9b74fc	А	13	49	1920	1080	False	78
77c27327-5808-43c1-a517-75790b7c67d0	a356848cf0a72f961b81ebb6716f6131	А	31	125	1920	1080	True	244
ebc54c26-7625-4f84-bc09-8e770ee2bd0b	50334f2a79561498829a34a2c90984b1	А	88	136	1920	1080	False	256
c727cc70-3f30-4426-8956-55514f0af3e4	2d84da20c251acaeb3186642fcb04f2e	А	24	56	1920	1080	False	96
521811f2-a8e4-4ebb-981f-bd3328088f62	9f9b13d8e63bd774b4ad1bd14f56147d	А	15	54	720	1280	False	93
cb6151a7-7004-4c28-a71f-e8fd4872f5c1	ba230d5b794c9a7350356eddd3e9929c	А	9	55	1920	960	True	72
cdff61a5-06fc-425c-9cbd-72e532015e2f	13c4baf863bfb1aa4ac638650e508d3b	А	18	69	1080	1920	True	106
613ed2b8-c894-427f-b0ef-3e8872609c76	0041ec866777f12c384b64d8cd636277	А	27	102	1920	1080	False	139
dd938a9c-1dd4-4453-9633-e9e33423917f	f5b82a9c82f6d870ec253e4c3fa96d83	А	43	106	1920	1080	False	141
6dd5fe9b-ae33-4212-8d6c-7cf42f76dd81	b07a773bcb10b4f14f33d2b0e8ec58ba	А	49	97	720	1280	False	143
6479fe6c-ed67-49f6-bd13-a7b472911729	0df9d6e419cb18069e696edaa170ba87	А	31	79	1920	864	True	162
50a13a36-f4ff-42a9-af30-7693b64b2685	12c7911f38c7113ce13c71dbd785ce22	А	3	31	1920	1080	True	77
370005c9-dd81-4337-82be-08be228e3e48	f2dc6eab563f93d86629c1cfe479f09d	А	21	60	1440	1440	True	67
83acfcc4-8122-4548-be09-ca9212fc528d	4d26ad833542291c50de9ce88fb4f64a	А	15	62	1920	1080	False	120
8ea29713-6375-40a7-898e-7c6a82ce5fe6	3dd2ce2659aada17b976390004ebe322	А	0	41	1920	886	True	68
3b02ff8b-999f-43ad-a933-ee89a4b69e9d	87fe0712fdd150ecc8d02cbbb2e047d6	А	13	63	1280	720	True	71
39455eeb-68c1-4822-923a-2b2db6b50feb	b4e852a75cacf8642412dfc05e2126a3	А	9	50	1920	1080	True	78
fbe2c596-75a9-43d4-b9a9-4ac608270200	324cdee3d2550397efb761d8fff48139	А	7	55	1920	1080	True	88
7ab8db58-2867-4def-a7b3-536441be07a9	52003757d6b63a3ee7a71f36f5a9a17b	А	9	75	1920	1080	True	102
2b7a452b-a739-44d6-9c76-7562bcae7abd	76aa633fcb2bec4e6b0852635a8af57c	А	2	73	1920	1080	True	106
11d6eaff-5214-4bde-8aa8-c28c5a848c1f	4aef7889ad6cd118ce4dab1e3b998a01	А	5	32	1920	1080	True	69
91292fa3-a37f-4d18-a8ae-44aa8205dbdb	aa12bfdceb971561727e86d34aff35ac	А	8	51	1920	1080	True	79
9d73e601-15eb-4c62-9684-4f809a804696	ab460ff83e8c5b13a705a9e2081023c2	А	3	37	1920	880	True	78
c8c6761f-7d65-4c2c-bf3c-df1dedad3b24	3ef4548431002f9f8fd7f39987be22c1	А	21	68	1920	1080	True	104
043b0357-a403-483c-836d-31bba541cbb2	fb1007e5ffe149cc08bccaf8eda2ce31	А	28	72	1280	720	True	144
354173d4-4ec9-4657-a3c3-2aa4cee97c54	81c0cdc37caa67e7ddf8e06c0a4443c8	А	34	105	1920	880	True	152
4e94494e-0a83-417c-a8f8-7dcb4ed9c7e6	40ad51b49892dca94b905eca8926568a	А	7	67	1920	1080	True	107
0527f583-ed98-43e5-a70a-0b988eb5b5b5	3cf00ecfe200a3990d42c6464286d6fb	А	18	77	1920	1080	True	105
bf8aabeb-14c9-49ab-8e05-f9e3edc32d29	83624345fa124849e833a8664f21f3ea	А	2	54	1920	1080	True	77
bc9b11de-6c79-487a-818e-d5e9e331cc3c	e4bd328bca8e6f51bd6f4f019692b666	А	15	72	1920	1080	True	97
147dcd9c-8540-4f38-8949-97bd9012d643	32f4bb8542738fa1980831515d2949ea	А	8	48	1920	1080	True	84
1416787d-032d-4d48-89da-a14e4791b5da	27032346b8d1e263473c0451843a8a6a	А	25	71	1080	1920	True	99
ccfdf35c-879e-4431-860e-0effc15f61a2	a85134b72f825ac9569e44e9ae53b128	А	24	82	1080	1920	True	119
55aaa1e1-6379-49d6-9b9a-49fe5bb3a6e5	8c34c33a92e42220b2e080bdb388d532	А	18	47	1920	1080	True	70
75674719-c859-4b2c-ba50-d3677de7d3fc	bd4e2755d88d8d835a07df3c78cdfc3c	А	9	61	1920	1080	True	92
b58d2903-982a-4981-a1ff-630879c7873d	0c954cec2fd8884fff2ceeb41bd1b89d	А	19	74	1030	1080	True	93
2a12723a-1c35-4796-8387-1abbd23632a3	b6bc47e76a066769495f3a22455713b5	А	19	53	1280	720	True	99
5f421023-c1e7-4834-9ada-13ebcd9d0686	362b7038ed4bd4b527fce434f14d2aaf	А	47	91	1920	1080	True	137
0e63db46-2cb6-4071-b5ad-e30e0e174183	0f7aee11724db9ef1f9df422f7443e28	А	38	78	1920	1080	True	153
a590870e-0d34-4733-a722-7ad3059acc00	b34ac47997680835ece485b13845fefd	А	18	63	1920	1080	True	94
30086a99-d588-4384-b3f4-a598f9f68c4b	a5f261810c66a72ed1d61890eefe1672	А	32	82	1280	720	True	124
7d378997-e337-40d0-b055-287b1beed7c6	a8b89f85a363edca5d0cfa080065f2d6	А	9	50	1920	1080	True	69
beb8ad0f-1985-4566-a557-1d5d112b4323	abd669cafd4f2078708e1cb1846e1bd6	А	46	102	1920	1080	True	161
b16243d5-9c6e-4027-ade4-88f4facbc9fe	d5a3d6c977e8ce1cd3a4eac0908d4d7d	А	7	50	1920	1080	True	80
5ef7aca4-09ef-41e4-8a8c-96b2a21e7d4f	e9df86cd8713f2fa9f2077a2197c7136	А	19	98	1920	1080	True	155
bbfa2d8c-07cc-48ac-b112-b2c89703349e	911876c4ffc0dd4cf21f61ea1acf5a0b	А	44	84	1920	880	True	154
673337cc-39d9-4af2-921f-2a288610d19d	138356c62cb9cd6168ec85fd31dbb1de	А	10	64	1920	1080	True	110
581bd8c8-9615-42d1-84eb-a4bad6f8fab4	28f7e6734615f41bc0366dee5c563f09	А	39	107	720	1280	True	132
c83073db-4afa-4779-a16b-6acbfdd95f45	b6dbf3d8d6ed9fb9283b687910f6e829	А	14	57	1920	1080	True	87
6d025dd9-d63d-409e-ad00-d8ebb0d460be	dc96b1d1a840878c4ad209500dea570b	А	31	78	1920	920	True	121
03418eff-468d-46f9-9983-d8310c58ba04	6520ea9b92b24339fb538be29b315e0b	А	8	34	1920	1080	True	56
8d9ecd4e-8915-4582-b93e-78ab50389f78	23f5ca29e3183e356572642263a836ac	А	29	75	720	1280	True	104
90417a43b96b79277c73542f36c41f59	27901	А	21	75	1920	1080	True	110
a2f2d58719411705301787caba0f2e97	29585	А	6	39	1920	1080	True	71
2ebc2d6456459ce8122a05f1fd9bef06	28593	А	28	65	1280	720	True	108
58ef52b542bd3d698669674732f94790	30009	А	37	86	1280	720	True	165
3e8b308be4f600cf5ab9d4e846c0541f	23309	А	17	63	1280	720	True	64
d230965a0bdac7afb1becef8d29fc9e0	21759	А	31	79	1920	1080	True	144
c5529adfa4f7f31f0c15a4a2407afb09	29673	А	35	82	1920	1080	True	142
259d831dcd402770830437e891733ebc	29283	А	30	96	1280	720	True	128
5cb88e8f3a059f66c7a67a6a44f53691	29318	А	44	93	1280	720	True	123
f7f4f624a0e2ba88bde9372767082350	29898	А	32	80	720	960	True	97
85688b5c1a80ffcb830c1c94e166725a	29751	А	11	57	1920	1080	True	87
108d81c9845bf07e2cb41be878147429	22109	А	29	67	1280	720	True	93
2620a0fbaabe360856000ccfb702bbe3	29970	А	15	45	1920	1080	True	80
55c8fe8abb44fc2e20a58ad94f776f1e	13790	А	44	89	720	1280	True	109
6d963a744c2d67e3ca21c7dd12734e2b	21288	А	23	79	1280	720	True	82
046665aed5a4536773266f0c39c8d03e	29229	А	34	92	1920	1080	True	148
2e0b298e12ae48f7722a3db057c44f48	27086	А	21	54	1920	1080	True	103
cb872cac7fcdbe188412fc69804ff6e2	27399	А	8	65	1920	1080	True	96
99d4d538-a083-4414-8cfb-f4ddf9435401	c3bc70b01dcc8b515891a4d097719b0f	А	62	96	1920	1080	True	160
18c6c316-7269-4d52-9837-a394f3b8f974	efc86825b9a40bcdcc9b54ab81aab3fe	А	12	78	1920	1080	True	91
fa9ab207-c3bc-4338-aba0-a5505b107945	33b317c5a26046cafcd795a2fe4e919e	А	24	58	1080	1920	True	94
5c95bed4-10b6-4056-b8c8-378cca4f2133	2d5120991a63d659f0eef6123f092100	А	40	73	1920	1080	True	126
61b8a0f2-9d33-4321-98b8-0eff2360b8fe	0c3d5473fba13210722e53374b736416	А	12	52	1920	1080	True	81
84b06377-9c6a-40c6-a208-0715c6ba2292	49b45af05ac6192685bee4e29cdf1e48	А	16	64	1080	1920	True	99
04df97a2-bd85-4733-a8c1-31640e9e4f23	53c3af7712ee8220b2faed1a55a82eca	А	14	49	1080	1920	True	86
7ce58e5c-dec5-465b-b617-6ebe8d0c12d5	194612f32f5297e4699c2c0beb9b336a	А	36	73	1920	1080	True	109
47ebce83-c276-4043-a726-157752395ec0	48bc83c415e12683f469d16027829654	А	22	63	1920	1080	True	119
fa113622-3986-4df8-ad6b-f497a5197a07	4299b8ccf39ace57287b463fbe4a489b	А	24	61	1920	960	True	94
12358e97-15d5-44f7-9bc8-bfcfabcc16fa	6ca843830e5d2608f5d486f02e37dad9	А	8	37	1920	1080	True	59
5010e6c3-10cc-4760-8573-79e74acd12e2	3018b64d2c938f5b6a0826dfdf486f2c	А	23	69	1920	1080	True	115
860ad986-2e85-4247-9b6b-99d120feb2af	4b8f634baac82dd96142fa1220b79759	А	19	60	1920	1080	True	85
1f1a0f57-10f7-4d83-8d4b-04247ec1e243	04af3ba065bb7423e0685ebe180751c1	А	26	59	1920	1440	True	69
7fa2145b-c187-47ae-bdcc-12e0d3238a3e	c80b4e57f158f28299b2a89694c42329	А	26	68	1920	1080	True	134
837b8591-91d1-40ba-9d31-8bcb01cd1180	f15c4e5b9dfe541cf7e6c05733b579e2	А	13	68	1920	1080	True	93
1c7e6cad-b514-4fb6-9d4d-2db88b9357f6	55ac05bf18204955c640591070dd1118	А	32	66	1920	1198	True	133
1493aea4-eb27-4300-9b9e-9bcb32dbe29d	5cfa6de910fe7b0af5f422d0df9f06d5	А	15	60	1920	1080	False	88
cd27bdc9-4f86-4258-abbc-45e0135e644a	7c0fb4e90495815f55cb0deb35cbc95e	А	21	75	1920	1080	True	121
bd5704a0-0905-488a-85c9-252e04288982	f3cf3f9bb709ce2bee3da304a4ccb427	А	34	72	1920	1080	True	148
c8e2914e-03ca-41c0-8fb7-60c5019b07a5	1cdaed3814fe5a4bfa9baa5d3f94ecc4	А	39	62	1080	1920	False	121
9996a3fe-81f7-4088-b44c-68a34b1e0fba	86ec735f573ae6c36a9dbf9e5bfd4eaf	А	64	114	1920	1080	True	173
4d8c5d92-17c9-4cb3-8df8-b943df02b388	95d5ca4d8706b85bfe8447cc7e83c86a	А	5	43	1920	822	False	88
46ba17ed-6fae-4284-93e0-fb1ad9615e0e	e97c55b450c4b2ae48a165e349f0f3eb	А	25	63	1920	1080	True	117
9fcd2760-5759-4c43-a83c-5e1ae4dcbad6	c2f39049d2c1d9527683ed47b4fb6ad7	А	7	37	1920	1080	True	45
b6c4239a-8f5a-467b-9509-7879ea8dc855	ff169f3bbab458308b88188be3657125	А	11	55	1080	1920	True	124
e7138da6-d1d6-4673-afda-4e95f82f49f4	bd6e2ad7ab53ceb7b8de9a1842844071	А	24	60	1920	1080	True	116
63f519fb-801a-4cea-8616-15de097506f2	bd22df5de9c7373f6182446d80e4eef3	А	33	74	1920	1080	True	109
8c990ed4-991d-4e9f-baa6-5ee1d67fbb3e	7c989fdb633be7453228f7c650097205	А	25	59	1920	1080	True	84
e16b7745-5072-4945-9660-41262d7dcb91	7faa41c4cf0a2602a23390de23574993	А	36	85	1920	1080	True	195
c61c7bb8-9a86-4363-9f0a-ff429d9fd5f5	a8a635e6eaa8edb003c5a2b1cef789b5	А	25	62	1440	1440	True	104
68dc8848-3e53-42f5-b9a9-ae4b7eef4029	d01fdbbbd69ec8c4914397ba4abb899c	А	56	117	1920	1080	True	120
9808c137-6b17-488f-b963-620050a4de73	adfe9c8ea85db4e65f36572669cbfed5	А	9	53	1920	1080	True	107
03a4b0ee-6087-43fb-b19b-39b801aa16aa	28d653d3548e4508aaa6acbb5dfbeb64	А	71	111	1920	1080	True	173
e2a7025c02d81460bf9ae9c3b28336a6	27658	А	50	123	1920	1080	False	154
73847b387a088e4901e4f1fb216d88eb	29674	А	16	52	1920	1080	True	69
582ef0677662c25c263a0e923e9a43eb	29804	А	29	94	1920	1080	True	189
f4b20d79509473b1c185f20626154d92	21710	А	22	78	1920	1080	False	113
1fa7944c-fd18-4e4f-bcc2-61893121b0cd	ca6b767f0cccf093ba737ae2fc4fec3d	Б	12	59	1920	1080	True	80
e8c0bab4-4c98-4b1e-8c10-f7130f2f744b	a95892dae1d320bd8b08cbca6a127cd8	Б	7	44	1080	1920	False	57
9603023d-a2e3-449b-8f68-2e345bb5ca6e	185bd3a81d9d618518d10abebf0d17a8	Б	35	118	1920	1080	False	169
78650a89-9239-4c62-ab4b-491c850eeb60	9a0784a99ea13a8b06cb103c2c8c7f0f	Б	11	101	1920	1080	True	103
022038fa-24cd-4a99-8ae5-683ee99b3b2a	0ab4f8e463cdded2e59d6001f4e1b487	Б	22	71	1080	1920	False	115
15278242-9823-4549-bb75-e9468c603cae	1860c7f3605089bf0eff0c4e72c7add4	Б	78	180	1440	1440	True	199
26597670-0aab-41e2-97c1-0231207bb8e4	46dd04a1caa75ed3082b573cb5a3ad26	Б	6	58	1920	1080	False	89
2a2e9760-d277-4419-a6d9-66624b39c46f	fc6e5caa3dc328e7558b072e6607e399	Б	22	66	1920	1080	False	84
d9171a06-bbad-4278-95b7-4e8c1b551e2d	95af8e702c909eee7145c6dc1a3d756b	Б	3	79	1280	720	False	99
0d2f1657-fbc7-45a1-857c-7d068904f05f	db573f94204e56e0cf3fc2ea000e5bdc	Б	3	52	1280	720	False	96
41c4958b-7bb4-4ba2-94b3-ac368ca172e2	0211b488644476dd0fec656ccb9b74fc	Б	13	51	1920	1080	False	87
72942dc6-618a-46fe-9ef6-b52761b507f0	a356848cf0a72f961b81ebb6716f6131	Б	32	144	1920	1080	True	216
90bf9809-7eb8-48fb-bdea-ff2b5c528ed2	50334f2a79561498829a34a2c90984b1	Б	79	155	1920	1080	False	263
2e5ba730-8998-4471-bcc3-101f1846bbca	2d84da20c251acaeb3186642fcb04f2e	Б	13	71	1920	1080	False	108
4b198f30-90e2-45a8-84be-d6aabf81e180	9f9b13d8e63bd774b4ad1bd14f56147d	Б	20	64	720	1280	False	87
ad659c7b-1e7f-4d30-93d0-bcd619949d5d	f5b82a9c82f6d870ec253e4c3fa96d83	Б	10	105	1920	1080	False	154
3c7688ae-5cfe-43b1-9784-bace12d2a5dc	b07a773bcb10b4f14f33d2b0e8ec58ba	Б	54	133	720	1280	False	173
8e2ab721-0745-4dc7-a075-f45b4676c102	0df9d6e419cb18069e696edaa170ba87	Б	28	66	1920	864	True	124
f79dd4af-0498-40f0-aa20-3306da93ebed	4299b8ccf39ace57287b463fbe4a489b	Б	23	59	1920	960	True	92
547df2d2-0732-4a62-aa7f-07a8ff9cc27b	12c7911f38c7113ce13c71dbd785ce22	Б	11	39	1920	1080	True	61
0f6679fc-f8a1-4817-b2da-d57ce4e51b5d	f2dc6eab563f93d86629c1cfe479f09d	Б	10	61	1440	1440	True	78
c3303f88-4eee-4fc0-8d9c-7219967be238	4d26ad833542291c50de9ce88fb4f64a	Б	14	69	1920	1080	False	137
ba8df1ef-5e1b-4e55-87a4-a40385995a91	3dd2ce2659aada17b976390004ebe322	Б	0	43	1920	886	True	80
555eaa37-5740-4584-8478-011a73a6200d	87fe0712fdd150ecc8d02cbbb2e047d6	Б	17	98	1280	720	True	99
130022a8-7730-4506-a290-e56254756b15	68f27043789bb049757486b0ed1cbaab	Б	67	118	720	1280	True	136
d35da9e8-30fa-4ac5-90b8-a4287ee943a7	b4e852a75cacf8642412dfc05e2126a3	Б	0	35	1920	1080	True	62
05760c6a-237c-4c1d-90c2-4e4e54b7e3b8	feea6c22175f962ab28452f7314d1bc0	Б	36	79	720	1280	True	88
954434cf-aa02-4ece-853b-0590566ac4d4	52003757d6b63a3ee7a71f36f5a9a17b	Б	6	57	1920	1080	True	90
c73027c7-8998-430f-8c80-fc5422d4093a	76aa633fcb2bec4e6b0852635a8af57c	Б	4	62	1920	1080	True	98
5f6afb9e-6210-46ad-8307-544bcd31cadd	4aef7889ad6cd118ce4dab1e3b998a01	Б	7	40	1920	1080	True	74
a963b772-b11e-4760-acc4-172da5daab40	ab460ff83e8c5b13a705a9e2081023c2	Б	0	43	1920	880	True	78
31ae5ae4-f4ee-45b3-b43e-a085c7b2b637	aa12bfdceb971561727e86d34aff35ac	Б	2	57	1920	1080	True	90
de9f7f5e-18ee-476a-88f1-aaf55c701853	fb1007e5ffe149cc08bccaf8eda2ce31	Б	34	91	1280	720	True	163
0012d479-de1e-40cb-8450-851fd3bd9b7c	81c0cdc37caa67e7ddf8e06c0a4443c8	Б	25	88	1920	880	True	124
fd2db3fb-3d86-4544-81f3-45f8b8acf3c3	33b317c5a26046cafcd795a2fe4e919e	Б	29	61	1080	1920	True	113
fba120ed-ddab-41f1-9f28-19fa6f8a9f88	3cf00ecfe200a3990d42c6464286d6fb	Б	12	81	1920	1080	True	106
e1f82a3b-602b-487b-992b-09c7f845d961	55ac05bf18204955c640591070dd1118	Б	22	67	1920	1080	True	105
61920440-8df0-4333-ba5d-240e28955b8b	32f4bb8542738fa1980831515d2949ea	Б	9	50	1920	1080	True	78
993bb481-e37d-4864-a473-37ffcb0167f4	a85134b72f825ac9569e44e9ae53b128	Б	17	71	1920	1080	True	108
6787e783-ddf0-48e3-8b3f-a4c89b38d80b	8c34c33a92e42220b2e080bdb388d532	Б	16	37	1920	1080	True	67
7dcec297-aee0-4ff2-b1d0-5e5ce7a398eb	362b7038ed4bd4b527fce434f14d2aaf	Б	29	85	1920	1080	True	134
d7321750-b261-4a1d-a75e-5c6922d380c6	1cdaed3814fe5a4bfa9baa5d3f94ecc4	Б	16	55	1080	1920	False	86
8925534a-8a23-418a-b83f-b51f9d7d48ed	b6bc47e76a066769495f3a22455713b5	Б	16	56	1280	720	True	84
6fb7bae4-3378-4f09-8260-c8db161f42f2	d5a3d6c977e8ce1cd3a4eac0908d4d7d	Б	3	48	1920	1080	True	79
a5919352-482f-4352-a537-bafe6bd9b587	138356c62cb9cd6168ec85fd31dbb1de	Б	33	54	1920	1080	True	121
bf9c9cb9-5c6c-45ba-8d3f-944e5aa71647	2916c8f459bac1870fe3897d0340b148	Б	26	89	720	1280	True	129
8a3229e9-2693-46a3-96ec-b76af0dbbfa1	a050ef5cb26b9d7f2ccdbedd1411ffa9	Б	36	80	1280	720	True	114
20486692-1451-41d4-8267-e49b29bfdf81	2fa7bff4283637452ca0e2575a1815be	Б	8	49	1920	1080	True	78
f308d5ee-b472-4b02-9293-4bbb7855f87d	28f7e6734615f41bc0366dee5c563f09	Б	45	103	720	1280	True	131
b9518907-bc53-459e-bbc3-896c1639b739	e9df86cd8713f2fa9f2077a2197c7136	Б	31	143	1920	1080	True	203
9aff4406-9634-49b0-9b01-790ad3ef875b	f3cf3f9bb709ce2bee3da304a4ccb427	Б	39	86	1920	1080	True	160
2b234e4f-593d-4ec6-b2dc-0f346a81ee96	a8dc3ffc818b23319cea1757602ad8e8	Б	12	57	1280	720	True	93
49a88c58-f6e7-4b70-a42c-6f3a192e7060	911876c4ffc0dd4cf21f61ea1acf5a0b	Б	41	97	1920	880	True	133
c85f7444-3ce9-45a5-a1f5-c4791f36e519	95d5ca4d8706b85bfe8447cc7e83c86a	Б	4	53	1920	822	False	91
18c8d1b1-4d0f-4e1d-85c1-bca34ecb1436	bd4e2755d88d8d835a07df3c78cdfc3c	Б	12	50	1920	1080	True	76
5c0d9721d406c54726409b5485f5e888	29479	Б	7	79	1920	1080	True	83
066980ac531c42e1ead9a2e8eab7696f	27901	Б	35	117	1920	1080	True	153
c5cd018380c845b3cf65e887ea113e54	28593	Б	25	73	1280	720	True	127
20f6aef9fea771520c7f33a6b0fc0d36	30009	Б	36	84	1280	720	True	183
0e35a5a893cb5e78f929fce016590a5e	29970	Б	1	56	1920	1080	True	80
a249ecf62a26754d8b3d1b063e5b9aa2	24438	Б	37	98	1280	720	True	164
36309d83aa19b2de522eb050f96cd9e1	23309	Б	29	79	1280	720	True	83
2d3e645cb18309d7f9497eed16d8de43	29673	Б	28	124	1920	1080	True	172
90b8cdb94879b16293e36bd5e6102849	21759	Б	23	81	1920	1080	True	140
d0ba479d9203ea9e2467ecdd22e85ad9	29283	Б	45	134	1280	720	True	159
ac4a0df5d5201c6a4f12a28ffcf817ed	29318	Б	44	89	1280	720	True	118
88f0e52b269b2f3613dbde087e65ea98	29229	Б	44	99	1920	1080	True	190
88bae84cada173310b59d5e234ea9cb5	29751	Б	8	61	1920	1080	True	102
4c3c0053a9818f3c82db60fb4c0cb4f4	27086	Б	14	58	1920	1080	True	92
618eac24322955fc6020e34edc94fbc7	22109	Б	30	85	1280	720	True	91
29f390c46ac5b164e8c3ac77ab4d3960	13790	Б	35	98	720	1280	True	98
e51696979af5a3a28502035233b2ee00	21271	Б	62	118	1280	720	True	161
100fec9535a40011c62302a0631035f1	27399	Б	8	73	1920	1080	True	108
648fbb2d-f45a-4727-8426-375a80254c61	efc86825b9a40bcdcc9b54ab81aab3fe	Б	14	68	1920	1080	True	72
fc5c7327-7218-4609-aa43-985d21e74250	0041ec866777f12c384b64d8cd636277	Б	14	67	1920	1080	False	102
eaf0ceb8-9660-483d-9ac8-06fd53113148	2d5120991a63d659f0eef6123f092100	Б	18	77	1080	1920	True	120
9f832787-2a06-41a3-8560-4d592d08da6e	0c3d5473fba13210722e53374b736416	Б	21	58	1920	1080	True	94
a60d63ac-4cec-46fb-8514-9524e8e8bc37	49b45af05ac6192685bee4e29cdf1e48	Б	23	66	1080	1920	True	116
69c7804e-777c-4c72-88be-ae88adde69a6	53c3af7712ee8220b2faed1a55a82eca	Б	19	53	1080	1920	True	98
b98b2022-83e6-4f80-b817-7bae73b591c6	48bc83c415e12683f469d16027829654	Б	21	73	1920	1080	True	141
cda80966-42f0-43d7-9db1-8097a3f441df	b6dbf3d8d6ed9fb9283b687910f6e829	Б	17	67	1920	1080	True	108
357b45e5-20a0-4f76-8356-87ffb1ad3409	e4bd328bca8e6f51bd6f4f019692b666	Б	29	67	1440	1440	True	94
0ba11e9c-0fcb-4b0c-8c5e-a0e59988ec01	6ca843830e5d2608f5d486f02e37dad9	Б	0	48	1920	1080	True	49
cd0dd289-1286-4219-bfb6-5b3bc3672704	570c2405d58fe08bce66f55c42bc36b0	Б	22	86	1080	1920	True	166
065a0dbd-144a-411a-89c9-c74d1945ceac	3018b64d2c938f5b6a0826dfdf486f2c	Б	28	68	1920	1080	True	116
a66e0427-f287-4975-8840-4481491b359e	324cdee3d2550397efb761d8fff48139	Б	10	49	1920	1080	True	95
4a680067-e6fa-4878-a1bc-97e7166d7f89	04af3ba065bb7423e0685ebe180751c1	Б	27	56	1920	1440	True	81
cc42270e-e0d4-4254-89b7-d88592c8bfa5	c80b4e57f158f28299b2a89694c42329	Б	26	66	1920	1080	True	118
a21b1dee-5b3c-4219-8c9e-9e42792deed8	3ef4548431002f9f8fd7f39987be22c1	Б	27	64	1920	1080	True	100
82a92eba-2a84-421b-87e6-c1a263ed90cb	f15c4e5b9dfe541cf7e6c05733b579e2	Б	7	83	1920	1080	True	83
c41db11a-f942-4019-bd94-c423a8971e81	5cfa6de910fe7b0af5f422d0df9f06d5	Б	19	56	1920	1080	False	99
491c8e44-e9ac-4c92-b3f5-42eefbfbd180	7c0fb4e90495815f55cb0deb35cbc95e	Б	12	51	1920	1080	True	91
bf6747f7-b2ba-499f-9565-6ffa16e1262f	6520ea9b92b24339fb538be29b315e0b	Б	10	58	1920	1080	True	71
4d310677-e313-4f70-af22-e0ce00b922fd	0f7aee11724db9ef1f9df422f7443e28	Б	51	101	1920	1080	True	171
6b31ec5c-f620-4edc-baef-5a91c5dda496	c2f39049d2c1d9527683ed47b4fb6ad7	Б	11	45	1920	1080	True	56
9f5a90a2-6233-4c1b-8e9c-5e448195a4a5	b34ac47997680835ece485b13845fefd	Б	13	67	1920	1080	True	100
c486daf0-b1c1-47c5-9525-8c436cd3c72e	bd6e2ad7ab53ceb7b8de9a1842844071	Б	41	87	1920	1080	True	139
b8e4433d-81a5-41f5-800a-a5798ae5615f	b56726d7b447d88e526f7da2e9e0e520	Б	25	83	1920	1080	True	128
1acf302b-b021-4c27-9b6a-9105caebf25f	83624345fa124849e833a8664f21f3ea	Б	26	73	1920	1080	True	128
4c5f3fe6-0322-4e54-a6a1-e6ad68359454	7c989fdb633be7453228f7c650097205	Б	22	56	1920	1080	True	78
20e0bcd0-3b9d-451e-8c29-47d2a641433f	6753ca229e01b1c71053cb265fd93013	Б	44	104	1440	1080	True	131
a281e666-36fe-4f56-8c2d-65217ec3a8db	a8a635e6eaa8edb003c5a2b1cef789b5	Б	20	56	1440	1440	True	91
90314be1-b980-4f50-a8a2-6ecbcdfaec1d	d01fdbbbd69ec8c4914397ba4abb899c	Б	17	54	1920	1080	True	104
e4fb7d93-475f-4ba8-a26f-0d1fd7bf286a	08b8fc47e7a869751c13f64a922e6c15	Б	6	47	1920	822	True	71
f276ecf7c5b74ff87c98bb91251a63e9	29674	Б	14	53	1920	1080	True	72
f757f7f844c9b788ff6ada98575c8a06	30057	Б	15	70	1920	1080	True	116
b9dce55985c2bf9af14454dbc8e0c2b1	21710	Б	21	75	1920	1080	False	109
7bef9205-42a9-4812-9b60-f7e4968bc35a	9a0784a99ea13a8b06cb103c2c8c7f0f	В	12	57	1920	1080	True	68
918f500c-289b-458c-8d0c-7875450d071f	ca6b767f0cccf093ba737ae2fc4fec3d	В	15	57	1920	1080	True	86
4bbaee59-7610-4bcb-ba8c-ebcba3870e74	185bd3a81d9d618518d10abebf0d17a8	В	28	95	1920	1080	False	136
a3871b4b-c060-43f0-9f99-d3695c7273bb	a95892dae1d320bd8b08cbca6a127cd8	В	11	41	1080	1920	False	46
f3bf9497-a565-4c91-baef-45649e5b06b8	46dd04a1caa75ed3082b573cb5a3ad26	В	20	67	1920	1080	False	116
d73e37ce-3e3e-407a-a144-377aa0843cf5	1860c7f3605089bf0eff0c4e72c7add4	В	24	73	1440	1440	True	106
673ea0cd-3484-443b-b8da-e5518f7e0d7b	95af8e702c909eee7145c6dc1a3d756b	В	5	66	1280	720	False	105
0a1b79d6-3b30-4fc8-8755-365c17884892	db573f94204e56e0cf3fc2ea000e5bdc	В	1	50	1280	720	False	112
2821d9bf-2f5a-4ad1-bafb-6388c8554d6d	fc6e5caa3dc328e7558b072e6607e399	В	12	40	1920	1080	False	77
8dd1b70b-062b-421f-a985-d68daceb12e8	a356848cf0a72f961b81ebb6716f6131	В	11	50	1920	1080	True	175
acd68cb4-a383-4725-b0f1-e1078eb867d2	50334f2a79561498829a34a2c90984b1	В	148	213	1920	1080	False	333
38fa29d6-0fb1-4ac8-ad0d-1fa490163ad6	0211b488644476dd0fec656ccb9b74fc	В	29	73	1080	1920	False	105
d0f09a78-47a3-4673-a6c3-afa2ffc39101	2d84da20c251acaeb3186642fcb04f2e	В	17	41	1920	1080	False	85
69f0acac-e5b0-4efc-846e-011eade40911	0ab4f8e463cdded2e59d6001f4e1b487	В	11	50	1080	1920	False	93
d10f6e2e-9cc8-4f0c-845a-da412d280595	9f9b13d8e63bd774b4ad1bd14f56147d	В	14	59	720	1280	False	88
47f4805e-047f-4306-b01e-c2564e78d002	0041ec866777f12c384b64d8cd636277	В	18	55	1920	1080	False	87
636be944-2fb7-4843-8bf9-5bf504ce4159	b07a773bcb10b4f14f33d2b0e8ec58ba	В	54	105	720	1280	False	125
0bbf8345-9ae7-460d-a593-7fec049f2aa6	f5b82a9c82f6d870ec253e4c3fa96d83	В	3	52	1920	1080	False	102
92f4d137-ca68-4463-b6c5-e594c43d45cd	0df9d6e419cb18069e696edaa170ba87	В	26	67	1920	864	True	133
5a930e7c-7dfc-4c0e-808e-7525077f7b8f	4299b8ccf39ace57287b463fbe4a489b	В	15	49	1920	960	True	86
47965d4c-dabd-4bb9-a145-36dd0d2b848a	12c7911f38c7113ce13c71dbd785ce22	В	13	42	1920	1080	True	75
266f493d-17c3-4aa5-9a59-4fbca9710154	f2dc6eab563f93d86629c1cfe479f09d	В	15	47	1440	1440	True	75
7b488158-23d7-47da-8a35-486d053161e9	4d26ad833542291c50de9ce88fb4f64a	В	12	70	1920	1080	False	119
89baa1bb-746f-44c1-8c24-3183bf2356fa	3dd2ce2659aada17b976390004ebe322	В	2	42	1920	886	True	75
5dfcb5c2-2624-42c4-89d2-16d8a0d3d8bc	87fe0712fdd150ecc8d02cbbb2e047d6	В	7	87	1280	720	True	88
f9e4ab4c-3dc1-49a6-bf00-fe306b536bb1	68f27043789bb049757486b0ed1cbaab	В	56	96	720	1280	True	99
b297981b-5224-41e6-b2dd-e43556bd636f	a2d3f7227726ed3846d9bac38734e85b	В	16	66	1280	720	True	116
545fb925-bbc4-41d5-91f1-6a007b3e958a	c05c242d2524d1de48c68f1667cd7b6b	В	10	46	1920	1080	True	76
1edbe1b4-5d96-4c0d-b358-18a82fbf7bd8	bcf5a67e65444f6c1d3119b5d6c3558b	В	12	62	1920	1080	True	85
fc512e01-32e8-443d-a090-5f13040d1c67	0ceb69ca37aa3e44528c7ce03c329479	В	29	63	1920	1080	True	150
035482ce-2f89-44ef-bb49-e9a14cf9dd99	63db05b188249dbd9ce7cc98fe205e1f	В	58	104	1920	1080	True	171
af2af165-9e7a-4a14-be3e-7a1d17edb1d4	32f4bb8542738fa1980831515d2949ea	В	8	43	1920	1080	True	60
0cdace29-a12a-44d9-9eee-e9f272094427	a85134b72f825ac9569e44e9ae53b128	В	25	80	1080	1920	True	116
ad601183-c41b-493d-8bb8-043f3cc0d4ea	8c34c33a92e42220b2e080bdb388d532	В	16	46	1920	1080	True	70
49695464-065d-47de-8549-5954670f6ba8	27032346b8d1e263473c0451843a8a6a	В	21	52	1080	1920	True	113
008dbdf0-66d7-4a3c-894d-8b757884ac66	362b7038ed4bd4b527fce434f14d2aaf	В	12	44	1920	1080	True	81
fe5a31f9-be36-4b5e-9edc-f71c355ec0ea	6520ea9b92b24339fb538be29b315e0b	В	20	52	1920	1080	True	86
e8cf7503-a2ea-460f-9704-807550664aab	23f5ca29e3183e356572642263a836ac	В	3	37	720	1280	True	69
3e04520e-0084-4e6e-a06e-622c257ec1de	1cdaed3814fe5a4bfa9baa5d3f94ecc4	В	40	73	1080	1920	False	114
27e618e4-89e8-43d3-b1c9-bbf2e841849c	b6bc47e76a066769495f3a22455713b5	В	17	48	1280	720	True	81
dca9bc17-6bd0-4971-b227-51c27d74bebe	c8f885a4da648650dbecffbb38258989	В	17	55	1920	1080	True	115
6ecdca2d-6e25-4bc9-b9f9-53a6c1238ff5	e9df86cd8713f2fa9f2077a2197c7136	В	35	137	1920	1080	True	179
7fa1fbae-f72d-4798-b64d-e9c330339ec3	911876c4ffc0dd4cf21f61ea1acf5a0b	В	44	88	1920	880	True	139
e9942721-3615-4732-8978-fab549c52a0e	d5a3d6c977e8ce1cd3a4eac0908d4d7d	В	3	50	1920	1080	True	89
c93cc7cc-4f6c-4fbe-8b4e-b88daa4e214b	2916c8f459bac1870fe3897d0340b148	В	22	66	720	1280	True	117
a9d75786-9a57-4f96-b6a1-faaca4c0938f	138356c62cb9cd6168ec85fd31dbb1de	В	38	104	1920	1080	True	138
f349b2e0-5480-417d-b729-07a65c4bcd56	f3cf3f9bb709ce2bee3da304a4ccb427	В	34	66	1920	1080	True	146
f702ea0d-12bc-4cfa-ac2a-9bac39f945ab	5cfa6de910fe7b0af5f422d0df9f06d5	В	9	63	1920	1080	False	96
23c67ada-51b3-4810-9543-972cadb87ef3	28f7e6734615f41bc0366dee5c563f09	В	17	56	720	1280	True	87
1c10850e-219b-4c42-8695-5db8f7388936	aa12bfdceb971561727e86d34aff35ac	В	8	42	1920	1080	True	74
882b69f6-ccd6-4e3f-aeb6-c83456342f6d	dc96b1d1a840878c4ad209500dea570b	В	26	74	1920	920	True	111
c8531342f2857e33299f27c9df9fe04e	27901	В	26	71	1920	1080	True	105
25693bf6794361f199b6520bf97f5023	29585	В	4	42	1920	1080	True	71
77c08afad731a21bec35df79495982ae	28593	В	15	63	1280	720	True	115
8b32ae5fba3d76c21979156ab0eca9c6	30009	В	40	76	1280	720	True	162
79655865b0e4e821791b9ff6e3c1810e	27658	В	52	98	1920	1080	False	155
5c00d5e45c4c53113cedc7fefb32a8bb	29970	В	1	32	1920	1080	True	80
493a18bbbcd151ff56292243988d862c	24438	В	15	72	1280	720	True	130
d94a6d74cf2bb1f91dda2badc36d4717	23309	В	19	47	1280	720	True	48
8674f0584d041a70c060dd8fe4095825	21759	В	22	73	1920	1080	True	129
8e236beb4962dc23a56a6e379be8aca7	29673	В	27	92	1920	1080	True	197
93cd665f1ba35eef03025b485b5ac800	29318	В	48	106	1280	720	True	145
bee4831ea0af90271f5b7750a6f7411e	29898	В	26	78	720	960	True	105
950a02cba1d56775e6417868bd8da9fb	22109	В	29	87	1280	720	True	95
080e731f2f2f713d7bbcff9723ae0236	13790	В	34	79	720	1280	True	109
1bbbe73c1e0f67b949a6c8745221b1c3	21288	В	23	61	1280	720	True	69
082e44607bb6466aab9df41cfa16d5a7	27086	В	25	47	1920	1080	True	97
54457c986647cc801dffd6bec1429413	29229	В	38	85	1920	1080	True	169
c52cd2557e8072d55803bcba4b36e9d8	21271	В	69	124	1280	720	True	171
77ee4c70d599a082601c9e3746c60a55	27399	В	2	51	1920	1080	True	79
fb173c84-45ed-46c6-b018-1f500b333505	efc86825b9a40bcdcc9b54ab81aab3fe	В	13	58	1920	1080	True	65
0e839452-9dd4-4440-850c-19b4f872c3a8	40ad51b49892dca94b905eca8926568a	В	0	69	1920	1080	True	105
7d766681-2072-4883-aa57-e4d1ce76dd33	52003757d6b63a3ee7a71f36f5a9a17b	В	5	42	1920	1080	True	71
19e52f1a-edb2-4a2d-bb5c-a5008cb1865f	33b317c5a26046cafcd795a2fe4e919e	В	27	55	1080	1920	True	90
579a7e1d-a2f5-4932-9d8e-25099e525f05	4aef7889ad6cd118ce4dab1e3b998a01	В	2	33	1920	1080	True	71
eb565714-a903-478f-bdce-5c0f367efe0a	b4e852a75cacf8642412dfc05e2126a3	В	4	54	1920	1080	True	61
a7dcadd4-a3f1-44fe-a9e8-ff231f6d74ba	2d5120991a63d659f0eef6123f092100	В	18	65	1080	1920	True	93
9824d919-bf06-4531-b818-5391d8a3cbc3	0c3d5473fba13210722e53374b736416	В	19	58	1920	1080	True	100
ef0601ba-ac74-4fec-b963-31248b1e8940	49b45af05ac6192685bee4e29cdf1e48	В	34	71	1080	1920	True	106
4cb6ddc1-1690-49db-acbf-3ff8356ebee8	7faa41c4cf0a2602a23390de23574993	В	47	111	1080	1920	True	144
c6e787f7-66bd-49cc-85a0-162775e46c4b	53c3af7712ee8220b2faed1a55a82eca	В	11	47	1080	1920	True	71
728363ba-382b-4acb-968b-7b12509a49a6	3cf00ecfe200a3990d42c6464286d6fb	В	36	95	1920	1080	True	152
d5b7c72b-b58d-4322-ada0-2482c7759128	48bc83c415e12683f469d16027829654	В	19	55	1920	1080	True	99
0c7df2a2-e7ce-476d-bd82-ed35f4b217c2	b6dbf3d8d6ed9fb9283b687910f6e829	В	31	72	1920	1080	True	111
8a01800c-52c3-4bb1-976a-38ab10e48468	e4bd328bca8e6f51bd6f4f019692b666	В	21	69	1440	1440	True	97
66925434-68ac-4503-8a2c-44e12bc5cdf2	76aa633fcb2bec4e6b0852635a8af57c	В	11	63	1920	1080	True	105
b3f4ddeb-ae15-4a9e-8d7a-9a0b88f6c204	6ca843830e5d2608f5d486f02e37dad9	В	10	43	1920	1080	True	48
b60bed92-cd58-45a9-8f34-f9358d09f0a3	570c2405d58fe08bce66f55c42bc36b0	В	25	65	1080	1920	True	98
52c4de1c-9ae1-49b9-aa6d-b37160717922	4b8f634baac82dd96142fa1220b79759	В	13	50	1080	1920	True	83
74d134d9-7dc1-4042-a607-d1926ffc8723	324cdee3d2550397efb761d8fff48139	В	14	55	1920	1080	True	84
e29032c2-11dd-4c4a-8dab-0e218c8f48cf	04af3ba065bb7423e0685ebe180751c1	В	18	59	1920	1440	True	67
4ecc5daa-4693-4512-a517-6c422b634731	3ef4548431002f9f8fd7f39987be22c1	В	24	66	1920	1080	True	100
c84cc1ce-e0ac-4d14-9930-08365a152a75	7c0fb4e90495815f55cb0deb35cbc95e	В	11	46	1920	1080	True	87
6ab95dec-79ce-431f-ab69-911255cdc270	86ec735f573ae6c36a9dbf9e5bfd4eaf	В	57	107	1920	1080	True	177
62186d7a-4389-4524-b0da-719c3a60b2dc	95d5ca4d8706b85bfe8447cc7e83c86a	В	15	64	1920	822	False	104
cf4ede90-3e93-4041-8685-b678db2fb09b	bd4e2755d88d8d835a07df3c78cdfc3c	В	7	38	1920	1080	True	67
637c386b-e34b-4eed-86b9-ae6290a2df44	e97c55b450c4b2ae48a165e349f0f3eb	В	53	97	1920	1080	True	164
3ab6f92b-e2d8-4e61-86da-a19ecf0ce661	0f7aee11724db9ef1f9df422f7443e28	В	37	74	1920	1080	True	164
5beddc3d-f4c5-4d5f-91e9-f729a34703e8	b34ac47997680835ece485b13845fefd	В	7	57	1920	1080	True	87
78cc5e3a-d80d-4176-8e90-3a8d7b8bf79a	bd6e2ad7ab53ceb7b8de9a1842844071	В	38	83	1920	1080	True	134
626c7748-cecb-4855-b253-d400465dabba	b56726d7b447d88e526f7da2e9e0e520	В	26	76	1920	1080	True	98
2ef17cc9-a460-4879-91c2-3d3d1783d3bd	7c989fdb633be7453228f7c650097205	В	28	66	1920	1080	True	87
a3c177c4-a0ab-48b4-bbd3-a67c33117148	83624345fa124849e833a8664f21f3ea	В	21	64	1920	1080	True	93
3ca2f120-15d0-44b5-8143-694b950a2ae7	6753ca229e01b1c71053cb265fd93013	В	30	98	1440	1080	True	130
1c381d63-3659-49f0-a6af-15fe0646623e	a8a635e6eaa8edb003c5a2b1cef789b5	В	19	53	1440	1440	True	96
31acd699-d92d-4b46-99e9-59cb69f422f0	cba981340353ec309f352b09a3ada196	В	43	100	1920	1080	True	216
12985333-d4a5-41f4-841f-787b3794048c	ff169f3bbab458308b88188be3657125	В	11	70	1920	1080	True	142
1ed7e378-3a85-449c-b611-d5bb865bbc0d	adfe9c8ea85db4e65f36572669cbfed5	В	4	61	1920	1080	True	121
7f608219-9bed-4c0e-8345-3f9b88552b6c	0089d92a5ca862773a296198e7eb7856	В	27	65	1920	1080	True	95
7fe2e72d-2d9c-4c27-8b88-b11d2565d464	28d653d3548e4508aaa6acbb5dfbeb64	В	69	103	1920	1080	True	160
502dd4ac-b376-4b68-ad3d-ff982911527f	ab460ff83e8c5b13a705a9e2081023c2	В	15	54	1920	1080	True	98
02208d5d77757052f72d02e439def914	29674	В	11	51	1920	1080	True	72
7a378095ed063e64f6d49e964ab2b257	29751	В	29	76	1920	1080	True	110
13eb52b4e49f5b948b2e81ed10ebf3b2	21710	В	17	68	1920	1080	False	106
a76a78b2-4546-48bf-a77a-a4bb9dd26220	9a0784a99ea13a8b06cb103c2c8c7f0f	Г	26	65	1920	1080	True	73
b2278742-7685-43f9-823e-e957d9862b66	185bd3a81d9d618518d10abebf0d17a8	Г	30	130	1920	1080	False	168
5cc93e00-3d85-45d8-b1ea-df2ce3fe374b	46dd04a1caa75ed3082b573cb5a3ad26	Г	15	62	1920	1080	False	102
88ea78e4-1bc5-48fa-88bd-d2a643c3dbef	1860c7f3605089bf0eff0c4e72c7add4	Г	34	86	1440	1440	True	123
b31f3f48-3b3e-4938-bd7c-a294686bbc92	95af8e702c909eee7145c6dc1a3d756b	Г	0	50	1280	720	False	58
7804f4a2-5eb8-4924-b554-a06d42bd9d56	db573f94204e56e0cf3fc2ea000e5bdc	Г	3	53	1280	720	False	98
80ae9a69-ea93-41fe-bbea-ec6ebc45d8b1	fc6e5caa3dc328e7558b072e6607e399	Г	10	44	1920	1080	False	61
26391770-6239-4c9f-93d5-19be1058980f	a95892dae1d320bd8b08cbca6a127cd8	Г	13	46	1080	1920	False	67
a445a9f7-0027-4307-a81c-6e7e06081dde	0211b488644476dd0fec656ccb9b74fc	Г	29	71	1080	1920	False	120
887b8890-8b2b-4490-9073-54e58e29996f	0ab4f8e463cdded2e59d6001f4e1b487	Г	6	42	1080	1920	False	63
99dfb83e-ca88-42df-a6a7-718e31c179cc	9f9b13d8e63bd774b4ad1bd14f56147d	Г	9	59	720	1280	False	81
972b4959-1864-4d43-819d-52391e9b9b3d	0041ec866777f12c384b64d8cd636277	Г	14	62	1920	1080	False	97
7f71d47a-2381-4881-8301-96ddb7f559b9	b07a773bcb10b4f14f33d2b0e8ec58ba	Г	35	71	720	1280	False	125
f063c50d-eb2d-483c-90b9-b714c93ebc92	f5b82a9c82f6d870ec253e4c3fa96d83	Г	6	46	1920	1080	False	104
5fdee528-19fa-4a07-b05e-31f69f448e99	50334f2a79561498829a34a2c90984b1	Г	48	122	1920	1080	False	223
ced73815-b4d1-451d-bd9c-cf97a889d1e3	0df9d6e419cb18069e696edaa170ba87	Г	30	71	1920	864	True	140
b64138c9-8f16-48f8-a76e-8d34b95b0b24	4299b8ccf39ace57287b463fbe4a489b	Г	27	68	1920	960	True	99
765f62d7-3eb7-45ba-9879-c5a1762e500a	2d84da20c251acaeb3186642fcb04f2e	Г	4	43	1920	1080	False	63
4918f7b2-a129-4afc-a6f1-245f2e4a0173	12c7911f38c7113ce13c71dbd785ce22	Г	6	45	1920	1080	True	77
e1aa1f08-be60-49e0-a555-388f5cc39c86	4d26ad833542291c50de9ce88fb4f64a	Г	9	84	1920	1080	False	137
6fe5b14e-aa13-45dd-8035-3d1ab5b096c6	87fe0712fdd150ecc8d02cbbb2e047d6	Г	20	99	1280	720	True	101
99760140-eec3-4857-9710-019c67fec84b	63db05b188249dbd9ce7cc98fe205e1f	Г	52	119	1920	1080	True	185
3a617512-a0d9-4e44-bfa2-4f1a8b370688	b4e852a75cacf8642412dfc05e2126a3	Г	1	40	1920	1080	True	63
23110f34-1501-49f7-a1b8-aa8335d780a4	feea6c22175f962ab28452f7314d1bc0	Г	26	67	720	1280	True	84
ff88ae1d-e516-4978-b2dd-8b8cf3abdd3c	52003757d6b63a3ee7a71f36f5a9a17b	Г	10	86	1920	1080	True	123
0ae8cb87-adc7-4bb7-b702-384ef24faa04	76aa633fcb2bec4e6b0852635a8af57c	Г	12	65	1920	1080	True	104
fa103a01-1365-4ac4-bcd3-1ac4c10bc9be	3ef4548431002f9f8fd7f39987be22c1	Г	12	48	1920	1080	True	77
f1de9bc3-33bb-4598-89e8-5687d760fcd5	fb1007e5ffe149cc08bccaf8eda2ce31	Г	21	59	1280	720	True	128
927c0ff0-89bf-46c2-8cb5-e06617065541	ab460ff83e8c5b13a705a9e2081023c2	Г	2	46	1920	880	True	86
cf67bf84-ae77-4dab-bd25-2fb1d7b73a91	f2dc6eab563f93d86629c1cfe479f09d	Г	20	53	1440	1440	True	82
a9af303d-9b41-491a-a6c4-4262f21ec68f	3cf00ecfe200a3990d42c6464286d6fb	Г	46	99	1920	1080	True	150
f3ebc9ec-0928-4c04-9b6d-3836866cabef	33b317c5a26046cafcd795a2fe4e919e	Г	20	53	1080	1920	True	100
20bc9e39-d731-45d6-b2d1-42933f4fa4b7	48bc83c415e12683f469d16027829654	Г	21	65	1920	1080	True	105
f70191bd-c4c2-48cf-80fa-ab3dce8f4a68	81c0cdc37caa67e7ddf8e06c0a4443c8	Г	37	125	1920	880	True	172
873b8682-0eb4-422c-bdf5-2014ceabeaff	49b45af05ac6192685bee4e29cdf1e48	Г	23	62	1080	1920	True	103
7c7bca39-288f-4cb8-b05a-d56cf33e37aa	0c3d5473fba13210722e53374b736416	Г	17	60	1280	720	True	102
6cbb037d-3d0f-49d7-8acb-976ebb678782	a85134b72f825ac9569e44e9ae53b128	Г	19	61	1920	1080	True	93
63a5e074-4b0f-47bb-a69e-44a20d44c04c	8c34c33a92e42220b2e080bdb388d532	Г	14	46	1920	1080	True	73
3334ce13-2ef1-488a-82ec-174b02ccba85	27032346b8d1e263473c0451843a8a6a	Г	18	70	1080	1920	True	96
5a305729-7a00-47d2-a3b2-8b9d7499aad8	362b7038ed4bd4b527fce434f14d2aaf	Г	22	61	1920	1080	True	103
f079caa5-5567-443b-b83c-81e5e5e5a6da	6520ea9b92b24339fb538be29b315e0b	Г	17	55	1920	1080	True	78
5a5b7049-d235-43ff-96a6-199550b2440e	1cdaed3814fe5a4bfa9baa5d3f94ecc4	Г	54	83	1080	1920	False	118
e3264938-6ee2-48a5-bff5-d6f87ee01128	23f5ca29e3183e356572642263a836ac	Г	7	47	720	1280	True	77
8c19c0fe-23fe-4a79-879f-f33d15f6c7e6	b6bc47e76a066769495f3a22455713b5	Г	11	51	1280	720	True	84
afb88757-5b52-4093-a95e-fa6dc0f2d5a4	c8f885a4da648650dbecffbb38258989	Г	23	70	1920	1080	True	125
bfa4beed-33a7-48ff-8f64-2b8df0e9e65f	d5a3d6c977e8ce1cd3a4eac0908d4d7d	Г	16	86	1920	1080	True	137
861f1ce3-efaf-4f80-ba02-5458f23e49da	138356c62cb9cd6168ec85fd31dbb1de	Г	42	96	1920	1080	True	126
d334607f-24cd-4f99-abc9-09b7da67e648	2916c8f459bac1870fe3897d0340b148	Г	15	56	720	1280	True	93
af7700f5-4c05-476a-b70d-2c531d23b803	a050ef5cb26b9d7f2ccdbedd1411ffa9	Г	30	69	1280	720	True	111
e904b479-d5b6-4519-b90c-22a19009ada2	2fa7bff4283637452ca0e2575a1815be	Г	6	42	1920	1080	True	89
b9b6d3c1-ac81-4714-b932-a96b9dcafe15	b6dbf3d8d6ed9fb9283b687910f6e829	Г	19	63	1920	1080	True	89
d5afcc14-361f-4461-8b1f-41477a357311	a8dc3ffc818b23319cea1757602ad8e8	Г	29	73	1280	720	True	110
8efdc3d5-d961-4ab8-a88f-e2025190f2de	5cfa6de910fe7b0af5f422d0df9f06d5	Г	31	73	1920	1080	False	127
ad65ab59-eb6f-4020-acae-48a96f1ebf53	28f7e6734615f41bc0366dee5c563f09	Г	25	82	720	1280	True	105
24fe03a7-72c1-4ace-a49f-cc25efd6784f	0f7aee11724db9ef1f9df422f7443e28	Г	39	87	1920	1080	True	157
3ec8d0f7-b8f5-417e-8fcd-df5d4cb6355d	32f4bb8542738fa1980831515d2949ea	Г	18	65	1920	1080	True	95
db807939-5f66-4eab-967b-ccfe6c42c597	bd4e2755d88d8d835a07df3c78cdfc3c	Г	13	50	1920	1080	True	82
a41cbeb213cce5c2e96796240f715217	27901	Г	26	79	1920	1080	True	126
b7dca51b6b35ff2f98585064bc629b27	29585	Г	1	38	1920	1080	True	65
3e61994a6a532da8fadbdffd2ca27fc7	28593	Г	28	77	1280	720	True	105
bd6ae5fe2d8e4a52472fc4cc84b7671c	29751	Г	1	49	1920	1080	True	78
c9f1b37a81111f047e4711d78f3b48eb	27658	Г	52	116	1920	1080	False	149
85d5c1cb41c35127080754a3846c6480	29970	Г	13	52	1920	1080	True	79
83f1865cb9ffdcc72cc2940812695078	23309	Г	25	62	1280	720	True	63
cde3c570d51dad3e0d2d0ef96b1f391d	13790	Г	42	77	1280	720	True	111
c8d2189a6499b293664f7c8000c13cb9	21759	Г	32	83	1920	1080	True	141
ff106d94e460bc04caf0293a47c98427	29318	Г	34	90	1280	720	True	124
1735fdabebecfbb7db958e1224dd1836	29898	Г	22	63	720	960	True	64
af9308dd32d8d418503507db6972b2c2	21288	Г	0	51	1280	720	True	51
6f4b53b8589da2f22f596cd450a14db5	29673	Г	39	88	1920	1080	True	147
d7c3b963a24d26344ba47b2ed755e28f	27086	Г	17	53	1920	1080	True	90
ffe3243a25d07793137788b11c011e98	29762	Г	23	95	1280	720	True	124
a0ac0f45d6925334c291570dc7241f2c	29229	Г	42	109	1920	1080	True	192
51f94982551f4e58a5888b0dd47fe57e	21271	Г	64	126	1280	720	True	169
2c7ce50fa5c99641d8cc3e9e109d8d89	27399	Г	9	66	1920	1080	True	101
10fcca91-c76c-423b-9846-25e7fc5ddae4	c3bc70b01dcc8b515891a4d097719b0f	Г	88	146	1920	1080	True	203
20b2caa4-632d-4cf6-8af3-6aff58898e79	66fa4ac3cee2c7216ab45480a7486c76	Г	42	76	1920	1080	True	118
057f139b-7ea1-4b62-8f1d-40354c19c95a	efc86825b9a40bcdcc9b54ab81aab3fe	Г	13	56	1920	1080	True	57
cab0185a-100f-4df7-adc3-4093fb92093d	4aef7889ad6cd118ce4dab1e3b998a01	Г	4	40	1920	1080	True	78
32e63701-b2e3-4699-b19e-6bb6f0365e2d	2d5120991a63d659f0eef6123f092100	Г	21	63	1920	1080	True	105
7e691a29-0c2c-4c81-9281-2eb8b786b07c	7faa41c4cf0a2602a23390de23574993	Г	49	101	1080	1920	True	150
98ca9ce4-0ea9-4178-ad59-1804d96889c5	53c3af7712ee8220b2faed1a55a82eca	Г	12	43	1080	1920	True	89
59e9dc43-33bd-4ac0-9660-6d2b82adc7f3	194612f32f5297e4699c2c0beb9b336a	Г	34	71	1920	1080	True	126
4efb4afd-f39c-4dfc-9403-625d719a098a	e4bd328bca8e6f51bd6f4f019692b666	Г	28	66	1440	1440	True	98
d587ce79-734a-4055-bc57-48f1a7cbd0f8	6ca843830e5d2608f5d486f02e37dad9	Г	8	40	1920	1080	True	50
bda0d73e-0cf7-40c4-9a40-735651268e62	570c2405d58fe08bce66f55c42bc36b0	Г	17	63	1080	1920	True	94
1b58a7ba-a678-4a3a-8708-2111d6ae1ba0	d6349cdcc76fc803d1a544fe2c18f298	Г	42	103	1920	1080	True	171
d8485bb5-9835-435b-a44b-0d81aa7d60ba	04af3ba065bb7423e0685ebe180751c1	Г	38	63	1920	1440	True	88
22d088fd-cc6f-4b39-b454-9371ce6f9e99	3018b64d2c938f5b6a0826dfdf486f2c	Г	29	58	1920	1080	True	128
ad16d31d-05b6-4cc1-aae5-a35f612d0836	aa12bfdceb971561727e86d34aff35ac	Г	17	62	1920	1080	True	111
65a58089-6897-4257-8c02-cccb50f775a6	4b8f634baac82dd96142fa1220b79759	Г	15	59	1920	1080	True	99
54123c41-ee38-437c-adcc-89e07d69d21b	324cdee3d2550397efb761d8fff48139	Г	13	73	1920	1080	True	100
964c1215-45b7-414a-bca7-e3405d8d63c2	c80b4e57f158f28299b2a89694c42329	Г	19	75	1920	1080	True	126
f776c1ad-ab30-4e60-9464-520ce7c7d69e	55ac05bf18204955c640591070dd1118	Г	20	48	1920	1128	True	76
be2d57f4-c412-451f-a02a-23e676680c63	7c0fb4e90495815f55cb0deb35cbc95e	Г	14	41	1920	1080	True	75
5479b1fe-dc76-4008-982d-aec8ab7cc82f	f3cf3f9bb709ce2bee3da304a4ccb427	Г	26	56	1920	1080	True	154
8fab671a-e898-4a82-bdaf-d8488f06c646	95d5ca4d8706b85bfe8447cc7e83c86a	Г	2	44	1920	822	False	106
448970e5-6dd6-4e6b-9e30-8315bb76dd21	86ec735f573ae6c36a9dbf9e5bfd4eaf	Г	40	90	1920	1080	True	155
65103859-121b-4a6a-bc3b-4963a8f88f74	b34ac47997680835ece485b13845fefd	Г	22	61	1920	1080	True	94
da007a87-9f48-4525-8430-2ac9c1cef9a4	b56726d7b447d88e526f7da2e9e0e520	Г	8	41	1920	1080	True	54
b5116a35-7d24-4962-8795-4da85fbd03dd	630a57fb2f40debe5a2c782349c9a26f	Г	23	68	1920	1080	True	112
2dedf483-72b8-4037-8197-77881eaf8722	9a2c7d5a1fb72ad258ab16abf6ae9147	Г	31	92	1920	1080	True	193
6907d8ec-4276-4263-832c-0e8d4cd6d23a	a8a635e6eaa8edb003c5a2b1cef789b5	Г	21	55	1440	1440	True	91
7ba55a1a-e2c6-4195-b2ca-cb9147192fdc	ff169f3bbab458308b88188be3657125	Г	12	56	1920	1080	True	148
8984289e-571b-4d5b-801e-bdd4492fcc1f	adfe9c8ea85db4e65f36572669cbfed5	Г	29	99	1920	1080	True	144
5fc060d7-2e8c-4d7b-b7cc-afeb61bf3aa6	28d653d3548e4508aaa6acbb5dfbeb64	Г	73	111	1920	1080	True	167
437a7683-e744-4e96-9f36-00f82cc32832	0089d92a5ca862773a296198e7eb7856	Г	26	62	1080	1920	True	100
d9e25e34d64d9b8fcfbdb9bcd0197862	29674	Г	7	38	1920	1080	True	59
5fc26896b35047a445bef67eb0acc6c6	21710	Г	25	81	1920	1080	False	118
21e63b4c-1142-4c8b-b907-cbd15564c5d8	ca6b767f0cccf093ba737ae2fc4fec3d	Д	12	68	1920	1080	True	85
a953df3d-0a98-4392-bedc-092eda9c680f	a95892dae1d320bd8b08cbca6a127cd8	Д	3	44	1080	1920	False	57
2225775d-2fb2-4e3b-be84-b3679dc1a4fb	185bd3a81d9d618518d10abebf0d17a8	Д	35	101	1920	1080	False	139
25fa98a8-94db-443a-a6b8-4477bcfeba6c	9a0784a99ea13a8b06cb103c2c8c7f0f	Д	45	84	1920	1080	True	87
1834eaf8-e9a6-4011-8e21-b6f0bd1728b1	0ab4f8e463cdded2e59d6001f4e1b487	Д	18	73	1080	1920	False	94
c2161a5f-5b07-4af0-8097-f306938967e9	46dd04a1caa75ed3082b573cb5a3ad26	Д	11	63	1920	1080	False	93
1d314c3d-b5de-4562-9d1f-29c900aa4cc9	fc6e5caa3dc328e7558b072e6607e399	Д	13	54	1920	1080	False	72
d74d68a6-90ee-48a1-a5b1-c637fbe7adf4	1860c7f3605089bf0eff0c4e72c7add4	Д	9	72	1440	1440	True	95
cfa01e70-f882-4c42-b5c2-1d7fe0316b4f	95af8e702c909eee7145c6dc1a3d756b	Д	0	62	1280	720	False	63
080a7c4b-48e3-4355-b065-791808a7dff5	db573f94204e56e0cf3fc2ea000e5bdc	Д	2	48	1280	720	False	92
321b8e58-6fd5-4759-96d2-b80b303797ba	50334f2a79561498829a34a2c90984b1	Д	46	116	1920	1080	False	232
5af41d9b-c1da-48bb-8cad-eee759920b0c	0211b488644476dd0fec656ccb9b74fc	Д	32	90	1080	1920	False	121
c4dc3554-dfac-4fdf-85e6-0f02bd91596f	9f9b13d8e63bd774b4ad1bd14f56147d	Д	13	55	720	1280	False	81
650b15a9-1f47-4f97-a298-3ded69e5de62	2d84da20c251acaeb3186642fcb04f2e	Д	26	71	1920	1080	False	123
1b209b07-3287-4910-8d31-c4dbe0ff0d81	13c4baf863bfb1aa4ac638650e508d3b	Д	13	70	1080	1920	True	75
838e1654-0677-4730-8859-26332d7a8a16	ba230d5b794c9a7350356eddd3e9929c	Д	3	45	1920	960	True	46
9f959458-cdaa-4bc4-bed3-c8c36859b9e6	f5b82a9c82f6d870ec253e4c3fa96d83	Д	54	132	1920	1080	False	169
cafcbbc7-25fe-476a-a1e4-a70273987e1f	0041ec866777f12c384b64d8cd636277	Д	11	75	1920	1080	False	114
13882d04-6089-4ebf-b43a-3d692367dcff	b07a773bcb10b4f14f33d2b0e8ec58ba	Д	50	121	720	1280	False	165
a5f45f19-e868-4d5a-ad83-cc85facab365	0df9d6e419cb18069e696edaa170ba87	Д	36	81	1920	864	True	144
b3df3ea7-d2b9-42fb-9f81-99c852bf47e3	4299b8ccf39ace57287b463fbe4a489b	Д	25	68	1920	960	True	98
b8ed6a07-9643-4468-93e8-d4e17c67e9c7	12c7911f38c7113ce13c71dbd785ce22	Д	13	46	1920	1080	True	81
38cd1387-c171-47cf-9a11-3309c659c86a	f2dc6eab563f93d86629c1cfe479f09d	Д	11	44	1440	1440	True	55
4e6f3c46-be8a-4b68-b734-55d2d7669a46	4d26ad833542291c50de9ce88fb4f64a	Д	11	64	1920	1080	False	132
b0f21853-d6af-45f4-83f0-a6c722edddd1	87fe0712fdd150ecc8d02cbbb2e047d6	Д	6	91	1280	720	True	93
d283e6e4-62bb-4f88-9589-d248da8b26f4	68f27043789bb049757486b0ed1cbaab	Д	55	104	720	1280	True	116
2d990717-14ee-4f69-9aa7-d52b8971929d	63db05b188249dbd9ce7cc98fe205e1f	Д	56	104	1920	1080	True	192
0bd0c3d7-ee65-4ecb-8a48-f0ecf06db980	0ceb69ca37aa3e44528c7ce03c329479	Д	70	119	1920	1080	True	187
dbd1c150-cc0e-4e4f-a1c3-4372634daef4	b4e852a75cacf8642412dfc05e2126a3	Д	14	55	1920	1080	True	82
fccabd72-daf5-4693-931a-f2c0f8c0ef7d	feea6c22175f962ab28452f7314d1bc0	Д	26	80	720	1280	True	114
5f38c22f-e525-4d2f-be50-3e768ff9302f	324cdee3d2550397efb761d8fff48139	Д	12	73	1920	1080	True	105
f7a16aed-d263-4cd2-b7c4-f6bdde70ab6a	52003757d6b63a3ee7a71f36f5a9a17b	Д	3	73	1920	1080	True	107
70b4cc03-44ad-4c68-96d8-79971b9f2f84	76aa633fcb2bec4e6b0852635a8af57c	Д	15	80	1920	1080	True	119
60564c57-28b8-4ab8-ba5f-3aa16f3d9a3d	4aef7889ad6cd118ce4dab1e3b998a01	Д	0	42	1920	1080	True	67
860d05dd-ce93-4859-845e-d440cff1644b	aa12bfdceb971561727e86d34aff35ac	Д	6	48	1920	1080	True	81
ce5baaac-0e3b-46da-a2fc-d26221d72366	ab460ff83e8c5b13a705a9e2081023c2	Д	0	48	1920	880	True	84
a9f982fa-bc49-49e7-a45c-4722d09ce78b	3ef4548431002f9f8fd7f39987be22c1	Д	14	74	1920	1080	True	109
19a8d4dd-b663-43ac-b6a0-38dc82c7ca86	fb1007e5ffe149cc08bccaf8eda2ce31	Д	28	78	1280	720	True	162
5cf1e9b2-28ce-4157-889f-a566ef46326e	3cf00ecfe200a3990d42c6464286d6fb	Д	39	92	1920	1080	True	153
eaa53317-56be-4b74-9593-3a0543c56088	d5a3d6c977e8ce1cd3a4eac0908d4d7d	Д	7	68	1920	1080	True	111
8cc8c966-430a-4c47-95bb-6227d78c8e56	33b317c5a26046cafcd795a2fe4e919e	Д	33	69	1080	1920	True	116
1eaec123-889f-4230-90ba-12e7eed3dfd9	a8dc3ffc818b23319cea1757602ad8e8	Д	11	68	1280	720	True	99
bb1558fd-a1f5-4b28-8444-3c155d364bd2	32f4bb8542738fa1980831515d2949ea	Д	13	80	1920	1080	True	114
8c37e231-44df-4e47-850c-8913ce9f21bf	27032346b8d1e263473c0451843a8a6a	Д	32	75	1920	1080	True	102
f95fc3c9-1e5a-4edb-b951-4b9ba617ecc5	0c954cec2fd8884fff2ceeb41bd1b89d	Д	22	54	888	828	True	61
d6a3eb80-132f-421e-83ee-f5b305177266	0c3d5473fba13210722e53374b736416	Д	9	72	1280	720	True	100
8e7da4f2-b2e9-4b64-ad23-2eb608e91b46	dc96b1d1a840878c4ad209500dea570b	Д	22	84	1920	920	True	140
021981ae-07b2-4c05-bb7a-f692e9a578d1	a85134b72f825ac9569e44e9ae53b128	Д	21	89	1920	1080	True	124
7ebb6352-a290-48c5-a848-5a4e7ad11da1	bd4e2755d88d8d835a07df3c78cdfc3c	Д	19	69	1920	1080	True	113
b18ad5df-bf60-4fb8-91c1-9d4bc841bbcd	8c34c33a92e42220b2e080bdb388d532	Д	21	58	1920	1080	True	91
6ff83e76-546e-4658-8d4e-09c12ba19bc0	b34ac47997680835ece485b13845fefd	Д	22	70	1920	1080	True	109
5adff9b7-55e2-4e91-8937-c40b5a9e317c	a8b89f85a363edca5d0cfa080065f2d6	Д	8	53	1920	1080	True	64
22d4a3fa-49e2-4611-b68a-ae24d0482296	0f7aee11724db9ef1f9df422f7443e28	Д	12	59	1920	1080	True	97
da9b1380-df34-4d3b-b5d4-ee0586a18347	138356c62cb9cd6168ec85fd31dbb1de	Д	24	92	1920	1080	True	133
26e3fa89-e5c7-48a6-9bf3-b0b4b84839c5	5157e3a35e682f9dfdf638bc6b73a319	Д	18	69	720	1280	True	106
a58e7954-a9fa-4103-b53c-560270f938a1	362b7038ed4bd4b527fce434f14d2aaf	Д	19	76	1920	1080	True	141
8e4600e9-aa11-4ad6-9472-30717f244eec	2916c8f459bac1870fe3897d0340b148	Д	32	103	720	1280	True	146
d7e074a53de62ecd0b50accca66dab7c	28593	Д	33	89	1280	720	True	107
4b1678bc57090a6910452edd0d04e336	29229	Д	31	136	1920	1080	True	185
893817bd269348386da6df5f7a902e0e	30009	Д	47	93	1280	720	True	172
991c5e9a1556da6209c363ffcc56745c	24438	Д	28	90	1280	720	True	188
df30233d5212932e8ce2b87e581b6af3	27658	Д	74	145	1920	1080	False	194
2c6fecfbd5d5efa13af31df701de085d	30057	Д	2	63	1920	1080	True	98
fa2c7c8ad5e5294f01c2127d28dc076e	23309	Д	18	68	1280	720	True	69
9bdc7e3b9ab0a7ea6eb83a88ff3bfb85	21759	Д	21	80	1920	1080	True	120
e1b9499fbc7c9ff66e445208e01548d9	29318	Д	48	109	1280	720	True	136
7efd8b6c90daee20dfeb9cb0a5dbcbbd	29673	Д	42	90	1920	1080	True	210
8e1b2b005269abec472626572dfee25d	29898	Д	30	85	720	960	True	103
e1b727e826865fa0465afdfa1cec996e	29970	Д	13	49	1920	1080	True	79
b02d8f48b2abce0a2a13d9a24f0f10c5	21288	Д	17	99	1280	720	True	102
6f210898bc842be043e99baf63574e49	27086	Д	8	41	1920	1080	True	91
665a5952d9fe736438cc9c6859276813	27399	Д	10	60	1920	1080	True	85
d0cecddf-4f57-4f2c-98c9-37d6322ab8bd	efc86825b9a40bcdcc9b54ab81aab3fe	Д	14	61	1920	1080	True	65
c7f12587-84a0-4240-9ca1-4fb9bff0aed2	2d5120991a63d659f0eef6123f092100	Д	34	72	1080	1920	True	111
4208be73-28ce-45b7-b8db-836cbcab55bb	49b45af05ac6192685bee4e29cdf1e48	Д	18	60	1080	1920	True	108
0f137be3-9af5-4139-acb6-85e4ea5bc9de	53c3af7712ee8220b2faed1a55a82eca	Д	13	60	1080	1920	True	83
e589c03e-2340-41c0-ba09-5e8adb61a880	48bc83c415e12683f469d16027829654	Д	17	62	1920	1080	True	106
60395837-ea0e-4ac2-b4bd-0b5dd4e9ef09	b6dbf3d8d6ed9fb9283b687910f6e829	Д	13	70	1920	1080	True	102
7ff511d7-9969-4051-b101-797fb11d4cf1	e4bd328bca8e6f51bd6f4f019692b666	Д	31	74	1440	1440	True	115
c7f2aa6b-a868-4412-af45-f45131602c4e	d6349cdcc76fc803d1a544fe2c18f298	Д	49	90	1920	1080	True	162
40257087-f006-4bfe-acfd-897d687b13a5	570c2405d58fe08bce66f55c42bc36b0	Д	14	70	1080	1920	True	94
fba25ac8-4ab6-4633-9d72-498770d5b098	04af3ba065bb7423e0685ebe180751c1	Д	23	77	1920	1440	True	89
46e73481-dd59-4474-9188-7f49e06999c8	4b8f634baac82dd96142fa1220b79759	Д	12	58	1080	1920	True	95
1f337352-3f23-4ba6-9edb-f6e33f8615ba	e9df86cd8713f2fa9f2077a2197c7136	Д	32	77	1920	1080	True	178
40dda75c-95a1-4530-901c-ebc3081a2cbb	5cfa6de910fe7b0af5f422d0df9f06d5	Д	19	59	1920	1080	False	96
f2e7f39a-b79a-4a11-8a42-24a64a61fa65	7c0fb4e90495815f55cb0deb35cbc95e	Д	7	47	1920	1080	True	75
4f1c1c97-7451-4e32-9e2c-7949f2c1f7c5	1cdaed3814fe5a4bfa9baa5d3f94ecc4	Д	34	78	1920	1080	False	112
5e3af681-059f-4897-80ff-7f2498be5329	f3cf3f9bb709ce2bee3da304a4ccb427	Д	27	65	1920	1080	True	143
3098ddef-c2ad-43d8-82f6-8fe8114fd9e0	95d5ca4d8706b85bfe8447cc7e83c86a	Д	6	39	1920	822	False	83
d63fe72e-0e74-4fae-acf0-6e363090ec61	6520ea9b92b24339fb538be29b315e0b	Д	20	54	1920	1080	True	83
7c2d011a-0f46-418d-a552-c3389c1a818f	86ec735f573ae6c36a9dbf9e5bfd4eaf	Д	51	123	1920	1080	True	195
2bc4dd41-2cc7-49ed-b44d-f1f6af45a579	c2f39049d2c1d9527683ed47b4fb6ad7	Д	1	38	1920	1080	True	47
397d80c9-bffe-4074-af59-3ef0055054f0	bd6e2ad7ab53ceb7b8de9a1842844071	Д	30	78	1920	1080	True	128
e2ab548e-e8c9-47f0-8446-af13d478ee5b	7faa41c4cf0a2602a23390de23574993	Д	89	171	1080	1920	True	255
a4825e1c-a785-4ca2-863e-9dac8c8823e9	a8a635e6eaa8edb003c5a2b1cef789b5	Д	28	73	1440	1440	True	118
21971ac8-ab89-48af-a437-5798991053ef	adfe9c8ea85db4e65f36572669cbfed5	Д	3	46	1920	1080	True	98
ababb5a7-b9fd-49cc-840c-ffe8dbd85fda	3018b64d2c938f5b6a0826dfdf486f2c	Д	41	110	1920	1080	True	181
65facd7d07b7d46b231e28ac4cb86cec	29674	Д	18	53	1920	1080	True	72
30f26fde450147733fb60f5324af7cd4	29751	Д	19	80	1920	1080	True	120
11e1e52468d87aef7d39495ff8c8ddbb	21710	Д	18	75	1920	1080	False	107
acbfaab47c88f8b85f15439c5cfc105d	29585	Д	6	77	1920	1080	True	104
ab63bff8-e8b9-4ae9-b815-610954439b48	a95892dae1d320bd8b08cbca6a127cd8	Е	17	49	1080	1920	False	56
4e9ae697-abd0-4390-83b8-078adb5e93cb	9a0784a99ea13a8b06cb103c2c8c7f0f	Е	31	86	1920	1080	True	87
e3add916-c708-4339-ad98-7e2740be29e9	185bd3a81d9d618518d10abebf0d17a8	Е	43	107	1920	1080	False	144
c7a6e5de-7cf7-4d60-bb69-33a87ee097b0	ca6b767f0cccf093ba737ae2fc4fec3d	Е	9	71	1920	1080	True	85
3ee50df3-753a-4728-9d95-b7e040ad7afd	0ab4f8e463cdded2e59d6001f4e1b487	Е	6	64	1080	1920	False	83
dcd76258-4e88-48b3-a129-a71606d5c40a	1860c7f3605089bf0eff0c4e72c7add4	Е	39	108	1440	1440	True	137
b13953b2-12fd-4bbf-9950-e96c5d8678eb	fc6e5caa3dc328e7558b072e6607e399	Е	14	66	1920	1080	False	84
fe6591da-0698-4e79-83e9-a91ce981571f	46dd04a1caa75ed3082b573cb5a3ad26	Е	18	65	1920	1080	False	101
d3df2178-7632-40c2-96bf-af9430a993f8	95af8e702c909eee7145c6dc1a3d756b	Е	7	59	1280	720	False	75
b5e4d436-d6c3-4fa0-a1de-3768d05d215e	db573f94204e56e0cf3fc2ea000e5bdc	Е	0	55	1280	720	False	96
298d8d03-b370-4fe3-ac24-7c882878196a	0211b488644476dd0fec656ccb9b74fc	Е	12	50	1920	1080	False	77
5178bf5f-6519-4059-bb27-5270470a3999	50334f2a79561498829a34a2c90984b1	Е	64	129	1920	1080	False	223
6ca46e3f-d809-4735-9ff0-e6582035643a	d2b4042ec6d8505a41b809e64d5adb7c	Е	41	67	1920	1080	True	75
887878e7-1ba4-4dd0-ad73-010943a3af57	9f9b13d8e63bd774b4ad1bd14f56147d	Е	10	50	720	1280	False	86
47279c8f-e6eb-4122-a446-3fc9e15b5686	2d84da20c251acaeb3186642fcb04f2e	Е	35	82	1920	1080	False	122
3b29fec6-8b21-48ac-8637-4e3272f7b6f0	ba230d5b794c9a7350356eddd3e9929c	Е	23	88	1920	960	True	92
a7ffda9e-87ba-47bd-b4b8-3ad896f9ef96	0041ec866777f12c384b64d8cd636277	Е	8	50	1920	1080	False	79
b63d4098-59aa-4dc6-9e7a-479c9f56aa0a	b07a773bcb10b4f14f33d2b0e8ec58ba	Е	0	63	720	1280	False	106
4c6cc890-65e4-4c43-959a-98c62a1c4a7e	f5b82a9c82f6d870ec253e4c3fa96d83	Е	19	73	1920	1080	False	114
f8135392-1001-485d-878b-2b7611bde2ba	4299b8ccf39ace57287b463fbe4a489b	Е	18	58	1920	960	True	81
a2be71a5-9082-470d-b390-f6d971dcf79b	0df9d6e419cb18069e696edaa170ba87	Е	34	78	1920	864	True	165
78f1190d-0205-4a0c-a606-6f8d9dc2fd6d	12c7911f38c7113ce13c71dbd785ce22	Е	14	59	1920	1080	True	79
53a2e5e9-70a3-4f27-998c-6b3091f82519	4d26ad833542291c50de9ce88fb4f64a	Е	24	72	1920	1080	False	150
3689b008-b621-4bff-8f1e-716f25f90d50	3dd2ce2659aada17b976390004ebe322	Е	2	50	1920	886	True	86
307662be-056c-4d9b-a4e4-5ffbbb897bfb	87fe0712fdd150ecc8d02cbbb2e047d6	Е	14	93	1280	720	True	94
2a236fec-9606-4dbf-adf5-7af14b1b7cf3	b4e852a75cacf8642412dfc05e2126a3	Е	2	35	1920	1080	True	59
99b81474-a6aa-41e5-917e-0bd854320398	feea6c22175f962ab28452f7314d1bc0	Е	49	85	720	1280	True	118
2385d200-fcb1-4ff3-92b3-9a6ae4b0b491	324cdee3d2550397efb761d8fff48139	Е	19	85	1920	1080	True	112
344a121c-142b-4764-b485-f8293524b09c	52003757d6b63a3ee7a71f36f5a9a17b	Е	1	86	1920	1080	True	115
55317fe7-f243-4664-ac5d-6bb41ce6f8fc	76aa633fcb2bec4e6b0852635a8af57c	Е	4	57	1920	1080	True	90
55d40168-9cea-4180-8dbd-4a3f5e497d7b	3ef4548431002f9f8fd7f39987be22c1	Е	18	55	1920	1080	True	89
3d4ca882-6927-4fbe-9e32-9f8d83641eec	fb1007e5ffe149cc08bccaf8eda2ce31	Е	27	85	1280	720	True	144
e4e7411e-696b-45f9-b90d-0515d1a47d95	ab460ff83e8c5b13a705a9e2081023c2	Е	3	41	1920	880	True	72
543d35da-c99f-4fa1-aa4d-eea6ca0c7eb9	4aef7889ad6cd118ce4dab1e3b998a01	Е	6	35	1920	1080	True	62
8935ce9b-706b-43b6-bc4f-7638fac31bab	40ad51b49892dca94b905eca8926568a	Е	14	58	1920	1080	True	100
b9e25c08-5657-4984-a352-831db7a20647	f2dc6eab563f93d86629c1cfe479f09d	Е	31	69	1440	1440	True	107
085e6a67-4ae9-48f8-930f-0b53cc2b2bb8	81c0cdc37caa67e7ddf8e06c0a4443c8	Е	30	131	1920	880	True	175
6222c1a0-848f-44ce-8f73-585d57db0378	3cf00ecfe200a3990d42c6464286d6fb	Е	28	93	1920	1080	True	140
247b81ee-3653-448e-b92a-c36dfc9d4c04	aa12bfdceb971561727e86d34aff35ac	Е	8	73	1920	1080	True	98
b97764c3-bd0b-45cc-8fa3-c111262ba0de	33b317c5a26046cafcd795a2fe4e919e	Е	18	55	1080	1920	True	102
0622f681-b0b1-4d41-9ccf-ed614d9b0acf	48bc83c415e12683f469d16027829654	Е	34	80	1920	1080	True	138
a7683ad0-cb28-45b1-a0e4-bb4f2a1975fd	32f4bb8542738fa1980831515d2949ea	Е	3	36	1920	1080	True	64
fc097bbe-0c22-44ab-a00e-a81bd5297342	a85134b72f825ac9569e44e9ae53b128	Е	27	73	1920	1080	True	106
7b230a9f-f3f0-4313-9729-023e344ae08d	8c34c33a92e42220b2e080bdb388d532	Е	21	43	1920	1080	True	72
45c58964-4db0-4dbd-a910-9ccbbe8d7263	27032346b8d1e263473c0451843a8a6a	Е	20	73	1080	1920	True	110
b986004f-22e2-47b1-b0e7-2ea677b838a9	362b7038ed4bd4b527fce434f14d2aaf	Е	41	81	1920	1080	True	125
d71ac367-a47d-4f13-95de-2fbce2296511	6520ea9b92b24339fb538be29b315e0b	Е	18	55	1920	1080	True	87
3ee5912d-923f-41e2-bb2a-c4409ef882f8	23f5ca29e3183e356572642263a836ac	Е	5	42	720	1280	True	128
ee3990fa-d52c-4572-b7d3-c5850f04832c	1cdaed3814fe5a4bfa9baa5d3f94ecc4	Е	27	65	1080	1920	False	100
0c76ad97-e8cc-4fd0-be34-7ce570f533b2	b6bc47e76a066769495f3a22455713b5	Е	23	54	1280	720	True	80
ea16b35e-4b55-4cdd-b3c4-961ea1eb9e39	d5a3d6c977e8ce1cd3a4eac0908d4d7d	Е	1	48	1920	1080	True	83
cbb68c57-69b2-4dc7-a8b6-8719d0190140	c8f885a4da648650dbecffbb38258989	Е	32	73	1920	1080	True	127
fd25e096-ccba-4cde-a992-0229b829ed30	2916c8f459bac1870fe3897d0340b148	Е	29	76	720	1280	True	125
141a5523-599e-4c05-b2d0-fe021e34984c	138356c62cb9cd6168ec85fd31dbb1de	Е	34	111	1920	1080	True	141
a6cb731b-4861-4d84-bf77-f4dcaac47a74	a050ef5cb26b9d7f2ccdbedd1411ffa9	Е	24	66	1280	720	True	91
e173e628-1358-4814-8192-42c5452d0321	2fa7bff4283637452ca0e2575a1815be	Е	5	57	1920	1080	True	94
2237a3a7-8a84-45a7-b6e2-1018141ff4ad	adfe9c8ea85db4e65f36572669cbfed5	Е	26	73	1920	1080	True	133
c4a51eaf-641b-4587-a49c-a8f44e89a8ef	e9df86cd8713f2fa9f2077a2197c7136	Е	37	103	1920	1080	True	167
49c1a750-888c-4e8c-851d-2ec84f4e7974	dc96b1d1a840878c4ad209500dea570b	Е	28	64	920	1920	True	117
bead80f9-4b20-422d-813d-f17a9e216ca4	635ab4108b0d6b87bef3f30a318d8df9	Е	19	86	1920	1080	True	133
62273007207906fdae4693b190f44610	29479	Е	21	64	1920	1080	True	87
fd6ee8b99ac5ecf0e391473c7b1f15b8	27901	Е	38	92	1920	1080	True	137
726c6dd2486a01531c4b55aa7748071c	29585	Е	3	33	1920	1080	True	58
036927909aee09f1d1b24b3a1b0528d7	28593	Е	30	83	1280	720	True	123
697472e65cd7d0d7cdae6d8718710089	30009	Е	45	106	1280	720	True	170
a24bd017099a3c8f8bf219f5f3dde5f5	24438	Е	26	90	1280	720	True	158
596c6ef4711c9adcfba775dee563be2f	23309	Е	11	61	1280	720	True	61
4b7aaf6f04db2890ab0d644825b226ff	29673	Е	6	85	1920	1080	True	134
72983b3890f6cd484dd4340b0c601ae8	21759	Е	23	60	1920	1080	True	113
3feb2ba2a5d2cb170f68eba0cd15f2dd	29318	Е	40	84	1280	720	True	134
e7ff1eacb86714c38dae95c2ea6a33ba	29229	Е	41	101	1920	1080	True	154
66c5e6e444bc68b75db6bef1e71ed3dd	29898	Е	56	111	720	960	True	144
c0f83edfb7db692a40636b8d7c58e87f	29751	Е	14	48	1920	1080	True	95
a883b0313a7d0871c10909295852d223	27086	Е	11	53	1920	1080	True	83
c13b2f748e245532451ae8ad3a2580a0	22109	Е	44	101	1280	720	True	102
0cc4f3c6c7d5334dbbe89eb0c74df533	29970	Е	11	44	1920	1080	True	79
cd2b11333e91e17ce924d0b223897282	13790	Е	42	98	720	1280	True	98
c9da70f586b820e61c08e6549279cfad	21288	Е	13	78	1280	720	True	79
10af0ffeb7055918f63c3e2f76352b2c	21271	Е	63	117	1280	720	True	161
b46c6845a36033a93264df41a304af27	27399	Е	17	67	1920	1080	True	100
aaa4b8d1-5262-4c3a-8763-138cacd6855f	c3bc70b01dcc8b515891a4d097719b0f	Е	91	140	1920	1080	True	231
2c0d96fb-b1f4-473a-be34-0dbc2edf9f54	66fa4ac3cee2c7216ab45480a7486c76	Е	15	65	1920	1080	True	113
fa7b1252-2654-4763-940d-74f7be8db907	efc86825b9a40bcdcc9b54ab81aab3fe	Е	12	61	1920	1080	True	63
041fd8f7-854f-467e-ba9d-e6ec8064e1d8	2d5120991a63d659f0eef6123f092100	Е	37	81	1080	1920	True	111
0fe15ecd-4f52-47bc-bbd3-f93f9fd72245	0c3d5473fba13210722e53374b736416	Е	14	59	1920	1080	True	91
c6af820b-d902-4615-bcd8-b0b097c6c48f	49b45af05ac6192685bee4e29cdf1e48	Е	17	46	1080	1920	True	82
006b1715-a987-4bdc-ac46-a00cb044b4c9	e8a84a6ab0e41fc41afea94dd06f7fd9	Е	33	64	1080	1920	True	65
40929fed-a931-4e9b-95be-b71cb6e54672	7faa41c4cf0a2602a23390de23574993	Е	45	102	1080	1920	True	137
2c1c85db-d8a4-488b-a64e-96d8efeaf231	53c3af7712ee8220b2faed1a55a82eca	Е	14	49	1080	1920	True	93
f3733969-a104-4d85-9817-901de19b34a9	b6dbf3d8d6ed9fb9283b687910f6e829	Е	20	64	1920	1080	True	95
6866302f-8a49-4fb7-951f-c772eb665516	e4bd328bca8e6f51bd6f4f019692b666	Е	33	65	1440	1440	True	97
9a9f4d3b-fee1-4037-b370-d738fe954b41	570c2405d58fe08bce66f55c42bc36b0	Е	20	51	1080	1920	True	116
1d67c831-a6a0-4dd8-ab89-26acbc65f8de	04af3ba065bb7423e0685ebe180751c1	Е	28	59	1920	1440	True	66
9f034fc7-b1e7-48d0-93f4-3908c865a410	3018b64d2c938f5b6a0826dfdf486f2c	Е	23	69	1920	1080	True	115
ea5636d8-87d7-4a1d-839a-41259e02982a	4b8f634baac82dd96142fa1220b79759	Е	18	59	1080	1920	True	100
9b5a8634-854e-4dc1-845c-f9899949e048	c80b4e57f158f28299b2a89694c42329	Е	15	82	1920	1080	True	133
fbb35f51-4bb0-46ab-8855-cdfcb30a7eb6	f15c4e5b9dfe541cf7e6c05733b579e2	Е	10	85	1920	1080	True	92
29f8f093-5a57-4820-b2bb-55dc9a76c825	83624345fa124849e833a8664f21f3ea	Е	21	62	1920	1080	True	94
e53ec498-4fc7-40c4-b089-39bc446caedc	55ac05bf18204955c640591070dd1118	Е	38	79	1920	1262	True	136
d88c9339-4642-4bd6-ad02-74827742f603	5cfa6de910fe7b0af5f422d0df9f06d5	Е	15	72	1920	1080	False	97
f52cd9c2-8c22-4554-be50-8eaa66ec462c	f3cf3f9bb709ce2bee3da304a4ccb427	Е	36	86	1920	1080	True	144
a252300c-51bb-4af6-bede-7e663ac753c1	bd4e2755d88d8d835a07df3c78cdfc3c	Е	9	39	1920	1080	True	69
8aee6a6b-462b-4399-88cb-affc64095e51	95d5ca4d8706b85bfe8447cc7e83c86a	Е	14	56	1920	822	False	91
49ec4b7e-c24b-47d5-8322-505a5280540e	86ec735f573ae6c36a9dbf9e5bfd4eaf	Е	46	103	1920	1080	True	173
3c38aa23-7e5f-437f-98e3-32d38e2af0b5	0f7aee11724db9ef1f9df422f7443e28	Е	32	102	1920	1080	True	141
79e29865-88ef-41d6-ac45-bd8278bfd88b	e97c55b450c4b2ae48a165e349f0f3eb	Е	22	69	1920	1080	True	136
d16bb415-97a7-457d-832d-598b31ca6e8a	b34ac47997680835ece485b13845fefd	Е	17	65	1920	1080	True	95
4d5c4b24-6087-43b0-86a2-5dc4c9dd2575	bd6e2ad7ab53ceb7b8de9a1842844071	Е	34	78	1920	1080	True	127
ff80aca8-34fc-4991-9984-8cf5bf5e800d	b56726d7b447d88e526f7da2e9e0e520	Е	32	74	1920	1080	True	107
40e18761-c419-494d-b398-a5af878960c9	7c989fdb633be7453228f7c650097205	Е	26	68	1920	1080	True	87
9b0e1b87-ab66-44c3-a10a-426f10c9c297	6753ca229e01b1c71053cb265fd93013	Е	21	73	1440	1080	True	101
1f6d030d-f35e-4336-aeea-1c3e10ee4c68	9a2c7d5a1fb72ad258ab16abf6ae9147	Е	28	93	1920	1080	True	145
35ab5cee-f17f-4e6d-8940-16dc552cab3a	a8a635e6eaa8edb003c5a2b1cef789b5	Е	17	48	1440	1440	True	85
0fa934f9-c406-4943-b2d3-d5a9b986e5b6	d01fdbbbd69ec8c4914397ba4abb899c	Е	57	111	1920	1080	True	198
34a6f13c-1327-4e92-b318-8c9f71191577	ff169f3bbab458308b88188be3657125	Е	10	57	1920	1080	True	117
32169fe4-8823-440f-aec3-0bd489983428	28d653d3548e4508aaa6acbb5dfbeb64	Е	75	114	1920	1080	True	182
802606d2208c7b1770e6362d870190cf	27658	Е	56	115	1920	1080	False	137
db5a5caf72e1ce27fa996d64dd1413c6	29674	Е	10	47	1920	1080	True	70
78c160ae836af64873cfcc4cbe704a7b	21710	Е	17	70	1920	1080	False	107
44e8d2a0-7e01-450b-90b0-beb7400d2c1e	185bd3a81d9d618518d10abebf0d17a8	Ё	36	112	1920	1080	False	156
17360d64-cad1-46c0-ab75-ff440c6eabe5	9a0784a99ea13a8b06cb103c2c8c7f0f	Ё	23	93	1920	1080	True	94
22a5521c-f197-4c62-865a-6d3b0f925cd8	0ab4f8e463cdded2e59d6001f4e1b487	Ё	17	54	1080	1920	False	79
d3776bf0-31a9-4908-8304-1269419fb589	46dd04a1caa75ed3082b573cb5a3ad26	Ё	29	96	1920	1080	False	124
35b4d15f-8831-4ec9-acd1-8d0356b74620	ca6b767f0cccf093ba737ae2fc4fec3d	Ё	12	49	1920	1080	True	50
d48c4d99-0bdd-4cf5-9be3-8ebf1d1d6e69	1860c7f3605089bf0eff0c4e72c7add4	Ё	15	51	1440	1440	True	63
4151835b-109c-49bf-b505-59347e1b2eff	95af8e702c909eee7145c6dc1a3d756b	Ё	0	54	1280	720	False	81
9148fc76-2df7-4151-ac48-945f50c3c927	fc6e5caa3dc328e7558b072e6607e399	Ё	28	100	1920	1080	False	118
dde71173-2834-426e-b09f-88478a19e7d2	db573f94204e56e0cf3fc2ea000e5bdc	Ё	0	38	1280	720	False	88
e9d0f320-eae1-4082-9395-d0c96f3ffec8	a95892dae1d320bd8b08cbca6a127cd8	Ё	3	37	1080	1920	False	56
6bc3898c-b61b-4f2c-8068-eae46c70d935	0211b488644476dd0fec656ccb9b74fc	Ё	15	81	1920	1080	False	104
2611114d-d107-4a26-b251-5be4767bdcf8	a356848cf0a72f961b81ebb6716f6131	Ё	2	123	1920	1080	True	228
ef5eb4c2-02cf-4562-bd86-e19651b0bba2	50334f2a79561498829a34a2c90984b1	Ё	87	150	1920	1080	False	251
a57e0d18-f61b-40b1-a3c7-ee6eda120b9b	9f9b13d8e63bd774b4ad1bd14f56147d	Ё	22	64	720	1280	False	87
06faac30-4e13-40e1-ba13-616124fbc501	2d84da20c251acaeb3186642fcb04f2e	Ё	28	74	1920	1080	False	113
3475a808-88c7-4ccc-8a85-7d9384e1edc2	ba230d5b794c9a7350356eddd3e9929c	Ё	1	45	1920	960	True	46
b7daabf6-11e1-47fc-a148-21597588f9f1	53c3af7712ee8220b2faed1a55a82eca	Ё	13	54	1920	1080	True	88
a8aea899-e6e8-4571-b688-7d8963d08004	0041ec866777f12c384b64d8cd636277	Ё	24	56	1920	1080	False	104
cf80a3f7-72db-4760-b61a-9e9790b1556d	b07a773bcb10b4f14f33d2b0e8ec58ba	Ё	24	81	720	1280	False	113
ce710e5e-f6d9-4d6a-9f94-c11dbd7d6aaa	f5b82a9c82f6d870ec253e4c3fa96d83	Ё	18	96	1920	1080	False	175
43fb8f3e-0656-4e0d-b4dc-020876a3693a	0df9d6e419cb18069e696edaa170ba87	Ё	41	91	1920	864	True	149
d0e8e0f2-229c-4145-951f-96ee83bdf9be	4299b8ccf39ace57287b463fbe4a489b	Ё	26	63	1920	960	True	95
cb54cd3a-f568-48cb-a27e-e4de07ce5bd9	f2dc6eab563f93d86629c1cfe479f09d	Ё	28	58	1440	1440	True	86
75dad1c7-6cc7-400e-a65c-38edecd03c6d	4d26ad833542291c50de9ce88fb4f64a	Ё	9	75	1920	1080	False	130
cec195f6-2bff-4ce4-a215-6e81c60d8d45	3dd2ce2659aada17b976390004ebe322	Ё	1	41	1920	886	True	70
f35ea4cc-44f1-44de-8729-2f5ea9edfffc	87fe0712fdd150ecc8d02cbbb2e047d6	Ё	18	91	1280	720	True	99
2f1ce790-3050-499c-9adb-a7f8e04f1561	68f27043789bb049757486b0ed1cbaab	Ё	54	110	720	1280	True	117
e805a4e3-14d9-486d-9676-e256d7cde48b	b4e852a75cacf8642412dfc05e2126a3	Ё	2	29	1920	1080	True	41
59a5fc8d-fd0e-4bec-a1f8-87c00280eae5	feea6c22175f962ab28452f7314d1bc0	Ё	17	78	720	1280	True	103
c860894a-ffa4-4772-a5b5-903b4a973f25	324cdee3d2550397efb761d8fff48139	Ё	13	66	1920	1080	True	106
7bdb58d6-415e-4a6d-9007-7919b989b5f5	a8dc3ffc818b23319cea1757602ad8e8	Ё	4	62	1280	720	True	94
dd23edb2-6d81-46bd-a60e-69ace6430c1a	c05c242d2524d1de48c68f1667cd7b6b	Ё	14	95	1920	1080	True	118
6eed77de-8337-4e55-a0ef-38e0130f7c95	abd669cafd4f2078708e1cb1846e1bd6	Ё	46	116	1920	1080	True	166
45d5e918-d13d-43c1-a4e2-d341e9c69240	76aa633fcb2bec4e6b0852635a8af57c	Ё	7	60	1920	1080	True	99
b97d5ef4-6519-4e21-8dc0-b9286c0a077d	52003757d6b63a3ee7a71f36f5a9a17b	Ё	3	97	1920	1080	True	129
ed74ac00-ffa5-4ef5-b462-418b32c98540	4aef7889ad6cd118ce4dab1e3b998a01	Ё	5	55	1920	1080	True	108
9a05d563-578f-4b7b-8886-f37a7540670c	81c0cdc37caa67e7ddf8e06c0a4443c8	Ё	16	80	1920	880	True	115
44a720e8-c0b7-437d-8b48-681193269012	e9df86cd8713f2fa9f2077a2197c7136	Ё	7	120	1920	1080	True	161
3d95e28d-535f-4478-a27c-50c632c5191d	fb1007e5ffe149cc08bccaf8eda2ce31	Ё	27	85	1280	720	True	146
28c563f3-e56f-41e6-b2c8-4c81432a5269	d5a3d6c977e8ce1cd3a4eac0908d4d7d	Ё	12	84	1920	1080	True	123
3d8f28dc-8238-4776-9b8d-1ce98c0bc4f8	40ad51b49892dca94b905eca8926568a	Ё	7	70	1920	1080	True	115
8e62c664-41f0-47a0-823c-11f76fd9aa82	aa12bfdceb971561727e86d34aff35ac	Ё	5	69	1920	1080	True	98
8b70ac21-d802-47d3-acdd-ad73b0a1250e	ab460ff83e8c5b13a705a9e2081023c2	Ё	4	59	1920	880	True	96
ffafeef5-d0e1-462e-bf51-19ed193a9c67	2d5120991a63d659f0eef6123f092100	Ё	17	77	1920	1080	True	122
ca218b6e-d1fa-4295-810e-37bf3b4c22c5	32f4bb8542738fa1980831515d2949ea	Ё	7	57	1920	1080	True	74
54551f36-b277-4330-b9e1-b71a284875aa	a85134b72f825ac9569e44e9ae53b128	Ё	20	83	1920	1080	True	110
217eabff-6ef8-4a06-8e71-0a7baea1aa50	8c34c33a92e42220b2e080bdb388d532	Ё	18	84	1920	1080	True	112
9de90e7c-cd97-4451-b1b7-e496b45f72e0	362b7038ed4bd4b527fce434f14d2aaf	Ё	21	85	1920	1080	True	121
c8cb1b8d-233f-41e0-84ef-1d638fbf8467	27032346b8d1e263473c0451843a8a6a	Ё	16	69	1080	1920	True	97
c2826c7d-0ce7-4f29-bc47-0d8502e13d1c	6520ea9b92b24339fb538be29b315e0b	Ё	17	54	1920	1080	True	76
4356be80-9f30-4a21-a69a-bd729f59024e	23f5ca29e3183e356572642263a836ac	Ё	2	51	720	1280	True	75
d9240d4d-0cee-43f7-97dc-c0e63f55758b	1cdaed3814fe5a4bfa9baa5d3f94ecc4	Ё	27	73	1080	1920	False	112
967af8ba-8d50-48bb-9cde-5b6f6afde48d	b6bc47e76a066769495f3a22455713b5	Ё	12	57	1280	720	True	90
4d257014-344b-4c2d-8ae6-424c721719ce	138356c62cb9cd6168ec85fd31dbb1de	Ё	22	81	1920	1080	True	107
a88879e0-495e-4861-bb34-19d7fcf4713c	2916c8f459bac1870fe3897d0340b148	Ё	25	84	720	1280	True	119
0c1fc025-0861-41d2-8de0-a8e4635f9e4f	0c954cec2fd8884fff2ceeb41bd1b89d	Ё	27	100	1440	1440	True	126
2c0cb430-95e8-4ea3-8664-e4aa8dfea56b	a050ef5cb26b9d7f2ccdbedd1411ffa9	Ё	21	66	1280	720	True	98
a6e681bb-9836-4860-8f3a-45d61903b067	911876c4ffc0dd4cf21f61ea1acf5a0b	Ё	42	103	1920	880	True	131
14833fc2-ce80-4d01-b7c3-487f1b3a8baf	818443c6d5ec52cadcc568181daa74f9	Ё	12	52	1080	1920	True	92
c2913af9-5f15-4bf7-aa30-966e46f68f1c	0c3d5473fba13210722e53374b736416	Ё	12	65	1920	1080	True	100
3ff1b5b9-9abd-44b4-a5d2-e79194a88803	5cfa6de910fe7b0af5f422d0df9f06d5	Ё	23	84	1920	1080	False	131
4df3e8c0-4f3f-46f1-92f6-f06a0a37e4b9	2fa7bff4283637452ca0e2575a1815be	Ё	18	64	1920	1080	True	114
102a2ca4-77b3-4264-9f03-5f5becee0268	28f7e6734615f41bc0366dee5c563f09	Ё	21	73	720	1280	True	95
17cb764c-d6bb-45f1-a3d3-ec00fceaf97b	0f7aee11724db9ef1f9df422f7443e28	Ё	40	123	1920	1080	True	155
e070f55a-7e56-45ee-9e7f-db674d6951e4	bd4e2755d88d8d835a07df3c78cdfc3c	Ё	19	59	1920	1080	True	92
61b7e8fe8c6cf1044d4fb5f840d6c1c7	29479	Ё	23	83	1920	1080	True	109
d8860f4e9a9fd1122835dc1b72d068fa	27901	Ё	19	58	1920	1080	True	104
b66176bcd311ff2c8428f6c5474235f9	29585	Ё	1	44	1920	1080	True	73
7dd4ce2a069447acf7395a486f238790	28593	Ё	25	86	1280	720	True	116
ccae7f07bcbc50cefb23a38e58be0412	29970	Ё	2	42	1920	1080	True	81
24345e0b66fb37ff65595efdcd142852	27658	Ё	45	106	1920	1080	False	161
f929647bb76bec37266feb139905ff9f	24438	Ё	20	86	1280	720	True	129
d22928e7da3e483b909820532cb73ee5	30009	Ё	46	119	1280	720	True	163
c9e692c29e631f81b264f9535be213f3	23309	Ё	21	80	1280	720	True	80
bd267ecc4ebeece50e62118ad7a29567	29673	Ё	26	98	1920	1080	True	171
5c64939756a46100177bd885b8e6930d	21759	Ё	23	66	1920	1080	True	112
ac206b37f38379be4320bd82faa1ab78	29318	Ё	45	125	1280	720	True	157
1f32e3ac3cc295ff1f7a68d6ac0b2890	29229	Ё	28	82	1920	1080	True	168
f044017f09b3c33e4b738af4df957b5b	29898	Ё	26	71	720	960	True	91
9c59a88cda4b87eaeeb317dd8afbe31b	29751	Ё	14	58	1920	1080	True	96
34cbfd314da4b178a172acc06a725046	27086	Ё	7	72	1920	1080	True	100
5fc2438e127e4ea1721f5b9f31e92054	22109	Ё	32	101	1280	720	True	107
7b14528cde40cefd8291b954db4c23f8	13790	Ё	37	78	720	1280	True	103
d56eaa8e7d551ea68ab5d3d6722791ea	21288	Ё	22	101	1280	720	True	106
1daaaf6f633e83cc4fd2e9bad145a43f	21271	Ё	57	124	1280	720	True	164
c66c59892b0d4c806ec9427361636507	27399	Ё	2	88	1920	1080	True	132
b709e129-b9cc-4d67-b023-f806028c37a9	efc86825b9a40bcdcc9b54ab81aab3fe	Ё	20	74	1920	1080	True	82
7c4b1959-3169-4df5-a7f2-22305b6819b9	49b45af05ac6192685bee4e29cdf1e48	Ё	12	83	1080	1920	True	116
ea546bda-5c5a-45d4-b450-a3550d2496c5	e8a84a6ab0e41fc41afea94dd06f7fd9	Ё	30	81	1080	1920	True	98
a53d0c03-a168-4ff1-84a9-43b04da915c4	194612f32f5297e4699c2c0beb9b336a	Ё	28	68	1920	1080	True	113
80eb34fa-4aaa-4b9c-b2f7-6e08c4788992	48bc83c415e12683f469d16027829654	Ё	20	72	1920	1080	True	118
be6fb8e7-7f88-4ff7-b3b7-14ee620c0db3	b6dbf3d8d6ed9fb9283b687910f6e829	Ё	18	56	1920	1080	True	95
dff31487-1020-4cd7-b0b9-65553b4125c3	e4bd328bca8e6f51bd6f4f019692b666	Ё	32	77	1440	1440	True	110
7f206278-a9fc-4a38-8fa0-8cf2dd013a92	6ca843830e5d2608f5d486f02e37dad9	Ё	10	58	1920	1080	True	68
1a420351-b8a1-4916-acfc-9cf8273862af	570c2405d58fe08bce66f55c42bc36b0	Ё	25	66	1080	1920	True	120
84e25487-d0fd-46d8-81ab-5936e37361be	3cf00ecfe200a3990d42c6464286d6fb	Ё	37	106	1920	1080	True	151
fcd70792-4f56-4b08-9844-f449475451fc	4b8f634baac82dd96142fa1220b79759	Ё	29	70	1080	1920	True	118
e7878a36-99fe-43ef-826b-2ab3cb56893e	04af3ba065bb7423e0685ebe180751c1	Ё	25	77	1920	1440	True	83
b3901dcd-48fc-412d-b0fd-a6c3aaaff131	c80b4e57f158f28299b2a89694c42329	Ё	27	92	1920	1080	True	147
1d414ad0-0a92-478f-90ef-bc5dc8076f0b	3ef4548431002f9f8fd7f39987be22c1	Ё	17	51	1920	1080	True	96
0825dd1e-c45a-43d4-941f-68cbb8e854df	f15c4e5b9dfe541cf7e6c05733b579e2	Ё	3	61	1920	1080	True	94
a7b2ce68-d596-4532-a486-c4ab12d1d8d4	55ac05bf18204955c640591070dd1118	Ё	18	51	1920	1166	True	88
3ddfead6-53ce-4ee1-93d8-7dce7053d4f8	7c0fb4e90495815f55cb0deb35cbc95e	Ё	17	54	1920	1080	True	102
f1d49ef4-2d8b-48b9-be40-10316e8ebd6f	f3cf3f9bb709ce2bee3da304a4ccb427	Ё	30	73	1920	1080	True	155
4f31c89e-be3f-4863-8886-ab367b621b7d	95d5ca4d8706b85bfe8447cc7e83c86a	Ё	3	57	1920	822	False	108
ef62b8a6-51cc-4706-8e54-2fdddcf71f16	b34ac47997680835ece485b13845fefd	Ё	16	66	1920	1080	True	107
7f624e45-3ea1-4517-95f1-f417c7040136	bd6e2ad7ab53ceb7b8de9a1842844071	Ё	37	80	1920	1080	True	160
3a2f40b0-6ba7-4381-906b-9d046964eccd	b56726d7b447d88e526f7da2e9e0e520	Ё	25	67	1920	1080	True	104
d7d8c7ae-ef06-406b-822b-16173047e091	83624345fa124849e833a8664f21f3ea	Ё	24	64	1920	1080	True	101
f34979d9-722c-40f5-8824-36a59a9a8bcb	bd22df5de9c7373f6182446d80e4eef3	Ё	17	65	1920	1080	True	96
384c5c94-1184-4b78-bdb4-9f3450e1295f	7c989fdb633be7453228f7c650097205	Ё	23	61	1920	1080	True	82
14902106-0d55-4a7e-b169-fe2c174f30b5	6753ca229e01b1c71053cb265fd93013	Ё	39	106	1440	1080	True	138
6a5963ce-9a60-40f4-9ecc-852fad00521b	630a57fb2f40debe5a2c782349c9a26f	Ё	20	67	1920	1080	True	95
6e8c5878-a9ae-469c-a8c9-5bb9c6ed24da	7faa41c4cf0a2602a23390de23574993	Ё	52	128	1080	1920	True	234
ffe05918-52c2-4164-a55b-b0605b788ffc	a8a635e6eaa8edb003c5a2b1cef789b5	Ё	27	68	1440	1440	True	107
915143ef-aee2-4b99-8d3c-8137ef37d6f3	d01fdbbbd69ec8c4914397ba4abb899c	Ё	15	54	1920	1080	True	99
b178f343-077d-4664-9b72-a324d89199be	ff169f3bbab458308b88188be3657125	Ё	9	87	1920	1080	True	126
7a13f832-06f1-4704-a211-ea77e2a30dae	adfe9c8ea85db4e65f36572669cbfed5	Ё	9	66	1920	1080	True	112
c57bd193-950d-4f64-b6d2-d94263e5a9a9	28d653d3548e4508aaa6acbb5dfbeb64	Ё	71	110	1920	1080	True	166
ae229625d834a097e7f13384fa8d4654	21710	Ё	13	74	1920	1080	False	109
b612f1a2-62af-4985-aee5-af8bd13f397f	9a0784a99ea13a8b06cb103c2c8c7f0f	Ж	16	90	1920	1080	True	91
36310c20-ba6c-4433-9d66-e4f53ba9a1f4	ca6b767f0cccf093ba737ae2fc4fec3d	Ж	8	51	1920	1080	True	52
3f0e0fbd-e1b4-4377-8ea9-1f056d732b2c	185bd3a81d9d618518d10abebf0d17a8	Ж	18	106	1920	1080	False	142
3ef363c9-64e1-496a-a385-b831d9c72a7c	46dd04a1caa75ed3082b573cb5a3ad26	Ж	9	72	1920	1080	False	107
af532596-d150-49d9-901a-674ea965d755	a95892dae1d320bd8b08cbca6a127cd8	Ж	9	37	1080	1920	False	44
dd559006-67a4-481a-880d-e7e1cfa6f217	fc6e5caa3dc328e7558b072e6607e399	Ж	7	56	1920	1080	False	69
94d2fd2f-b29a-4210-a2cd-4a4e237f9cb1	1860c7f3605089bf0eff0c4e72c7add4	Ж	17	66	1440	1440	True	94
823ca014-f067-4b45-b882-672ee002ca30	95af8e702c909eee7145c6dc1a3d756b	Ж	1	43	1280	720	False	64
04f032ae-3b7d-4511-b799-959d35c1010e	db573f94204e56e0cf3fc2ea000e5bdc	Ж	2	57	1280	720	False	114
4ce4bd2f-08e6-4c3a-8a4f-4a5b5714c549	50334f2a79561498829a34a2c90984b1	Ж	29	154	1920	1080	False	269
f0b664f8-037f-45e0-9b6e-c48b0f6e2f4b	0211b488644476dd0fec656ccb9b74fc	Ж	14	65	1080	1920	False	101
4bc69fbb-a8e8-49a3-a921-59d7553d1107	0ab4f8e463cdded2e59d6001f4e1b487	Ж	1	61	1080	1920	False	74
b46ca2c1-e249-43c5-ba37-d43d65757a42	9f9b13d8e63bd774b4ad1bd14f56147d	Ж	15	54	720	1280	False	90
b57f7f60-c8af-42ab-b2f5-308d3ba0c5d9	2d84da20c251acaeb3186642fcb04f2e	Ж	16	76	1920	1080	False	107
9434702b-f535-49bc-b249-33a725f079ca	0041ec866777f12c384b64d8cd636277	Ж	6	60	1920	1080	False	86
ae4ed66d-1411-4ae6-86f0-dcaa12637e51	b07a773bcb10b4f14f33d2b0e8ec58ba	Ж	20	112	720	1280	False	131
f3e6b46c-30bf-4fed-b046-a46227c63e33	f5b82a9c82f6d870ec253e4c3fa96d83	Ж	4	66	1920	1080	False	109
b0140641-4c9f-4923-91fa-079bd53319c3	4299b8ccf39ace57287b463fbe4a489b	Ж	16	51	1920	960	True	81
44f2cb6f-eeee-4a78-bf49-edc3392467d0	0df9d6e419cb18069e696edaa170ba87	Ж	13	79	1920	864	True	130
f29080d1-f610-4d44-9bf3-bcac45620d2b	12c7911f38c7113ce13c71dbd785ce22	Ж	6	45	1920	1080	True	78
80053bf6-521f-4d6f-999c-038ec0c45612	f2dc6eab563f93d86629c1cfe479f09d	Ж	9	53	1440	1440	True	72
0382511e-8f8e-4569-960e-ffe2e0a41ae1	4d26ad833542291c50de9ce88fb4f64a	Ж	14	66	1920	1080	False	125
0e40e4f5-9d10-4ccc-8cc6-22433d7a424f	3dd2ce2659aada17b976390004ebe322	Ж	5	50	1920	886	True	84
3cc13204-5f08-4ffe-8f4b-451862ddf269	87fe0712fdd150ecc8d02cbbb2e047d6	Ж	15	70	1280	720	True	78
12075295-30ad-4f6d-92ed-927f26bbac67	68f27043789bb049757486b0ed1cbaab	Ж	58	99	720	1280	True	111
f64e786d-4252-4037-b6af-007421f3a661	76aa633fcb2bec4e6b0852635a8af57c	Ж	8	50	1920	1080	True	92
1b08f777-0a18-4864-8922-1312815d0052	b4e852a75cacf8642412dfc05e2126a3	Ж	21	66	1920	1080	True	104
d1912dd0-59a9-40aa-a43a-9d5ee7ce712d	324cdee3d2550397efb761d8fff48139	Ж	11	57	1920	1080	True	95
52aaad4a-6982-4e73-b9c4-4a7b337debc4	08b8fc47e7a869751c13f64a922e6c15	Ж	52	104	1920	1080	True	171
e296dc50-5478-46ca-be01-3acecb91315d	ab460ff83e8c5b13a705a9e2081023c2	Ж	13	76	1920	880	True	132
49074758-d5e4-4e04-91d9-64587d3350fc	abd669cafd4f2078708e1cb1846e1bd6	Ж	33	91	1920	1080	True	148
d994084b-1242-4986-b3d8-ff9503a6c2c8	3cf00ecfe200a3990d42c6464286d6fb	Ж	30	74	1920	1080	True	118
8bb02a1f-6a87-407e-b38b-a3f9f815f268	52003757d6b63a3ee7a71f36f5a9a17b	Ж	4	55	1920	1080	True	94
6d0ba18f-2fd0-40a1-be5a-01187a3ee0d8	a8dc3ffc818b23319cea1757602ad8e8	Ж	19	56	1280	720	True	89
7c0c7a9e-a640-493e-bcaa-90789321cf10	feea6c22175f962ab28452f7314d1bc0	Ж	22	63	720	1280	True	97
099f7fa0-8765-44c5-bc1f-22b8f314624c	0ceb69ca37aa3e44528c7ce03c329479	Ж	47	99	1920	1080	True	170
a7d1e75a-02ec-470b-af4e-834aa378d4e8	0c3d5473fba13210722e53374b736416	Ж	9	55	1280	720	True	85
0db7e083-7b1b-47d6-acbb-088eb7b08139	48bc83c415e12683f469d16027829654	Ж	45	103	1920	1080	True	132
c7d69a5b-041d-432b-a876-52197a6bd952	aa12bfdceb971561727e86d34aff35ac	Ж	13	66	1920	1080	True	103
c41abffd-d99f-45a7-8e5a-fb30d2fde148	33b317c5a26046cafcd795a2fe4e919e	Ж	19	41	1080	1920	True	90
14195ebb-c26f-4865-b30c-cda30c68aa12	d5a3d6c977e8ce1cd3a4eac0908d4d7d	Ж	12	75	1920	1080	True	166
a710a54d-c64a-4330-a6de-f1a56feba874	32f4bb8542738fa1980831515d2949ea	Ж	7	61	1920	1080	True	96
13eba1df-95b8-4a70-8671-e2613b9ba8be	a85134b72f825ac9569e44e9ae53b128	Ж	28	78	1920	1080	True	112
c7ad2797-7249-4232-a7cf-0ed7bf8ca66d	8c34c33a92e42220b2e080bdb388d532	Ж	25	62	1920	1080	True	85
d0bdfd61-a990-4b7d-b679-d68f0cbab5cb	362b7038ed4bd4b527fce434f14d2aaf	Ж	29	64	1920	1080	True	115
07091754-407c-463d-95e2-e4b10006d57a	27032346b8d1e263473c0451843a8a6a	Ж	16	80	1080	1920	True	106
11fefe2f-d690-4e50-a659-72ca31f79f71	23f5ca29e3183e356572642263a836ac	Ж	2	52	720	1280	True	68
0942a8ff-a205-4287-977e-2cb2615f5b8e	1cdaed3814fe5a4bfa9baa5d3f94ecc4	Ж	44	71	1080	1920	False	117
687c1710-9e24-4afc-982f-dc37f6663d55	b6bc47e76a066769495f3a22455713b5	Ж	15	39	1280	720	True	85
9bc67896-49fc-486c-8bff-1d1e0f84e9a8	c8f885a4da648650dbecffbb38258989	Ж	21	57	1920	1080	True	107
5fef5793-3267-4feb-9de9-5d364de45340	e9df86cd8713f2fa9f2077a2197c7136	Ж	18	105	1920	1080	True	145
5d591731-ba59-4149-8e15-47676327c167	138356c62cb9cd6168ec85fd31dbb1de	Ж	30	91	1920	1080	True	122
b96656e8-752e-4b45-b979-a819289db944	a8b89f85a363edca5d0cfa080065f2d6	Ж	6	55	1920	1080	True	92
33c43971-08e4-4dbb-9f87-b2d75f336e33	0c954cec2fd8884fff2ceeb41bd1b89d	Ж	14	68	1440	1440	True	82
c80f0e72-d3a9-44b7-9bf1-af3d981a4045	e97c55b450c4b2ae48a165e349f0f3eb	Ж	50	118	1920	1080	True	174
d1d97950-cf52-4f9c-85e4-5fb4a6845dbd	a5f261810c66a72ed1d61890eefe1672	Ж	26	72	1280	720	True	108
aca3a1f6-b9ea-4e5e-a6b8-e33a673f01e7	5cfa6de910fe7b0af5f422d0df9f06d5	Ж	36	94	1920	1080	False	134
af3e9e5d1b88a8e7df9b8728bbec842a	29479	Ж	26	71	1920	1080	True	95
2c8908433d6e90c1827def0bbf69a2fd	27901	Ж	40	88	1920	1080	True	137
d68c1a9fe74c96f8f6f6f97beb29c483	29585	Ж	0	34	1920	1080	True	63
b55aaaedf1fcc1d8f1d9e5accc40af1b	28593	Ж	18	68	1280	720	True	93
28ba995c0ffa24c1c0b6508ea6515b36	29229	Ж	27	65	1920	1080	True	135
44ea8298596083e8d7b23b2ffa0ad743	30009	Ж	62	119	1280	720	True	195
70776ac0dc03cc445651abbd15c7fd16	29970	Ж	0	39	1920	1080	True	79
0f0c7389975395dfc489588019a74345	27658	Ж	41	96	1920	1080	False	134
992aa6210d6b1ae84ab85f6abf16b97d	24438	Ж	6	58	1280	720	True	111
ecaac08a4bed3d36f2741cd2b2a31c56	23309	Ж	18	59	1280	720	True	61
963467223475275108b37b483ec2ecc6	21759	Ж	27	79	1920	1080	True	132
ad3bc98d7e6b1c8efdf13f85e3ac5139	29318	Ж	43	88	1280	720	True	114
ca98c8ab815695b0e5fa3c8d435d5c09	29898	Ж	23	70	720	960	True	77
c0dbf3ad88fffb53e185bfe08f4a5272	29751	Ж	17	64	1920	1080	True	93
c15c91a5bc8550e9d2fa74f66d095746	22109	Ж	29	101	1280	720	True	101
f60ffcc88d447a2be29d7e12aeeabbb5	13790	Ж	33	69	720	1280	True	77
c73db5be1fa28c9d5c6bd33138196f31	21288	Ж	17	63	1280	720	True	72
cd1445e8a162e7dfcda16484e8a7bf7b	29673	Ж	33	82	1920	1080	True	155
66c67832f98de1894645782bdbe83694	27086	Ж	31	83	1920	1080	True	136
78cfefa5e3e756c054417328f4e4f2e0	29762	Ж	31	129	1280	720	True	157
6bc42427d8e5d18396cdd078de133ffd	21271	Ж	43	92	1280	720	True	131
bfd7c500a4e28be440d85b7bd3730c00	27399	Ж	2	46	1920	1080	True	72
75135a02-a3bf-462e-ab7c-c913265e7f72	c3bc70b01dcc8b515891a4d097719b0f	Ж	95	131	1920	1080	True	216
36b86849-115f-41fa-b531-d2adda10f8ec	efc86825b9a40bcdcc9b54ab81aab3fe	Ж	16	81	1920	1080	True	85
4ff276e3-c72a-4e5a-a469-635307245b65	40ad51b49892dca94b905eca8926568a	Ж	0	75	1920	1080	True	103
c5c862df-24aa-4070-af1e-bb3429c86941	4aef7889ad6cd118ce4dab1e3b998a01	Ж	8	45	1920	1080	True	75
aad89e5d-aed0-44e8-ba86-5a021916730f	3ef4548431002f9f8fd7f39987be22c1	Ж	14	44	1920	1080	True	87
ed91ead5-cb78-4857-ad6c-79cc837dba93	2d5120991a63d659f0eef6123f092100	Ж	10	68	1080	1920	True	86
be194264-2b5f-4296-ac35-741b652692fd	49b45af05ac6192685bee4e29cdf1e48	Ж	7	58	1080	1920	True	95
713d3b90-de64-4fe9-aa4e-633bfe4f4e52	e8a84a6ab0e41fc41afea94dd06f7fd9	Ж	24	65	1080	1920	True	66
e2956f65-a4d2-49dd-8ee7-96075b2b8d9f	194612f32f5297e4699c2c0beb9b336a	Ж	19	72	1920	1080	True	105
bb634db4-cd3d-4d66-8f99-0eb62f80f4f6	53c3af7712ee8220b2faed1a55a82eca	Ж	17	53	1080	1920	True	87
40f9f576-ac1c-4589-94d3-1b687b78c476	b6dbf3d8d6ed9fb9283b687910f6e829	Ж	10	58	1920	1080	True	94
fdd8f1b7-fc94-4c8f-93f8-22e72527af1f	e4bd328bca8e6f51bd6f4f019692b666	Ж	42	77	1440	1440	True	111
6528f180-a540-498f-b7dc-0466016a859c	570c2405d58fe08bce66f55c42bc36b0	Ж	26	64	1080	1920	True	107
cd585d76-c332-4ef5-b2b8-7af295a725fa	04af3ba065bb7423e0685ebe180751c1	Ж	28	67	1920	1440	True	74
582e4017-8585-4bdd-870b-93cab0244584	3018b64d2c938f5b6a0826dfdf486f2c	Ж	20	65	1920	1080	True	110
6b58d99c-6137-4dcd-9e89-e95f16ea6014	4b8f634baac82dd96142fa1220b79759	Ж	18	64	1080	1920	True	96
d1b60ef9-b4ab-4a1d-bb04-82239b6eb91a	c80b4e57f158f28299b2a89694c42329	Ж	17	88	1920	1080	True	142
6e4fe4c8-6784-465c-bc89-96f49ccfd133	f0148de24ae19f321a7315d46021d17e	Ж	25	82	1920	1080	True	122
a80e1860-b539-4e81-9125-8081adae28ea	b56726d7b447d88e526f7da2e9e0e520	Ж	12	58	1920	1080	True	72
cd05e742-a62e-423a-bf0d-65982112a8d5	55ac05bf18204955c640591070dd1118	Ж	19	73	1920	1132	True	99
fd562a71-7c82-4e2e-9346-f75b21409be6	83624345fa124849e833a8664f21f3ea	Ж	24	56	1920	1080	True	118
d85055d0-5395-487b-b115-8b43e5eb71d1	7c0fb4e90495815f55cb0deb35cbc95e	Ж	21	56	1920	1080	True	102
1bcd4a12-eae7-44b1-b3a6-264f35cbcac6	f3cf3f9bb709ce2bee3da304a4ccb427	Ж	28	60	1920	1080	True	143
00bfd147-4450-4f83-9cc8-bff2a6e3712a	95d5ca4d8706b85bfe8447cc7e83c86a	Ж	0	43	1920	822	False	83
d985aeb2-30fc-4982-be86-c6eb16dd1bc9	86ec735f573ae6c36a9dbf9e5bfd4eaf	Ж	46	97	1920	1080	True	168
4170cbc3-0ffd-4665-976d-cf6314b29924	bd4e2755d88d8d835a07df3c78cdfc3c	Ж	7	38	1920	1080	True	72
dd7e51cf-7e3e-4d1c-a073-7acb26cc44d2	0f7aee11724db9ef1f9df422f7443e28	Ж	48	96	1920	1080	True	140
7f9c788d-0c9e-47db-a306-a8c9b2eac337	b34ac47997680835ece485b13845fefd	Ж	28	81	1920	1080	True	108
6a063afe-ab57-4cef-b246-690b16a389c9	bd6e2ad7ab53ceb7b8de9a1842844071	Ж	36	79	1920	1080	True	129
2776206c-2a3a-4540-8316-b3aceb1bed7e	7c989fdb633be7453228f7c650097205	Ж	18	57	1920	1080	True	78
32fd02a3-635e-441c-b24f-5839a9ec63eb	6753ca229e01b1c71053cb265fd93013	Ж	27	80	1440	1080	True	112
f1d8caad-ae38-45d7-9625-f85d984a1b1e	9a2c7d5a1fb72ad258ab16abf6ae9147	Ж	29	85	1920	1080	True	146
67321c0a-8e5c-4a4a-80be-92fefca3ab4b	a8a635e6eaa8edb003c5a2b1cef789b5	Ж	27	70	1440	1440	True	108
cba8df6c-36ff-4515-8287-5b2b0ba11da0	ff169f3bbab458308b88188be3657125	Ж	8	66	1920	1080	True	126
8463d22f-c59a-4d5d-850c-b3811e46e52b	adfe9c8ea85db4e65f36572669cbfed5	Ж	12	60	1920	1080	True	103
ef7e6d6c-d86c-4c4e-8499-d19fa061af13	28d653d3548e4508aaa6acbb5dfbeb64	Ж	80	127	1920	1080	True	188
db489a4bfc46112a25211bfa33a17862	29674	Ж	12	48	1920	1080	True	62
b285cf6e1cc3c365362f37d90a6e290a	21710	Ж	14	73	1920	1080	False	108
c748792a-5e32-4daa-8f9d-601a28a74a9c	9a0784a99ea13a8b06cb103c2c8c7f0f	З	26	112	1920	1080	True	122
3f0389e8-fe70-41b0-806d-8c1aae3d20c1	185bd3a81d9d618518d10abebf0d17a8	З	14	94	1920	1080	False	145
407b7173-ed12-4c66-85f0-6a6854ba0415	0ab4f8e463cdded2e59d6001f4e1b487	З	7	64	1080	1920	False	91
05f47963-0032-4783-a853-4d96c7a976d1	46dd04a1caa75ed3082b573cb5a3ad26	З	2	40	1920	1080	False	76
b872dac5-4f26-4071-9243-8a48916880de	1860c7f3605089bf0eff0c4e72c7add4	З	9	52	1440	1440	True	77
6f02abcb-03f1-401e-bc9f-93c2ef51b3fe	fc6e5caa3dc328e7558b072e6607e399	З	15	76	1920	1080	False	90
eb72178c-7020-4cff-9123-2c1a90695d41	95af8e702c909eee7145c6dc1a3d756b	З	30	89	1280	720	False	116
b591e692-7ef5-4d89-8db4-ba324b8056f0	db573f94204e56e0cf3fc2ea000e5bdc	З	4	48	1280	720	False	91
f85f8d0a-8d71-4b92-b3af-fc7ee013ea38	a95892dae1d320bd8b08cbca6a127cd8	З	10	53	1080	1920	False	63
3ca91619-82b7-4196-801a-4e86dd55b55f	a356848cf0a72f961b81ebb6716f6131	З	12	88	1920	1080	True	220
5475ec39-4b59-4470-8723-0acc026502e3	50334f2a79561498829a34a2c90984b1	З	13	85	1920	1080	False	192
a6c1a4a3-0baf-4e06-88bd-c916430deaaa	0211b488644476dd0fec656ccb9b74fc	З	9	63	1080	1920	False	105
7bc60e9d-1f12-4e1c-9587-a5f007490a55	2d84da20c251acaeb3186642fcb04f2e	З	11	54	1920	1080	False	96
731e284d-ebb2-4ee2-82dc-43ea4f64b911	9f9b13d8e63bd774b4ad1bd14f56147d	З	13	49	720	1280	False	79
8e0fbb71-e813-4f2a-9f0e-b4b6d6872aba	0041ec866777f12c384b64d8cd636277	З	11	57	1920	1080	False	88
c32f5ee6-2a2d-4219-868f-0e8fde19c39c	f5b82a9c82f6d870ec253e4c3fa96d83	З	11	62	1920	1080	False	107
8796b6a0-18bd-46cf-899f-1cb2debd78a6	b07a773bcb10b4f14f33d2b0e8ec58ba	З	60	114	720	1280	False	161
9c9702b8-08bc-4054-bd4c-941a81da7274	ca6b767f0cccf093ba737ae2fc4fec3d	З	5	50	1920	1080	True	51
eccb95de-60f8-4536-91fe-4779a1f0f97a	0df9d6e419cb18069e696edaa170ba87	З	33	83	1920	864	True	136
29727d23-95bd-4132-8d3c-e7791ec624ec	4299b8ccf39ace57287b463fbe4a489b	З	26	61	1920	960	True	93
74aa6af2-9875-4ab9-847e-b85985a3411c	12c7911f38c7113ce13c71dbd785ce22	З	7	52	1920	1080	True	75
5de3ea96-962d-4c5d-bf39-b8a4290fec57	f2dc6eab563f93d86629c1cfe479f09d	З	19	55	1440	1440	True	80
1fb079aa-2b9e-4803-b723-c448ffe0ef8b	4d26ad833542291c50de9ce88fb4f64a	З	12	62	1920	1080	False	125
3653582b-e781-4e8e-8dc7-1922378df6da	87fe0712fdd150ecc8d02cbbb2e047d6	З	20	61	1280	720	True	91
06c81550-2159-434b-b5a0-6656d9973ff7	b4e852a75cacf8642412dfc05e2126a3	З	32	84	1920	1080	True	142
472dab08-34f3-4116-bf02-e7624116f6dc	a8dc3ffc818b23319cea1757602ad8e8	З	3	44	1280	720	True	88
264c7ac3-c4c5-4bfd-b161-f780d9c62870	324cdee3d2550397efb761d8fff48139	З	9	83	1920	1080	True	117
af1a310c-f6f0-42b6-9c04-413a84dbd3ff	76aa633fcb2bec4e6b0852635a8af57c	З	1	53	1920	1080	True	89
86d1c172-f6fb-4d6e-b98b-929b3efe39c0	feea6c22175f962ab28452f7314d1bc0	З	32	90	720	1280	True	125
599eaf0a-7c6f-462f-b230-514f9881fd91	6fefb7617d77222efd121f4a2d6a79d6	З	37	105	720	1280	True	146
bd54ac71-bd80-45fd-b369-82d042931dc7	abd669cafd4f2078708e1cb1846e1bd6	З	43	88	1920	1080	True	142
14d39ba6-bb16-4664-a97a-465ee0023029	fb1007e5ffe149cc08bccaf8eda2ce31	З	25	90	1280	720	True	148
3b89684f-1cda-42dd-a4aa-6fbf7fe5cfe9	53c3af7712ee8220b2faed1a55a82eca	З	18	46	1080	1920	True	82
b3480f8e-6686-4303-8173-380594802fa3	52003757d6b63a3ee7a71f36f5a9a17b	З	2	53	1920	1080	True	83
5024bc12-4f6a-4e4f-928c-82cf9421430e	ab460ff83e8c5b13a705a9e2081023c2	З	7	74	1920	880	True	86
c0666646-c8d5-4a71-b3f7-82be8ab72594	81c0cdc37caa67e7ddf8e06c0a4443c8	З	30	85	1920	880	True	137
19c101b7-56e3-4889-abe2-8a54d392cbda	0c3d5473fba13210722e53374b736416	З	0	38	1920	1080	True	63
fe8f6463-d168-449b-872f-b3fbb4408437	33b317c5a26046cafcd795a2fe4e919e	З	12	59	1080	1920	True	102
a0f3843e-99ae-4970-a881-9369f423aca1	08b8fc47e7a869751c13f64a922e6c15	З	49	141	1920	1080	True	218
46a38907-38be-4009-880e-5e29fa9ab3ad	c80b4e57f158f28299b2a89694c42329	З	31	84	1920	1080	True	143
647e5a36-b03a-42d3-b0e6-deea4f6176dc	2d5120991a63d659f0eef6123f092100	З	10	61	1920	1080	True	112
82f0b934-f513-4d0c-8a32-a970391c27f2	7c989fdb633be7453228f7c650097205	З	42	81	1920	1080	True	112
b61da64c-8309-48db-ba27-b557296c848c	32f4bb8542738fa1980831515d2949ea	З	4	62	1920	1080	True	94
63476c94-fcd1-45fa-a1f2-4416038ca59f	27032346b8d1e263473c0451843a8a6a	З	21	64	1080	1920	True	91
c947a85a-fa43-48b4-8379-8c2079f3b0fb	a85134b72f825ac9569e44e9ae53b128	З	19	98	1080	1920	True	134
1beb602f-4188-497b-a385-c3c7f48e94d8	8c34c33a92e42220b2e080bdb388d532	З	22	62	1920	1080	True	106
eb151d3a-0913-4073-9dab-18b7b6739531	362b7038ed4bd4b527fce434f14d2aaf	З	12	51	1920	1080	True	83
80602e70-8773-48ac-bd49-42e5c57b9fee	0f7aee11724db9ef1f9df422f7443e28	З	35	73	1920	1080	True	119
07727fa2-6187-46eb-876b-dbe45da7e3dd	6520ea9b92b24339fb538be29b315e0b	З	40	89	1080	1920	True	128
1e6267b7-ea60-4f4f-8426-e5992beeacd1	b34ac47997680835ece485b13845fefd	З	10	61	1920	1080	True	96
8c2e32b0-0b77-416c-9bf1-4c7548fdad6f	0c954cec2fd8884fff2ceeb41bd1b89d	З	20	75	1440	1440	True	96
e42dd765-1b2f-4bc4-b371-dc85b02c94c0	a8b89f85a363edca5d0cfa080065f2d6	З	1	33	1920	1080	True	52
0ce1b534-158c-4db4-a337-66a8dd561653	e9df86cd8713f2fa9f2077a2197c7136	З	36	98	1920	1080	True	176
4e9a3046-dc67-4447-8ba9-dc1945992399	95d5ca4d8706b85bfe8447cc7e83c86a	З	62	145	1920	1080	False	206
91df5934-670e-468d-a470-97c20463ca18	911876c4ffc0dd4cf21f61ea1acf5a0b	З	30	85	1920	880	True	128
88092bf7-a4d3-465b-ad43-4a2039e008e6	c8f885a4da648650dbecffbb38258989	З	27	85	1920	1080	True	131
11b34434-93bc-4242-87b8-a47bd95a56f5	2916c8f459bac1870fe3897d0340b148	З	26	89	720	1280	True	156
19bd50d78570d2620ee951edbd011c63	29479	З	27	80	1920	1080	True	110
21aa52025edb5eee0860e66070a8862e	13790	З	31	68	1280	720	True	88
f10defeaf33a190e7e0b52ee67ac81c9	29585	З	2	53	1920	1080	True	79
d98629bfb27e4b56153c794061502c4e	28593	З	43	103	1280	720	True	147
b98717b6da91cc6a68c73658891e17c7	29673	З	25	93	1920	1080	True	148
3ca0a6a81200e33f99847abdc8a3b850	21759	З	29	80	1920	1080	True	129
1bcf093297898e89c69b7b3a7cb878d7	29283	З	3	37	1280	720	True	65
a7d8afc39ffed09c73a8d9e7c7838d61	29229	З	30	95	1920	1080	True	159
eb95da57b632b1e305234a1574b2cc1e	29318	З	58	134	1280	720	True	171
d1dc0c87efa0bc17d7fb3a1be8257172	27901	З	27	98	1920	1080	True	137
694cf38643ec259f7888b07e16b04127	27086	З	12	68	1920	1080	True	105
799928a292209cdcc915a010b6df1c4c	22109	З	27	113	1280	720	True	117
70b48954dbf41f8370ae078b0857c508	29970	З	3	40	1920	1080	True	79
dcdd547a1a562256fe0a4b5d022a8b28	21271	З	61	126	1280	720	True	175
9f1d04aa67410ff3d7a32ee50cece825	27399	З	6	87	1920	1080	True	120
83c5f540-a4c4-4108-bdfe-b21a730d360e	efc86825b9a40bcdcc9b54ab81aab3fe	З	14	81	1920	1080	True	99
1d66246a-f066-4ff2-bc3e-09ea7c59d836	d5a3d6c977e8ce1cd3a4eac0908d4d7d	З	4	46	1920	1080	True	82
c27017e4-13d8-4c2d-8446-32b8b8e5e8ae	49b45af05ac6192685bee4e29cdf1e48	З	22	76	1080	1920	True	115
324051a0-9d53-4608-9b06-567541db68e7	7faa41c4cf0a2602a23390de23574993	З	43	117	1080	1920	True	158
720fc037-680c-453e-8c1c-fe3525f2105c	48bc83c415e12683f469d16027829654	З	19	78	1920	1080	True	121
063a9956-019f-4ee3-a781-8ef6c261a813	b6dbf3d8d6ed9fb9283b687910f6e829	З	17	57	1920	1080	True	92
663e1c10-ea6f-48fd-8d45-0cc4b3c0ba76	e4bd328bca8e6f51bd6f4f019692b666	З	26	67	1440	1440	True	112
0ce64cf7-2916-4cd7-8274-90180cfe9dc4	04af3ba065bb7423e0685ebe180751c1	З	32	73	1920	1440	True	85
8028cbe8-5892-4a38-8e16-7590467684ee	3018b64d2c938f5b6a0826dfdf486f2c	З	27	64	1920	1080	True	124
b12bc75c-c474-4fd6-8595-85c601028978	aa12bfdceb971561727e86d34aff35ac	З	15	66	1920	1080	True	110
28b3a398-510f-4085-bf21-86ae1b2dcce5	3cf00ecfe200a3990d42c6464286d6fb	З	41	91	1920	1080	True	139
bdcdfc5d-fc8b-40fe-b13e-41d0be42dcdb	3ef4548431002f9f8fd7f39987be22c1	З	14	63	1920	1080	True	108
f14dc4e3-bc98-4329-9b43-f1a0957ca92a	5cfa6de910fe7b0af5f422d0df9f06d5	З	19	54	1920	1080	False	100
e518d7bd-9dc2-4cba-bbb0-7329903c738c	7c0fb4e90495815f55cb0deb35cbc95e	З	13	44	1920	1080	True	77
de6412b5-5715-44a3-b273-73d7b138f36a	f3cf3f9bb709ce2bee3da304a4ccb427	З	35	80	1920	1080	True	162
fcbc7044-87b9-492b-a402-e4b52e5dca02	138356c62cb9cd6168ec85fd31dbb1de	З	20	76	1920	1080	True	113
04739a90-e881-482d-b49f-54dcdb0936ac	86ec735f573ae6c36a9dbf9e5bfd4eaf	З	55	117	1920	1080	True	186
5a732d35-9655-4a8f-a166-ed5442354c2c	1cdaed3814fe5a4bfa9baa5d3f94ecc4	З	13	78	1080	1920	False	110
ec422329-78b3-49f9-b853-0815a4865810	bd4e2755d88d8d835a07df3c78cdfc3c	З	0	36	1920	1080	True	70
7643cfb5-cf87-4f4b-90cc-4f260c04ceb9	c2f39049d2c1d9527683ed47b4fb6ad7	З	3	47	1920	1080	True	49
139e7c69-87fa-4f20-a065-871d9e26a7e1	bd6e2ad7ab53ceb7b8de9a1842844071	З	38	89	1920	1080	True	138
8e1b415c-a567-48d4-9f48-07bc92269af9	b56726d7b447d88e526f7da2e9e0e520	З	12	55	1920	1080	True	79
bd3ceecd-beed-4322-a4aa-cd060972dcf0	bd22df5de9c7373f6182446d80e4eef3	З	27	81	1920	1080	True	120
4c0f06dd-52d8-4a25-816f-7650d7114a91	420e55e9cc86ffe6ca183d41d80ee67c	З	16	65	1920	1080	True	109
daa27248-3f38-4b35-bcb6-a9d1d9abb2ce	83624345fa124849e833a8664f21f3ea	З	23	74	1920	1080	True	103
5e259b7d-4f0f-4992-b224-818b2de34052	6753ca229e01b1c71053cb265fd93013	З	24	85	1440	1080	True	113
c04297e8-9611-4b99-8f4f-096c1c392195	9a2c7d5a1fb72ad258ab16abf6ae9147	З	39	104	1920	1080	True	171
3f3ccd73-6953-4edf-903a-6e51a1dc2264	a8a635e6eaa8edb003c5a2b1cef789b5	З	19	67	1440	1440	True	100
806d12f8-a6ed-4e9f-958c-c350ab8145f3	4aef7889ad6cd118ce4dab1e3b998a01	З	5	63	1920	1080	True	99
2c96ef33-759c-48ce-a813-e703f4f55cc0	cba981340353ec309f352b09a3ada196	З	13	79	1920	1080	True	158
1ec7b318-1dcd-4baf-8cb7-94e4c2f6fa1e	ff169f3bbab458308b88188be3657125	З	15	76	1920	1080	True	137
8f7e1b00e0c782dff8c2bf9e1298a25a	27658	З	29	94	1920	1080	False	137
8f1f25689a93fad2ecb86c96258de112	29674	З	15	53	1920	1080	True	74
dbfbbd7fb48ed253312371f3b818d718	21710	З	17	82	1920	1080	False	124
3fb2de7bfc52c167c615faaaf2c60c32	29751	З	22	65	1920	1080	True	117
bfa6cbdb-b61b-4252-85e6-270f9fabcae0	9a0784a99ea13a8b06cb103c2c8c7f0f	И	13	75	1920	1080	True	75
e2436540-1f75-4710-9114-647e8a06bc2e	185bd3a81d9d618518d10abebf0d17a8	И	28	107	1920	1080	False	144
822c1046-99bc-4e0c-90e5-39545e8697de	a95892dae1d320bd8b08cbca6a127cd8	И	9	49	1080	1920	False	59
e76fdef0-67c5-410c-8ae9-5508ed79cb4a	46dd04a1caa75ed3082b573cb5a3ad26	И	9	73	1920	1080	False	111
1e282d21-a69f-4339-b067-2727afb4d72e	1860c7f3605089bf0eff0c4e72c7add4	И	12	78	1440	1440	True	104
31f4871f-15d2-4fe0-bf05-0f6cada2395f	ca6b767f0cccf093ba737ae2fc4fec3d	И	10	72	1920	1080	True	74
25b5f845-28af-4dba-a01e-cfd9943764d2	fc6e5caa3dc328e7558b072e6607e399	И	17	67	1920	1080	False	83
3adf9f32-5fb5-47f0-8b41-a6dfb6017a72	95af8e702c909eee7145c6dc1a3d756b	И	0	51	1280	720	False	64
10a793c0-1456-462f-857d-40b2130f247b	db573f94204e56e0cf3fc2ea000e5bdc	И	0	43	1280	720	False	84
009e5f36-b170-4665-9515-35f916ef79a8	0211b488644476dd0fec656ccb9b74fc	И	5	56	1920	1080	False	83
aa6078ab-110b-4fc9-b93e-a8da012183f3	a356848cf0a72f961b81ebb6716f6131	И	12	117	1920	1080	True	207
5e918f85-edf9-4251-9218-9f332523779e	50334f2a79561498829a34a2c90984b1	И	62	127	1920	1080	False	213
0203c760-a9ad-4bc5-b421-fe90ed6e2a96	0ab4f8e463cdded2e59d6001f4e1b487	И	6	66	1080	1920	False	81
0b006da3-47d9-480b-9705-5c1b652b6bca	9f9b13d8e63bd774b4ad1bd14f56147d	И	7	47	720	1280	False	78
0caab6bf-0b48-49f1-ac8a-d0ceb7315fef	2d84da20c251acaeb3186642fcb04f2e	И	10	61	1920	1080	False	99
5921b54f-9460-4978-8ffb-4a92b472b4b5	53c3af7712ee8220b2faed1a55a82eca	И	32	90	1920	1080	True	118
8cc5f79d-b570-4334-91a9-fdc8005adb00	0041ec866777f12c384b64d8cd636277	И	16	74	1920	1080	False	100
b5b3b10d-9946-4113-a43d-310f07561bae	f5b82a9c82f6d870ec253e4c3fa96d83	И	12	75	1920	1080	False	119
508449a7-1c47-44d7-bd06-f0ca5457c7fa	b07a773bcb10b4f14f33d2b0e8ec58ba	И	54	113	720	1280	False	152
5857482d-771d-455e-b6e8-96314bab578b	4299b8ccf39ace57287b463fbe4a489b	И	27	59	1920	960	True	99
c80bd216-a2ca-4291-86ed-338f9ee8f027	0df9d6e419cb18069e696edaa170ba87	И	48	85	1920	864	True	167
f354fd48-0311-4e79-84f4-b68c67170c5d	12c7911f38c7113ce13c71dbd785ce22	И	9	47	1920	1080	True	77
43dbb380-6d0a-4a1c-9afb-87a52727fecc	4d26ad833542291c50de9ce88fb4f64a	И	19	75	1920	1080	False	132
d269b626-d79e-4562-845d-baf0a57ae216	3dd2ce2659aada17b976390004ebe322	И	0	39	1920	886	True	67
2d5feb63-c97a-40bd-90f8-f54d05884f9e	87fe0712fdd150ecc8d02cbbb2e047d6	И	17	90	1280	720	True	91
287b2554-c058-491b-a2b1-7e8cef290580	a2d3f7227726ed3846d9bac38734e85b	И	34	55	1280	720	True	123
4cfb0b7b-8632-40c1-aee7-001557ee4e09	0ceb69ca37aa3e44528c7ce03c329479	И	40	77	1920	1080	True	153
219c26ae-3baa-4d8c-99d7-8026984e5875	bcf5a67e65444f6c1d3119b5d6c3558b	И	7	46	1920	1080	True	82
aff1917b-37ec-4153-abd3-e3742058c4e4	c05c242d2524d1de48c68f1667cd7b6b	И	12	47	1920	1080	True	84
895e9a45-78ee-4ee8-8506-aec3669dfdab	63db05b188249dbd9ce7cc98fe205e1f	И	35	61	1920	1080	True	138
b60b87c8-4bfc-49ef-bfa1-7ffc00ec4955	f2dc6eab563f93d86629c1cfe479f09d	И	17	50	1440	1440	True	83
8f765134-c57d-4843-9a18-8f57ee644c63	68f27043789bb049757486b0ed1cbaab	И	56	93	720	1280	True	108
188c01fc-892f-462e-ace7-e7f9fd110ff0	32f4bb8542738fa1980831515d2949ea	И	11	50	1920	1080	True	82
07228573-642d-4e51-9ede-b5259aee0828	a85134b72f825ac9569e44e9ae53b128	И	16	76	1920	1080	True	108
759c9ab3-74d4-44c4-a537-cae33ebb472e	8c34c33a92e42220b2e080bdb388d532	И	21	53	1920	1080	True	83
a63badc4-7939-4d9c-8a3a-91e9bfcd8fe4	362b7038ed4bd4b527fce434f14d2aaf	И	11	49	1920	1080	True	89
0419389f-38f3-46c7-9ae4-dc9c5751c040	23f5ca29e3183e356572642263a836ac	И	15	60	720	1280	True	92
166d92ed-17d8-44fd-8627-2e4ab4abe5ce	1cdaed3814fe5a4bfa9baa5d3f94ecc4	И	23	47	1080	1920	False	91
5c96495e-ae32-44c1-97a3-bf0977bf3ad1	b6bc47e76a066769495f3a22455713b5	И	18	62	1280	720	True	82
4b833f80-af68-4492-99c3-13ad51ebbb77	d5a3d6c977e8ce1cd3a4eac0908d4d7d	И	4	64	1920	1080	True	96
6c6c797f-7d4f-444b-aec2-065b93359a77	c8f885a4da648650dbecffbb38258989	И	23	55	1920	1080	True	127
8ec668f7-8989-44d5-83cb-c9f2e1c55b8e	2916c8f459bac1870fe3897d0340b148	И	19	68	720	1280	True	113
28fb4ad0-7ccd-42ea-aa78-5eb8025db5f2	2fa7bff4283637452ca0e2575a1815be	И	14	55	1920	1080	True	129
9148abb0-76d2-4d55-a382-d7ae68b37b77	e9df86cd8713f2fa9f2077a2197c7136	И	32	170	1920	1080	True	223
36850edc-e3d3-45f1-bd4d-415223b0963a	dc96b1d1a840878c4ad209500dea570b	И	32	98	920	1920	True	147
0927e921-acc5-4586-ba6a-b1ddd66dc53c	5cfa6de910fe7b0af5f422d0df9f06d5	И	33	90	1920	1080	False	137
dd84ad08-6912-41a5-822d-ea75cb52e202	f3cf3f9bb709ce2bee3da304a4ccb427	И	41	82	1920	1080	True	157
da05de4c-924c-4bd0-9e31-ebe0f730ade6	adfe9c8ea85db4e65f36572669cbfed5	И	7	79	1920	1080	True	126
0e6b8c5d-a83e-4945-92a8-f93d3626ce6d	28f7e6734615f41bc0366dee5c563f09	И	39	98	720	1280	True	149
8afaa593-cce8-487b-a581-70bd7926b1cf	bd4e2755d88d8d835a07df3c78cdfc3c	И	15	56	1920	1080	True	81
25b04ccc-30fe-4b3b-be8e-e7c59051fde5	aa12bfdceb971561727e86d34aff35ac	И	23	98	1920	1080	True	134
93cbfafc-523f-493e-99fe-9d48f56d5a77	b6dbf3d8d6ed9fb9283b687910f6e829	И	15	48	1920	1080	True	81
0538ab8843cfd6bfa5a175d8916ea88a	27901	И	33	98	1920	1080	True	149
781f4054d0739eaa87d7f4c73713d32b	29585	И	0	39	1920	1080	True	64
fcc7a1587a2c45154e3eec6485a9a7c0	28593	И	38	79	1280	720	True	122
4de60da39f48e378d1f3fda30ad7dcc6	29229	И	48	127	1920	1080	True	181
38fd8f02b9c2f4cf113c32a67ff8018b	30009	И	52	92	1280	720	True	165
11d83e58b649969b6162e7b43d97134a	29970	И	8	53	1920	1080	True	79
850eef86d801fe9f850754175a1d2681	27658	И	57	103	1920	1080	False	140
eea9e5bcdd599d6db2d7e89ac2689c06	24438	И	48	122	1280	720	True	199
db065d67477fc2a43c467248a64c5001	23309	И	28	64	1280	720	True	66
33b23b06f01095b7a90591a8772ac711	21759	И	31	74	1920	1080	True	138
f3bbb612d4dbdc416c24d75fa0dd9068	29318	И	47	109	1280	720	True	146
fc3bd5ac2c46554016cce53f2baef058	29673	И	34	78	1920	1080	True	179
bf353ce46c862df843dfd53fca73cc86	29898	И	26	59	720	960	True	74
085653683cfa57900929c1ad6a7f0514	29751	И	19	76	1920	1080	True	113
d890fc1c70bb1ddd020748cc6e277805	22109	И	27	87	1280	720	True	88
09beb2de883ebd7c8ab63ed00bb91758	13790	И	41	97	720	1280	True	112
54a6163f7c18f8df571548125e74eb2b	21288	И	18	60	1280	720	True	67
c89fe14fd5d82de80077aa9eaaf2f7ea	27086	И	18	68	1920	1080	True	115
25480100c6a3357eea0033a619d5ba01	29762	И	41	129	1280	720	True	183
e903b470bb8161453a0a62b7685d7cd1	21271	И	53	120	1280	720	True	155
1595eb445282610ebdca663baba93845	27399	И	10	54	1920	1080	True	76
e3f65d46-35e4-4111-a49e-12a100081a1f	52003757d6b63a3ee7a71f36f5a9a17b	И	11	64	1920	1080	True	95
460036ae-0130-4b29-b06a-ee5a37ca7421	40ad51b49892dca94b905eca8926568a	И	0	59	1920	1080	True	97
470bd050-ddb9-422f-88b3-a1405fad1af4	efc86825b9a40bcdcc9b54ab81aab3fe	И	6	43	1920	1080	True	45
16cc85ed-aa9a-4094-b699-9d8714a0ff90	4aef7889ad6cd118ce4dab1e3b998a01	И	17	49	1920	1080	True	92
9f6394a0-963d-4c9f-aa54-7aafa84e8456	2d5120991a63d659f0eef6123f092100	И	10	57	1920	1080	True	110
523af32e-658f-4da0-aab5-c3d49e63ca7a	b4e852a75cacf8642412dfc05e2126a3	И	0	66	1920	1080	True	66
2cfc2834-9641-4136-80e3-0d5e2be4b229	0c3d5473fba13210722e53374b736416	И	20	56	1920	1080	True	100
81f532c2-e665-496c-b7a2-5c5f2eed8365	49b45af05ac6192685bee4e29cdf1e48	И	19	62	1080	1920	True	96
f67c3382-a307-4b86-bb4f-13ee2fb6f5f2	7faa41c4cf0a2602a23390de23574993	И	56	123	1080	1920	True	152
513ca806-ca41-42d2-ac8f-8d3f9462fcf2	194612f32f5297e4699c2c0beb9b336a	И	22	87	1920	1080	True	114
a8afeaac-76ab-41c6-833e-8d703959429b	48bc83c415e12683f469d16027829654	И	13	68	1920	1080	True	107
d5aaa965-613f-4d9a-b79a-a73c7195b874	e4bd328bca8e6f51bd6f4f019692b666	И	28	65	1440	1440	True	97
d44574e3-af0f-432a-a960-a385f19e231a	33b317c5a26046cafcd795a2fe4e919e	И	25	52	1080	1920	True	94
da45a056-2677-487a-99d3-5caabd915459	76aa633fcb2bec4e6b0852635a8af57c	И	14	64	1920	1080	True	102
3a76699a-49cc-4a50-b33a-59763bddd6d1	6ca843830e5d2608f5d486f02e37dad9	И	9	41	1920	1080	True	73
1bec4310-a384-491a-a08c-0ba02bfbf785	570c2405d58fe08bce66f55c42bc36b0	И	25	68	1080	1920	True	115
fd77732d-9188-4baa-a678-b5fb7298c13f	3018b64d2c938f5b6a0826dfdf486f2c	И	21	65	1920	1080	True	120
2ab73d4e-9d76-47c1-9a68-7faab136b67d	3cf00ecfe200a3990d42c6464286d6fb	И	42	88	1920	1080	True	135
47230e06-cb9c-4768-929f-bd1b9d1bc8eb	4b8f634baac82dd96142fa1220b79759	И	22	85	1080	1920	True	114
7f33116e-f273-4269-9b1a-3c2d4cc89340	324cdee3d2550397efb761d8fff48139	И	19	72	1920	1080	True	121
f1fbc085-3e80-4fd0-8166-b90a7af4092f	04af3ba065bb7423e0685ebe180751c1	И	26	62	1920	1440	True	73
17089e9e-d263-48f1-b602-e639409e4c2b	c80b4e57f158f28299b2a89694c42329	И	39	82	1920	1080	True	129
0a3407a3-97b7-45c7-a254-bc071906b3ef	3ef4548431002f9f8fd7f39987be22c1	И	36	74	1920	1080	True	119
b7ff13b2-4d6a-41be-83f7-b1b438deb79a	b56726d7b447d88e526f7da2e9e0e520	И	12	60	1920	1080	True	73
240fabc8-95cf-4e71-9a17-278e8c5ccaf8	55ac05bf18204955c640591070dd1118	И	17	55	1920	1140	True	96
0a4656e6-dd13-4656-ac5f-24b37e02feda	95d5ca4d8706b85bfe8447cc7e83c86a	И	8	53	1920	822	False	94
d5d6cde8-cea9-42e2-952d-d71d05ab85f8	86ec735f573ae6c36a9dbf9e5bfd4eaf	И	42	109	1920	1080	True	178
65e4f36c-1bd8-435e-8fd3-36bac331cbbf	138356c62cb9cd6168ec85fd31dbb1de	И	22	96	1920	1080	True	130
885898c7-2527-4531-b02a-c58b92e5cdcd	6520ea9b92b24339fb538be29b315e0b	И	5	38	1920	1080	True	72
711df0f6-24b4-46b1-9225-1b4b75057e9c	e97c55b450c4b2ae48a165e349f0f3eb	И	22	72	1920	1080	True	120
06a346fe-7ca8-4897-bf77-3acabe756b19	c2f39049d2c1d9527683ed47b4fb6ad7	И	6	44	1920	1080	True	45
a47ccca9-7ad1-4df1-818c-b38437b3e3f7	b34ac47997680835ece485b13845fefd	И	7	44	1920	1080	True	78
565a11e4-986b-4d16-9afe-1ce55c935464	ff169f3bbab458308b88188be3657125	И	6	62	1920	1080	True	131
27ae2da7-08f9-4e55-9eb1-8fa3aba791a4	bd6e2ad7ab53ceb7b8de9a1842844071	И	33	83	1920	1080	True	129
08193e79-0152-41f8-8dfc-6a082dd9776e	83624345fa124849e833a8664f21f3ea	И	29	84	1920	1080	True	118
32ba22d3-920b-4ca2-9afb-6f0af6b9cf4a	7c989fdb633be7453228f7c650097205	И	28	76	1920	1080	True	96
5c9f33a9-7839-4516-8769-c458bc61502b	420e55e9cc86ffe6ca183d41d80ee67c	И	19	57	1650	1080	True	76
d3e21da6-a9ae-4dc1-84d1-48d13a15e7a2	630a57fb2f40debe5a2c782349c9a26f	И	19	59	1920	1080	True	94
2fcec0de-9058-46b3-81ce-58d5798ffe0c	a8a635e6eaa8edb003c5a2b1cef789b5	И	22	62	1440	1440	True	106
65918002-5949-4654-a923-b3943da28acc	d01fdbbbd69ec8c4914397ba4abb899c	И	38	112	1920	1080	True	141
6e7f3593-d8bc-4060-98cf-2eace55a000c	0f7aee11724db9ef1f9df422f7443e28	И	49	79	1920	1080	True	131
3c96d48e-d57b-4a2c-a2c2-fda1df8fc3c0	37bed46cc436da755b02db4bda5fd1e2	И	33	66	1920	1080	True	119
429c658abbdc2908bfdb184fb31acfba	29674	И	3	36	1920	1080	True	53
ac7b3b87e1c0ace2678076566fa96436	21710	И	17	77	1920	1080	False	107
a5948d20-283a-45d4-8ab3-9c63f35db522	185bd3a81d9d618518d10abebf0d17a8	Й	38	112	1920	1080	False	161
71625fa8-1c5d-4760-aad9-e442f24a4b71	9a0784a99ea13a8b06cb103c2c8c7f0f	Й	7	57	1920	1080	True	57
7fd81db3-1d9c-46d5-b97f-5d8b2580bd4d	a95892dae1d320bd8b08cbca6a127cd8	Й	10	53	1080	1920	False	62
318d1f95-91fb-4413-9563-2f6f44160381	1860c7f3605089bf0eff0c4e72c7add4	Й	13	93	1440	1440	True	131
53e6bfc5-de91-49f4-96de-1269f3a75330	46dd04a1caa75ed3082b573cb5a3ad26	Й	0	38	1920	1080	False	66
ce9dd907-35f1-4a30-a947-d2214c2bcc3d	ca6b767f0cccf093ba737ae2fc4fec3d	Й	13	51	1920	1080	True	52
4a812789-54f3-45c5-bb49-af77861c2598	db573f94204e56e0cf3fc2ea000e5bdc	Й	6	60	1280	720	False	98
06a150f0-c7b7-4a72-ac57-9693a58b154d	fc6e5caa3dc328e7558b072e6607e399	Й	11	52	1920	1080	False	80
395bf906-78d0-4a48-b63b-9f2fecfe8d53	50334f2a79561498829a34a2c90984b1	Й	55	105	1920	1080	False	208
e63da25a-96ea-4791-aa12-d44630664e5e	0211b488644476dd0fec656ccb9b74fc	Й	49	111	1080	1920	False	133
824c15d6-e17c-4d19-a040-88c445687956	2d84da20c251acaeb3186642fcb04f2e	Й	18	56	1920	1080	False	103
d3de2e4b-01f5-4e8f-9231-bdc3c5fa63be	d2b4042ec6d8505a41b809e64d5adb7c	Й	68	105	1920	1080	True	122
582cd0a7-3ecd-4372-ac0f-cbfeabfde9b7	0ab4f8e463cdded2e59d6001f4e1b487	Й	6	51	1080	1920	False	73
bb27367e-2cfc-486b-ad0b-9db3675e06c0	9f9b13d8e63bd774b4ad1bd14f56147d	Й	16	51	720	1280	False	91
693a4af4-fd08-457f-8287-79bda58dba52	13c4baf863bfb1aa4ac638650e508d3b	Й	11	57	1080	1920	True	96
5037deb4-1a75-4165-a2d5-012f034c2753	53c3af7712ee8220b2faed1a55a82eca	Й	34	83	1920	1080	True	118
278a7e40-984e-4d80-a8ec-bad2c53e86f0	f5b82a9c82f6d870ec253e4c3fa96d83	Й	8	68	1920	1080	False	115
80bd23cc-1fad-4670-b00c-96aae0776321	95af8e702c909eee7145c6dc1a3d756b	Й	15	58	1280	720	False	83
6956802e-9fa8-430e-8aa1-d75bdf007598	0041ec866777f12c384b64d8cd636277	Й	13	71	1920	1080	False	109
d7cc2c7d-d934-437b-995a-443b7846d4de	0df9d6e419cb18069e696edaa170ba87	Й	14	76	1920	864	True	132
20320b98-4fe3-4673-87f6-b7d0d452ca74	4299b8ccf39ace57287b463fbe4a489b	Й	28	56	1920	960	True	94
cabb73b8-bf68-4b63-981e-6e4d10c5211d	b07a773bcb10b4f14f33d2b0e8ec58ba	Й	25	122	720	1280	False	153
d843b3cb-40ab-4bf9-8cf2-9bc8362f91e3	12c7911f38c7113ce13c71dbd785ce22	Й	18	73	1920	1080	True	120
b7726748-be12-4fe1-be54-5f9b88340fdd	f2dc6eab563f93d86629c1cfe479f09d	Й	14	44	1440	1440	True	80
88310879-a9e2-466d-83b8-fab1ab19a7b8	4d26ad833542291c50de9ce88fb4f64a	Й	13	71	1920	1080	False	137
f5f799e2-537f-4353-ac7d-384098225f6d	3dd2ce2659aada17b976390004ebe322	Й	0	36	1920	886	True	65
a16ecccf-4c41-4942-b9f5-ce57ee55ba83	68f27043789bb049757486b0ed1cbaab	Й	59	101	720	1280	True	120
fb2d5bc3-0f2d-44bd-8b74-4e94de8f474c	76aa633fcb2bec4e6b0852635a8af57c	Й	14	65	1920	1080	True	105
89f0c5b5-2b92-4969-83e5-43603178e3b5	b4e852a75cacf8642412dfc05e2126a3	Й	27	82	1920	1080	True	117
a92af930-9c54-4813-a82e-36850067f30c	a8dc3ffc818b23319cea1757602ad8e8	Й	10	52	1280	720	True	104
ec613832-b905-422a-af78-0b0c95fe9a96	6fefb7617d77222efd121f4a2d6a79d6	Й	20	61	720	1280	True	119
46eec81c-5df2-477f-aa36-03530e7cc189	52003757d6b63a3ee7a71f36f5a9a17b	Й	1	47	1920	1080	True	75
c6b85993-c678-49c5-afcc-5d8ccc74ba23	feea6c22175f962ab28452f7314d1bc0	Й	23	107	720	1280	True	127
1426e5ff-5a62-45c9-8c26-7686b48257a9	81c0cdc37caa67e7ddf8e06c0a4443c8	Й	39	91	1920	880	True	146
217ddcd6-15e6-490c-9696-e9dbe927f88d	fb1007e5ffe149cc08bccaf8eda2ce31	Й	12	71	1280	720	True	103
4e6e9dda-7b7a-4687-9ef7-e274e96a317a	ab460ff83e8c5b13a705a9e2081023c2	Й	11	59	1920	880	True	96
e1258c09-f702-4c3b-9168-058df7ef1067	0c3d5473fba13210722e53374b736416	Й	18	65	1920	1080	True	94
db9d6580-a9cb-4584-8231-51f5f61d1fb7	33b317c5a26046cafcd795a2fe4e919e	Й	21	64	1080	1920	True	110
2611aea7-8d8e-4422-a810-1609f714af43	63db05b188249dbd9ce7cc98fe205e1f	Й	58	128	1920	1080	True	188
584c4b81-7689-4a85-83f6-7a98ed249483	32f4bb8542738fa1980831515d2949ea	Й	14	71	1920	1080	True	114
05f9f218-1da5-4f61-98da-203646cb01d8	8c34c33a92e42220b2e080bdb388d532	Й	23	60	1920	1080	True	96
14d9c82a-1ab9-475f-b4be-3d9abecccc1d	362b7038ed4bd4b527fce434f14d2aaf	Й	7	51	1920	1080	True	76
c12b537d-3e7b-4b7b-8c31-aeee34022951	bd4e2755d88d8d835a07df3c78cdfc3c	Й	9	42	1920	1080	True	73
37c410f7-aa6e-4daf-a607-875fecafee41	e9df86cd8713f2fa9f2077a2197c7136	Й	38	149	1920	1080	True	192
a5fca16a-a861-4c98-aca8-3c2fbd1ffe3d	a050ef5cb26b9d7f2ccdbedd1411ffa9	Й	23	60	1280	720	True	99
4cad64f5-d49e-4975-b573-2b72ce79f721	0c954cec2fd8884fff2ceeb41bd1b89d	Й	19	75	1440	1198	True	87
b0bd0429-42c0-44f6-94e0-8b48a5b5b931	a5f261810c66a72ed1d61890eefe1672	Й	32	89	1280	720	True	118
7b8e0fcc-b359-493b-945b-bd83211dadd1	c8f885a4da648650dbecffbb38258989	Й	19	57	1920	1080	True	105
dfcca007-ff2e-4bcc-8dfe-7e975bda89c8	b6dbf3d8d6ed9fb9283b687910f6e829	Й	11	51	1920	1080	True	82
7a768c58-b7cd-4306-820e-e4f489dda74c	95d5ca4d8706b85bfe8447cc7e83c86a	Й	4	51	1920	822	False	83
bf8ae89c-92f6-4e23-af86-fdb8effcca9d	a85134b72f825ac9569e44e9ae53b128	Й	23	66	1080	1920	True	97
455a385b-9cd6-4bc4-93c8-924db4d69d7f	b6bc47e76a066769495f3a22455713b5	Й	21	65	1280	720	True	93
1fe8dc12f89b9fada7be8dbc60310bda	27901	Й	17	94	1920	1080	True	130
1830887a8fe6eb643adc259b1da493fb	29585	Й	6	53	1920	1080	True	74
31520532bdc394010bb9ff923c822304	28593	Й	25	82	1280	720	True	106
0b77c92041375e1bb9da5f3ddbbabe3e	29229	Й	33	109	1920	1080	True	151
453887c0abbe202ef8e85ebccba9d807	13790	Й	24	63	1280	720	True	83
1d3aa07cea7aad328d0074c1c3654987	23309	Й	17	63	1280	720	True	65
b7012f8eb5dfb8f1776cfd5b84ec6668	29970	Й	0	41	1920	1080	True	80
1fc8415335b013f2316b6f65559f8024	27658	Й	21	72	1920	1080	False	88
3742248916352c3f1b5f2bfe3c4cebf0	21759	Й	21	73	1920	1080	True	123
86c0a7ff7a79e9d8373c14f184869b0b	29318	Й	44	97	1280	720	True	140
116395d3a67007c3cfeb397bdab24e56	22109	Й	29	83	1280	720	True	91
6cafd85d41dd6d74f3aac89147084693	27086	Й	19	64	1920	1080	True	113
89ef957deefaa3d1ac5b4f316502e15e	29762	Й	23	79	1280	720	True	131
a040a7fa880b67d45995499797fafd1e	21271	Й	39	89	1280	720	True	127
461f7f95afd5fb61c23c4c9eb21b6891	27399	Й	13	57	1920	1080	True	82
a039e10a-1442-480f-b418-5ebc14c72e1f	efc86825b9a40bcdcc9b54ab81aab3fe	Й	20	75	1920	1080	True	86
488f747b-e42d-4d22-89fb-a3bcd7be02da	d5a3d6c977e8ce1cd3a4eac0908d4d7d	Й	14	64	1920	1080	True	97
1c100c49-95bf-49da-907b-6180fabde3d7	4aef7889ad6cd118ce4dab1e3b998a01	Й	5	48	1920	1080	True	85
795ca0b3-9bd2-49ac-ac94-d8fb7f87af54	2d5120991a63d659f0eef6123f092100	Й	10	52	1080	1920	True	81
4d99ff88-3a7d-4ed3-ad01-a4dc800759c1	49b45af05ac6192685bee4e29cdf1e48	Й	21	64	1080	1920	True	107
2d7500a0-8f20-4c0a-b688-4d77282c1cf1	e8a84a6ab0e41fc41afea94dd06f7fd9	Й	25	55	1080	1920	True	57
3c9c6e38-ef2a-46fd-ad40-e1768e91d473	194612f32f5297e4699c2c0beb9b336a	Й	23	71	1920	1080	True	105
e78838f3-f417-46c6-9735-f719c4e995a6	48bc83c415e12683f469d16027829654	Й	14	52	1920	1080	True	100
6586a36f-82b0-44c9-8145-f21ab4e6742e	d6349cdcc76fc803d1a544fe2c18f298	Й	20	73	1920	1080	True	125
2f6d0181-0e71-4bbe-a116-a2b42716ed1c	570c2405d58fe08bce66f55c42bc36b0	Й	23	70	1080	1920	True	127
bc13d34b-bd1d-410d-b6c0-4029adbf3e38	3018b64d2c938f5b6a0826dfdf486f2c	Й	30	76	1920	1080	True	124
4d6152c2-a102-4d5e-938b-5bfd045fa901	aa12bfdceb971561727e86d34aff35ac	Й	13	89	1920	1080	True	113
b0bb1a3a-5130-43c8-af31-7333147c4552	3cf00ecfe200a3990d42c6464286d6fb	Й	37	107	1920	1080	True	163
f16196c5-a785-4103-9683-8dcb68b3bdbd	4b8f634baac82dd96142fa1220b79759	Й	22	60	1080	1920	True	104
383af9f4-3031-47aa-841f-b927b70788e8	04af3ba065bb7423e0685ebe180751c1	Й	18	43	1920	1440	True	71
49f02851-a764-47fd-8021-0f19f4a9550f	c80b4e57f158f28299b2a89694c42329	Й	44	96	1920	1080	True	152
f8408d41-9e79-44f0-931a-4e40e3cb6970	f0148de24ae19f321a7315d46021d17e	Й	18	75	1920	1080	True	110
36d2e0e4-d703-4553-a581-60aaecdddb81	55ac05bf18204955c640591070dd1118	Й	28	70	1920	1200	True	114
890a24b6-71df-47b9-bd6c-4a5528d3820c	5cfa6de910fe7b0af5f422d0df9f06d5	Й	25	63	1920	1080	False	123
4ba4261b-185f-4a93-9181-a66a8356ab39	1cdaed3814fe5a4bfa9baa5d3f94ecc4	Й	29	71	1920	1080	False	99
c45d1ea2-1884-4832-a565-f2b29723e059	f3cf3f9bb709ce2bee3da304a4ccb427	Й	34	81	1920	1080	True	145
7c2fcda7-8950-4c77-9edb-9b7ca63d7ff9	86ec735f573ae6c36a9dbf9e5bfd4eaf	Й	56	112	1920	1080	True	188
fdb9078a-63f3-4ec5-8cb3-b6423ab17587	e97c55b450c4b2ae48a165e349f0f3eb	Й	45	113	1920	1080	True	191
e0098456-c564-4d3b-9fa3-7ef8f3c66fbc	c2f39049d2c1d9527683ed47b4fb6ad7	Й	5	60	1920	1080	True	60
e40f2506-c56a-4b25-8d98-69bca70bcd3d	b34ac47997680835ece485b13845fefd	Й	15	45	1920	1080	True	94
7a2d79b6-c393-4ec8-808f-47d2049298fb	0f7aee11724db9ef1f9df422f7443e28	Й	45	97	1920	1080	True	124
7131073b-3688-4144-ae15-e5f48faf6715	ff169f3bbab458308b88188be3657125	Й	12	68	1080	1920	True	130
51f938a1-5946-4b6b-9e36-08796730e5e0	bd6e2ad7ab53ceb7b8de9a1842844071	Й	29	76	1920	1080	True	133
f47783ac-09b8-4d49-9f53-b182a2f6f725	bd22df5de9c7373f6182446d80e4eef3	Й	34	75	1920	1080	True	114
a9cea140-52e5-4e41-a234-ce8160b8fd9a	7c989fdb633be7453228f7c650097205	Й	31	66	1920	1080	True	92
7c3a53d0-17e0-4f65-89f6-5da1263d6574	7faa41c4cf0a2602a23390de23574993	Й	53	105	1080	1920	True	207
2d0ec35b-e5b0-4811-8778-5629f29a95b1	a8a635e6eaa8edb003c5a2b1cef789b5	Й	40	80	1440	1440	True	120
820ec590-c718-48cd-9247-dfe4c3e018c3	3ef4548431002f9f8fd7f39987be22c1	Й	19	67	1920	1080	True	101
e14d91b0-3d69-40a8-bf89-9ccc52d6f643	adfe9c8ea85db4e65f36572669cbfed5	Й	3	44	1920	1080	True	97
59314d57242f4fedbcbd351f3990f737	29674	Й	17	65	1920	1080	True	86
1b8ba9c1874045a372cdcc7da8bf4535	30057	Й	11	77	1920	1080	True	101
24705eae0217e3bf8056c9190badc2c6	21710	Й	14	72	1920	1080	False	106
bf204fdaf0a13b2f0dfe161732d8e7b9	29751	Й	11	86	1920	1080	True	115
d294f321-fbd3-4b77-a1e9-bb969f91f1a3	185bd3a81d9d618518d10abebf0d17a8	К	31	98	1920	1080	False	155
4f46eea3-2774-4670-b77b-3c85e0a8e6ce	9a0784a99ea13a8b06cb103c2c8c7f0f	К	10	73	1920	1080	True	74
5a8415dd-3be5-4343-9c4a-9b1c265e1cb4	0ab4f8e463cdded2e59d6001f4e1b487	К	15	49	1080	1920	False	77
3ed69b08-c79f-4db3-b644-8d214e179c9e	46dd04a1caa75ed3082b573cb5a3ad26	К	11	59	1920	1080	False	98
2b75b8fe-ecb3-4715-9d09-6a8e2af5c6a9	1860c7f3605089bf0eff0c4e72c7add4	К	24	69	1440	1440	True	80
7deb0fae-c8e3-4319-beef-a23c5f5ef3d3	fc6e5caa3dc328e7558b072e6607e399	К	28	78	1920	1080	False	93
5588ffe4-5634-4895-a0b2-d4d50e37d5cf	db573f94204e56e0cf3fc2ea000e5bdc	К	1	50	1280	720	False	113
534138c9-5960-41b4-92f3-36364b1bec28	a95892dae1d320bd8b08cbca6a127cd8	К	2	34	1080	1920	False	39
5ed7a1f8-6190-4bca-ac27-b5adc1e0f8d4	0211b488644476dd0fec656ccb9b74fc	К	13	58	1920	1080	False	90
490bb1c5-b957-4b86-b399-d9771378a4ed	50334f2a79561498829a34a2c90984b1	К	53	103	1920	1080	False	188
fa09e0d0-7e26-4a8e-b030-0449934191c6	2d84da20c251acaeb3186642fcb04f2e	К	17	54	1920	1080	False	86
a5bc2673-9e53-4211-9609-285c825f75cc	9f9b13d8e63bd774b4ad1bd14f56147d	К	41	73	720	1280	False	83
f5559b64-fdff-4079-b8ed-54e9743ec360	0041ec866777f12c384b64d8cd636277	К	11	56	1920	1080	False	87
6a2b662c-2f2a-4def-b9de-a26ef1695224	b07a773bcb10b4f14f33d2b0e8ec58ba	К	26	69	720	1280	False	109
084b710c-83c6-4fa8-b3d7-8a053de8e910	f5b82a9c82f6d870ec253e4c3fa96d83	К	12	49	1920	1080	False	95
1b8bee3c-4d59-45a7-b42b-659b52b19ef4	95af8e702c909eee7145c6dc1a3d756b	К	2	36	1280	720	False	58
78a34ad4-ea9d-42f2-bcb6-4f67971f9b28	0df9d6e419cb18069e696edaa170ba87	К	37	77	1920	864	True	147
9bee0d30-cb50-42b7-8edd-db0b7db2807a	4299b8ccf39ace57287b463fbe4a489b	К	25	67	1920	960	True	100
7fbd1c31-8f35-4e5b-85ba-469457c3f206	12c7911f38c7113ce13c71dbd785ce22	К	8	63	1920	1080	True	86
83a5fa53-0f46-46f9-b6d3-3b6e521c3f23	f2dc6eab563f93d86629c1cfe479f09d	К	16	53	1440	1440	True	66
e20a7f13-9c50-4ec2-94a9-4dee4f0a44a5	4d26ad833542291c50de9ce88fb4f64a	К	13	55	1920	1080	False	113
a4c1fd08-8807-4581-8c94-b0a5f3684603	87fe0712fdd150ecc8d02cbbb2e047d6	К	19	64	1280	720	True	83
eedbf578-e811-482e-8bd1-3a6c26b55e8e	68f27043789bb049757486b0ed1cbaab	К	12	45	720	1280	True	62
dc66719e-0234-416a-80fb-5f539125cb59	ca6b767f0cccf093ba737ae2fc4fec3d	К	15	46	1920	1080	True	113
a2a13ceb-e186-4a1f-ae19-1e9e458aa1c0	c05c242d2524d1de48c68f1667cd7b6b	К	5	48	1920	1080	True	86
8c83e989-37bc-4ce3-b75e-6d87ee8a70a9	63db05b188249dbd9ce7cc98fe205e1f	К	38	88	1920	1080	True	148
dfbd27ae-d542-4c95-bf0a-09cabf8ad8ac	0ceb69ca37aa3e44528c7ce03c329479	К	23	53	1920	1080	True	118
073e3d72-7f01-4e70-84ac-36dcff82975d	32f4bb8542738fa1980831515d2949ea	К	9	56	1920	1080	True	92
01900f30-689a-431c-b8d1-52e4ee24dee5	27032346b8d1e263473c0451843a8a6a	К	23	63	1080	1920	True	89
4083ebf9-aa2c-4664-82c2-a8ae92dcf73f	a85134b72f825ac9569e44e9ae53b128	К	20	85	1080	1920	True	135
6b72a476-b158-4b04-a847-35f65e47182c	bd4e2755d88d8d835a07df3c78cdfc3c	К	13	56	1920	1080	True	85
372384a6-25ed-431c-b51e-689beccb360e	362b7038ed4bd4b527fce434f14d2aaf	К	23	56	1920	1080	True	85
76cba070-0069-464b-a3d0-9d3c3ff36530	0f7aee11724db9ef1f9df422f7443e28	К	47	98	1920	1080	True	134
17e5d436-b894-4a80-ba9d-033d1e20c7ad	0c954cec2fd8884fff2ceeb41bd1b89d	К	48	94	1440	1440	True	117
e12377f5-1f4c-4092-a6b6-8afae614c030	b6bc47e76a066769495f3a22455713b5	К	9	52	1280	720	True	76
12be89b6-f758-4d76-ae40-d159f584bb5d	a8b89f85a363edca5d0cfa080065f2d6	К	4	48	1920	1080	True	68
44114725-b3d1-4800-b630-fe30e8c65170	b34ac47997680835ece485b13845fefd	К	5	44	1920	1080	True	83
7c30a562-0808-46e6-ac9c-0fe1b36fc055	a8dc3ffc818b23319cea1757602ad8e8	К	4	40	1280	720	True	72
e9b4adb1-0b98-4029-977f-d3c4f132407f	e9df86cd8713f2fa9f2077a2197c7136	К	26	122	1920	1080	True	160
91e3c06b-5d98-4591-af06-077eec7ee6b8	1cdaed3814fe5a4bfa9baa5d3f94ecc4	К	23	47	1920	1080	False	94
f8d8153d-303e-4905-b8aa-fc4672c41a8a	28f7e6734615f41bc0366dee5c563f09	К	18	64	720	1280	True	89
3b0c6f6b-8d6b-4ab2-8f74-63659f25a4db	95d5ca4d8706b85bfe8447cc7e83c86a	К	7	46	1920	822	False	88
a3decb17-9cda-4c01-997f-5b28607edefa	f3cf3f9bb709ce2bee3da304a4ccb427	К	30	74	1920	1080	True	158
7e9d57e1-c1fa-440a-bcb5-f06d9390ec9a	8c34c33a92e42220b2e080bdb388d532	К	16	50	1920	1080	True	85
ed13c09fd758a22c767c26e74503e741	27901	К	27	83	1920	1080	True	121
5c5bef35b538153289fd666845454df4	29585	К	5	44	1920	1080	True	77
6c1ea977ed6f42ca83a664019d791c04	28593	К	19	61	1280	720	True	89
33ea95b8625939dd208fba7ac937882b	30009	К	38	96	1280	720	True	167
31efd5cfba56d35b2cc425e166b520da	29673	К	38	90	1920	1080	True	157
a31eae86f723b4a266a5eb81f3daed3d	21759	К	31	65	1920	1080	True	130
1c05d8e8b32587c88baff096ce919c21	29283	К	27	60	1280	720	True	99
9af13f54280019270c518f105ae0c63d	29229	К	39	82	1920	1080	True	152
a469207e52663ab5458e3c8cc08a934f	29318	К	44	94	1280	720	True	134
9963443385efc663059742ede80ca0b1	29898	К	20	78	720	960	True	91
42c5151b8c9be925dbab5b75b58dde7a	29751	К	7	47	1920	1080	True	78
c297d2a7f6e4cef0e2e81e46e4ead4f5	23309	К	16	47	1280	720	True	83
e8482c04f3d7d6aa80ae9df3d0f6c9e6	27086	К	12	56	1920	1080	True	87
42420530495fcb590c2bb0ee34b39728	22109	К	40	98	1280	720	True	106
9e7e4a458fcca09bb3328e794c98a0c6	29970	К	1	18	1920	1080	True	80
27205c3321c66cd627d45973295b87dc	13790	К	38	94	720	1280	True	95
8f9ee6e8c5f587964a22fdeeb705357d	21271	К	61	108	1280	720	True	156
b9982d3156f0409185274dc4a3f1e1b0	27399	К	18	75	1920	1080	True	97
2f3ed2bd-e408-4a26-bb3d-92bf18085c71	c3bc70b01dcc8b515891a4d097719b0f	К	78	102	1920	1080	True	177
2f03e9dc-06e6-4ba4-a956-ab5764e1158b	efc86825b9a40bcdcc9b54ab81aab3fe	К	13	60	1920	1080	True	60
5ed5df1b-ea25-481e-97ec-1c0e2f4317d2	40ad51b49892dca94b905eca8926568a	К	0	56	1920	1080	True	91
157a7e74-9fe4-4fdc-b2ca-8cf0d91f4b13	52003757d6b63a3ee7a71f36f5a9a17b	К	0	44	1920	1080	True	75
6c9b9ff7-276c-4068-b6dd-d58a89779ccb	4aef7889ad6cd118ce4dab1e3b998a01	К	15	57	1920	1080	True	93
12c70e14-4686-4154-89d2-55c041ee9021	d5a3d6c977e8ce1cd3a4eac0908d4d7d	К	13	51	1920	1080	True	91
694d6cee-c30a-4951-8d19-2aa0d9384221	2d5120991a63d659f0eef6123f092100	К	18	57	1080	1920	True	95
bd1a04d6-ea95-4a3c-8eb8-ae7913b8f5d6	b4e852a75cacf8642412dfc05e2126a3	К	1	41	1920	1080	True	67
bd3d84f5-3301-49b8-b84c-fe12130fab4d	0c3d5473fba13210722e53374b736416	К	18	56	1920	1080	True	94
55f8001f-12de-4533-b189-a95292a35357	53c3af7712ee8220b2faed1a55a82eca	К	12	40	1080	1920	True	82
e860bf24-86ac-4aa6-b272-32521df25818	194612f32f5297e4699c2c0beb9b336a	К	23	66	1920	1080	True	108
733c210f-1e6e-4e91-ba98-9388821ea6dd	48bc83c415e12683f469d16027829654	К	17	48	1920	1080	True	89
50609647-d2fb-406d-bfa0-979ff43f27f2	b6dbf3d8d6ed9fb9283b687910f6e829	К	13	60	1920	1080	True	100
ceabef6f-6839-45d0-8bad-845208a1c6dc	e4bd328bca8e6f51bd6f4f019692b666	К	24	62	1440	1440	True	91
450ec53d-7318-495b-9705-cc337bd40a02	33b317c5a26046cafcd795a2fe4e919e	К	25	53	1080	1920	True	86
717b23c7-bd80-4d66-9247-e2b7db7d5558	76aa633fcb2bec4e6b0852635a8af57c	К	7	58	1920	1080	True	97
93683681-cc6b-4b62-a148-c6e859600457	aa12bfdceb971561727e86d34aff35ac	К	8	51	1920	1080	True	109
9da5ab92-9f28-4956-a740-fb29a5517cf4	4b8f634baac82dd96142fa1220b79759	К	17	59	1080	1920	True	95
b260e55a-cf27-406d-aa96-b558e94abc12	324cdee3d2550397efb761d8fff48139	К	18	52	1920	1080	True	86
ffe8c316-13bc-4759-bf2b-d27f6174c408	04af3ba065bb7423e0685ebe180751c1	К	29	66	1920	1440	True	67
990277a5-cdc8-440b-bdab-6c3eb6208e41	3ef4548431002f9f8fd7f39987be22c1	К	16	56	1920	1080	True	91
9937072a-37c2-4163-b97c-a1ce6c88e993	55ac05bf18204955c640591070dd1118	К	34	83	1920	1194	True	124
c3c01f80-93ef-4234-9226-fcc6b4c2cb63	5cfa6de910fe7b0af5f422d0df9f06d5	К	24	63	1920	1080	False	108
9f423ffb-f32b-4e8c-82d8-be2e04b1b6d9	86ec735f573ae6c36a9dbf9e5bfd4eaf	К	45	87	1920	1080	True	164
376dca7c-c988-4242-bd49-2752e5f832ba	138356c62cb9cd6168ec85fd31dbb1de	К	17	77	1920	1080	True	108
0e18a104-c500-4315-904c-f75d1ff48a56	6520ea9b92b24339fb538be29b315e0b	К	15	40	1920	1080	True	68
aeea6fce-48fd-49de-b24e-20c0fb01f987	e97c55b450c4b2ae48a165e349f0f3eb	К	46	89	1920	1080	True	156
5e3b38b8-d20e-4cdb-bd86-f631abf23d76	c2f39049d2c1d9527683ed47b4fb6ad7	К	11	37	1920	1080	True	46
9928d555-0e73-4fee-b3f7-45cc3ba0b35e	7c989fdb633be7453228f7c650097205	К	17	57	1920	1080	True	85
d79405ab-e8d6-4ee2-a18c-6ce1523e2ada	420e55e9cc86ffe6ca183d41d80ee67c	К	13	46	1920	1080	True	77
80431d2a-e850-494e-9bb9-dfd9a1b1e522	83624345fa124849e833a8664f21f3ea	К	19	69	1920	1080	True	93
7e34a323-f5a2-499b-98fb-2ef5516431ec	6753ca229e01b1c71053cb265fd93013	К	30	102	1440	1080	True	130
d51f5417-259a-40cb-b231-c656c57eeca8	a8a635e6eaa8edb003c5a2b1cef789b5	К	18	50	1440	1440	True	77
4525db1e-9310-422e-bde4-64b66421f318	d01fdbbbd69ec8c4914397ba4abb899c	К	20	76	1920	1080	True	85
ff034ec4-809c-4cbd-ba9c-2ac4f73bf913	3cf00ecfe200a3990d42c6464286d6fb	К	20	63	1920	1080	True	103
b70997b8-2090-4362-b7fc-2a2ef4501dbf	c80b4e57f158f28299b2a89694c42329	К	28	72	1920	1080	True	105
61238403-094f-435b-a824-4e3df98c390c	adfe9c8ea85db4e65f36572669cbfed5	К	3	40	1920	1080	True	86
e5a1c559-ce83-4ab4-aa17-e29260258717	28d653d3548e4508aaa6acbb5dfbeb64	К	81	121	1920	1080	True	178
fc8747b2-92ed-40a5-9745-e84913a6663d	ab460ff83e8c5b13a705a9e2081023c2	К	12	58	1920	1080	True	94
45f185e070788d3b139c75154a7c1054	27658	К	65	131	1920	1080	False	151
909154ed9867ad729be13b1d8411b5da	29674	К	7	43	1920	1080	True	57
0947578a83eca0de5282a0780d2855d5	29804	К	32	92	1920	1080	True	130
32302ec19cfed9feb3e17948b1557f79	21710	К	22	78	1920	1080	False	112
93158e36-2440-4adc-b3a6-8e59b2c6f42b	ca6b767f0cccf093ba737ae2fc4fec3d	Л	16	69	1920	1080	True	90
eced728b-ec24-4f91-a967-7377542a23e6	185bd3a81d9d618518d10abebf0d17a8	Л	31	107	1920	1080	False	150
bbb5ba86-66f0-412d-91c0-858a991949c3	46dd04a1caa75ed3082b573cb5a3ad26	Л	15	57	1920	1080	False	92
0d4c267e-1b34-49c1-9543-7fd9f21ce206	95af8e702c909eee7145c6dc1a3d756b	Л	6	49	1280	720	False	75
49cd6e20-a39c-49e2-a80e-ad8b088f1079	1860c7f3605089bf0eff0c4e72c7add4	Л	7	52	1440	1440	True	67
214c031c-455a-4fe5-b1e5-8518d095dedc	fc6e5caa3dc328e7558b072e6607e399	Л	13	56	1920	1080	False	82
9c05f71d-19d6-4067-b75c-4322b4e14df6	db573f94204e56e0cf3fc2ea000e5bdc	Л	1	56	1280	720	False	101
33791516-7f9a-4269-9ef1-2d8237f21846	a95892dae1d320bd8b08cbca6a127cd8	Л	7	45	1080	1920	False	56
08bd0147-e3b4-4805-8997-3acd99f2b84a	a356848cf0a72f961b81ebb6716f6131	Л	40	121	1920	1080	True	191
9e233fc8-9288-4048-a723-b10fa23d89c8	50334f2a79561498829a34a2c90984b1	Л	45	135	1920	1080	False	227
3d120451-d3f6-4dd4-abb1-6ee8c9feb5ba	0211b488644476dd0fec656ccb9b74fc	Л	19	82	1080	1920	False	113
308e5a8a-76e5-4351-9f93-dccc66576807	0ab4f8e463cdded2e59d6001f4e1b487	Л	11	56	1080	1920	False	77
1db5eb3b-2818-4603-bc65-d6949a0a48d2	9f9b13d8e63bd774b4ad1bd14f56147d	Л	9	58	720	1280	False	85
3a7ff9f3-5f1f-49f9-bd38-1930b7ce0e8b	2d84da20c251acaeb3186642fcb04f2e	Л	22	91	1920	1080	False	125
d03ffd86-32d1-4c53-985c-8825efc9308d	13c4baf863bfb1aa4ac638650e508d3b	Л	11	58	1080	1920	True	69
cd1594df-b120-46ad-a515-bef6ea8eb7c5	0041ec866777f12c384b64d8cd636277	Л	18	55	1920	1080	False	88
a4f7606c-7202-4e5f-b4fb-73ae07b801f0	b07a773bcb10b4f14f33d2b0e8ec58ba	Л	32	79	720	1280	False	107
7c4c1af7-e078-48d7-ad3c-b75e9f69802a	f5b82a9c82f6d870ec253e4c3fa96d83	Л	18	62	1920	1080	False	130
32e6675d-cfe6-4de5-b32b-38105dd77ae5	0df9d6e419cb18069e696edaa170ba87	Л	16	72	1920	864	True	129
aebb4af7-1dd4-466b-8d91-6651f53aca64	4299b8ccf39ace57287b463fbe4a489b	Л	19	64	1920	960	True	92
489d7385-21bf-4fab-adf1-ba79cf1c1ed4	12c7911f38c7113ce13c71dbd785ce22	Л	5	37	1920	1080	True	75
9ab91fda-1a31-4486-942d-1ce65ec424c8	f2dc6eab563f93d86629c1cfe479f09d	Л	22	58	1440	1440	True	86
3eb355a5-e6cc-433f-899f-6f3b196523cb	4d26ad833542291c50de9ce88fb4f64a	Л	15	64	1920	1080	False	133
43e59c8c-7109-45c4-9fb6-5767c942180b	3dd2ce2659aada17b976390004ebe322	Л	1	41	1920	886	True	72
31dd70e4-9b57-4dc4-8dbc-6afd2b8b0e68	68f27043789bb049757486b0ed1cbaab	Л	66	125	720	1280	True	129
c49d86fa-b0d9-47af-9ba6-d3068251a48f	63db05b188249dbd9ce7cc98fe205e1f	Л	51	114	1920	1080	True	189
48891c96-f1b3-4e8d-bfbc-b1f4706b2bb0	0ceb69ca37aa3e44528c7ce03c329479	Л	40	73	1920	1080	True	137
8b4fdd74-9bf6-4420-a902-087ded16b35b	b4e852a75cacf8642412dfc05e2126a3	Л	26	78	1920	1080	True	114
201a9070-5b23-4103-8ad3-2ab3b48c46d8	a8dc3ffc818b23319cea1757602ad8e8	Л	4	51	1280	720	True	82
bfde5275-4183-406b-8bc2-90b32268cd06	feea6c22175f962ab28452f7314d1bc0	Л	25	80	720	1280	True	102
732c2eff-4cd6-49d5-b97b-839462d97e8f	6fefb7617d77222efd121f4a2d6a79d6	Л	20	81	720	1280	True	118
33c7d612-e652-4711-b358-bc0383b17ff2	fb1007e5ffe149cc08bccaf8eda2ce31	Л	28	64	1280	720	True	130
7a08ead1-bae4-4b3e-a09a-384fffb4b797	ab460ff83e8c5b13a705a9e2081023c2	Л	4	46	1920	880	True	62
bdffc73e-8b1d-4bd9-b342-cb1e4d5be317	324cdee3d2550397efb761d8fff48139	Л	19	75	1920	1080	True	106
f69a0c46-321e-4275-9553-2253e7ffd4bf	9a0784a99ea13a8b06cb103c2c8c7f0f	Л	2	24	1920	1080	True	61
62db1c16-cea9-4dd0-b8de-3a50d9316efe	52003757d6b63a3ee7a71f36f5a9a17b	Л	2	59	1920	1080	True	92
11e81bc6-81dd-4198-866d-22e47dc6f1f5	76aa633fcb2bec4e6b0852635a8af57c	Л	6	56	1920	1080	True	117
a2a41623-9c37-4cae-b623-01efbda2a97b	81c0cdc37caa67e7ddf8e06c0a4443c8	Л	42	95	1920	880	True	147
fa3734d6-85b5-415c-b69c-69971d91d4ef	c05c242d2524d1de48c68f1667cd7b6b	Л	2	58	1920	1080	True	80
c2ee69da-eacc-466b-9a5a-5e77da8b41d6	27032346b8d1e263473c0451843a8a6a	Л	9	66	1920	1080	True	105
5bd3028d-1582-402f-8664-204291b51057	96004c3e655c98e436ff552dbe51c3c8	Л	32	123	1920	1080	True	181
5634f689-36a6-4a99-8422-2e2a1554ac01	33b317c5a26046cafcd795a2fe4e919e	Л	38	74	1080	1920	True	110
2d7e62ba-3c9b-49bd-a244-d12e5e06d066	32f4bb8542738fa1980831515d2949ea	Л	4	60	1920	1080	True	92
141260ce-5024-41c9-94ea-bd31561375e3	a85134b72f825ac9569e44e9ae53b128	Л	22	64	1920	1080	True	100
9eceab0c-d624-4331-9139-7cb00c1ee7bd	8c34c33a92e42220b2e080bdb388d532	Л	18	54	1920	1080	True	79
1aa792b5-96ef-48aa-bd53-cbf2d581f3c7	362b7038ed4bd4b527fce434f14d2aaf	Л	20	57	1920	1080	True	97
e4d00953-7fbc-4682-bc77-c51fffe8de41	6520ea9b92b24339fb538be29b315e0b	Л	24	58	1920	1080	True	90
47e2f188-fefa-4683-ba72-db99e412942d	c8f885a4da648650dbecffbb38258989	Л	32	84	1920	1080	True	135
9816023b-a080-4399-a9bb-faa23f0b7bd0	2916c8f459bac1870fe3897d0340b148	Л	23	63	720	1280	True	96
3745a66a-2c78-4fce-80cd-0ac3521e41d1	1cdaed3814fe5a4bfa9baa5d3f94ecc4	Л	28	59	1080	1920	False	96
1c21307a-deb9-4966-aeef-f8236eef43c3	d5a3d6c977e8ce1cd3a4eac0908d4d7d	Л	12	53	1920	1080	True	109
76fe53a7-c3cb-4bb9-b4b9-fc5a2bb27353	138356c62cb9cd6168ec85fd31dbb1de	Л	16	56	1920	1080	True	101
d4d47503-c23d-42aa-ae95-386cea2208b5	2fa7bff4283637452ca0e2575a1815be	Л	12	48	1920	1080	True	86
48f50ac4-3dbe-4dbe-9ea8-db5f565e0f9d	e9df86cd8713f2fa9f2077a2197c7136	Л	37	130	1920	1080	True	185
23e71d06-3f7b-4220-9438-d484680bd105	e97c55b450c4b2ae48a165e349f0f3eb	Л	43	135	1920	1080	True	183
3941528f-6541-4ec8-9bbf-36d7842e0916	5cfa6de910fe7b0af5f422d0df9f06d5	Л	10	54	1920	1080	False	88
9cab52a1-706f-4837-8471-27da9c0e95dc	28f7e6734615f41bc0366dee5c563f09	Л	33	89	720	1280	True	147
d9f7cd60-14c5-46b6-8e05-a9f05cc49892	911876c4ffc0dd4cf21f61ea1acf5a0b	Л	43	70	1920	880	True	131
102a89ce-57b1-41cf-bcc9-abe7d28abe0e	a050ef5cb26b9d7f2ccdbedd1411ffa9	Л	30	62	1280	720	True	95
32dceba5-9b75-45d2-b50d-60746148ebbd	86ec735f573ae6c36a9dbf9e5bfd4eaf	Л	21	78	1920	1080	True	129
52aad8d7-78f0-44b2-bfa9-24e88df06e16	0c954cec2fd8884fff2ceeb41bd1b89d	Л	11	57	1440	1440	True	69
aead524d-4f53-46e0-ba79-1418de99ec4b	aa12bfdceb971561727e86d34aff35ac	Л	2	60	1920	1080	True	86
d6cd24ff5050820977658a5b24593499	27901	Л	39	90	1920	1080	True	158
556665f3cca6d0c40b648a194cd31de1	29585	Л	1	38	1920	1080	True	66
4b3c9f24ef634663a0e7187bc1315d28	28593	Л	27	76	1280	720	True	124
c983ba6d20f9c2aa954bacc34e1cdf86	30009	Л	51	113	1280	720	True	193
06f6a297976d9cadff25964684a43328	27658	Л	45	95	1920	1080	False	132
f6d06ccd99f904ab5e0b02b5c8336e57	29970	Л	4	47	1920	1080	True	81
8eafce4e01672e5d31a87b3bc9223dc7	13790	Л	25	60	1280	720	True	81
fbe785cc1bb4b672ee13745a8513eeb2	24438	Л	25	70	1280	720	True	135
ce2c32921cb699f11e33eddfc13698b7	23309	Л	15	63	1280	720	True	63
d235460e6ad1309570770e4b0dee2e7b	21759	Л	32	80	1920	1080	True	137
ad7921e07341e74f47eb782cd4fb46da	29318	Л	50	91	1280	720	True	139
ddcf9543219c260a4c75addbea32250b	29673	Л	36	85	1920	1080	True	175
53d9e5826c35c01c9ecdccb7c62dc8a5	29898	Л	28	73	720	960	True	92
2e5e206e0bea1b169cdc698b2a57a1b5	29751	Л	6	58	1920	1080	True	88
0915bd933440c72a6b7affcb1c5391cd	22109	Л	54	101	1280	720	True	108
5d8e2e278339aa3cc9acbcc8c0708f8a	27086	Л	13	55	1920	1080	True	89
e8390039a12ab0390b930f7626d072e4	29762	Л	10	48	1280	720	True	83
7e444707af3ac63b7f43bcfe5f25e491	21271	Л	58	122	1280	720	True	163
ee9cebe4ec90c48a10055183a3bc9fff	27399	Л	6	66	1920	1080	True	108
0f7fc44c-80e3-440f-a69e-87b626f3fd81	40ad51b49892dca94b905eca8926568a	Л	4	52	1920	1080	True	90
918d96c8-2cd0-435c-8dd8-57bf7f75d3a1	efc86825b9a40bcdcc9b54ab81aab3fe	Л	29	69	1920	1080	True	97
3119fe9a-ac53-4c0d-aca6-6586308e16a7	4aef7889ad6cd118ce4dab1e3b998a01	Л	12	43	1920	1080	True	78
757716f6-c40a-4b01-b706-7b02f50306f8	2d5120991a63d659f0eef6123f092100	Л	13	51	1080	1920	True	79
ad7a6a96-0ebe-4b35-9526-1e43edc38262	0c3d5473fba13210722e53374b736416	Л	18	57	1920	1080	True	96
61fac635-2d15-4fc7-bdc5-175c089d5e80	49b45af05ac6192685bee4e29cdf1e48	Л	36	74	1080	1920	True	112
8fb9b882-639c-4461-ae14-aa2f31aa3b9a	7faa41c4cf0a2602a23390de23574993	Л	59	125	1080	1920	True	153
94fb6475-a1b5-4c0d-98a7-835fadca8cd8	53c3af7712ee8220b2faed1a55a82eca	Л	9	60	1080	1920	True	95
8b072e12-2955-4a28-884c-531505229583	194612f32f5297e4699c2c0beb9b336a	Л	21	64	1920	1080	True	108
1a2e4d0a-499f-49cc-a125-e31b6e89fac6	3cf00ecfe200a3990d42c6464286d6fb	Л	34	103	1920	1080	True	142
0dc1fcd4-7d7d-4d19-963f-91af6628d392	48bc83c415e12683f469d16027829654	Л	28	73	1920	1080	True	151
4b53f9ad-5848-483f-b522-3dac0e5bb0e1	b6dbf3d8d6ed9fb9283b687910f6e829	Л	21	59	1920	1080	True	100
724b9e55-a1a3-40c1-a99e-bdb7d5fe80ba	e4bd328bca8e6f51bd6f4f019692b666	Л	36	69	1440	1440	True	116
50bd3572-f73b-4842-a396-7cf8283c98f2	6ca843830e5d2608f5d486f02e37dad9	Л	13	37	1920	1080	True	48
63594f85-213a-43b4-883e-e530c495c224	570c2405d58fe08bce66f55c42bc36b0	Л	27	71	1080	1920	True	113
197d990a-166e-46b1-8169-df0444831080	3018b64d2c938f5b6a0826dfdf486f2c	Л	20	71	1920	1080	True	116
164e77b6-09c2-4bb9-88c6-0af4c2891412	4b8f634baac82dd96142fa1220b79759	Л	23	61	1080	1920	True	109
6e21f6f5-6e0b-43f1-84c5-9a826037daad	c80b4e57f158f28299b2a89694c42329	Л	20	60	1920	1080	True	140
36551b3d-3675-4845-837a-4ab4b2709cb8	3ef4548431002f9f8fd7f39987be22c1	Л	18	55	1920	1080	True	90
179b81bc-ef53-4ec7-8f63-dabb79d5da4b	f0148de24ae19f321a7315d46021d17e	Л	22	66	1920	1080	True	104
fd4b654d-70ed-4c6e-af35-7a96c3257fcb	55ac05bf18204955c640591070dd1118	Л	24	86	1920	1190	True	113
1437e4dd-7090-437f-93c0-59d7fd4f63ff	7c0fb4e90495815f55cb0deb35cbc95e	Л	14	50	1920	1080	True	103
c5860e8a-dbe0-4c69-b847-d00c9b367a0d	f3cf3f9bb709ce2bee3da304a4ccb427	Л	32	68	1920	1080	True	156
97dde221-97c7-4ce1-80da-d466d5f6f4af	bd4e2755d88d8d835a07df3c78cdfc3c	Л	6	37	1920	1080	True	69
5fcdce2b-0f66-48e2-8539-4ac84daf0a93	95d5ca4d8706b85bfe8447cc7e83c86a	Л	0	37	1920	822	False	88
739148cb-9f26-4729-ac80-c2cc9ebf5e74	0f7aee11724db9ef1f9df422f7443e28	Л	39	85	1920	1080	True	159
2ca175e0-2693-42a7-a314-f959a3382e7d	b34ac47997680835ece485b13845fefd	Л	13	57	1920	1080	True	82
5b8c39ac-40d8-4226-bd5d-d38551e7c24d	bd6e2ad7ab53ceb7b8de9a1842844071	Л	34	81	1920	1080	True	129
5135ab1e-e13d-400b-8eb2-d4bfe4e05919	83624345fa124849e833a8664f21f3ea	Л	25	71	1920	1080	True	100
53b74c72-05fe-413c-9f77-1c5472ad5256	bd22df5de9c7373f6182446d80e4eef3	Л	30	78	1920	1080	True	123
b80812f0-176a-4e72-bbc2-f19641dca1f1	7c989fdb633be7453228f7c650097205	Л	27	63	1920	1080	True	81
352bb8d8-3542-4e06-941f-6e0367a46ce5	d01fdbbbd69ec8c4914397ba4abb899c	Л	21	81	1920	1080	True	114
8362187a-ce7f-4318-8325-4c55affccc33	adfe9c8ea85db4e65f36572669cbfed5	Л	16	60	1920	1080	True	109
baf01db1-96b0-46d5-84aa-f0bfc4e20425	04af3ba065bb7423e0685ebe180751c1	Л	36	73	1920	1440	True	77
9b37cc05a313ba835fbf434043900cc2	21710	Л	18	79	1920	1080	False	110
9ce7d43d-2fa6-4dfc-8cd3-fb67a48a4b65	ca6b767f0cccf093ba737ae2fc4fec3d	М	21	69	1920	1080	True	98
bb7153ee-9f97-494f-a5af-81368324f51c	9a0784a99ea13a8b06cb103c2c8c7f0f	М	39	93	1920	1080	True	100
640469f8-d647-46a9-be8b-63b45e85416f	185bd3a81d9d618518d10abebf0d17a8	М	24	121	1920	1080	False	171
06e5f4f9-9fb1-4483-8854-3880d02ba722	0ab4f8e463cdded2e59d6001f4e1b487	М	40	78	1080	1920	False	96
735320c6-55a1-4434-bf49-9d5ea3dd256d	1860c7f3605089bf0eff0c4e72c7add4	М	34	84	1440	1440	True	133
8d3335ad-5fdb-4804-a1b0-5328bfde4c16	95af8e702c909eee7145c6dc1a3d756b	М	13	56	1280	720	False	73
f2da1f31-1c01-47e6-9017-b3c01cde85aa	db573f94204e56e0cf3fc2ea000e5bdc	М	6	55	1280	720	False	100
884ceae2-992d-44a5-822c-3ebd00cbbe19	fc6e5caa3dc328e7558b072e6607e399	М	18	50	1920	1080	False	84
b28e75ff-0b1f-487a-84be-593eb8a3c8b6	0211b488644476dd0fec656ccb9b74fc	М	20	72	1920	1080	False	106
3c9ba8f0-bb05-4003-8abc-717425a1fdbf	50334f2a79561498829a34a2c90984b1	М	77	150	1920	1080	False	236
846d4711-02d4-4eaa-b36b-466d48b731a5	9f9b13d8e63bd774b4ad1bd14f56147d	М	8	49	720	1280	False	82
d46dc9bd-710e-4bd0-bd0e-5ec08c183a61	2d84da20c251acaeb3186642fcb04f2e	М	25	58	1920	1080	False	103
2990b205-24dc-4331-8727-23b9423a72ad	13c4baf863bfb1aa4ac638650e508d3b	М	24	60	1080	1920	True	92
dd75cb1e-7092-48f9-ae43-2defcd7dab19	53c3af7712ee8220b2faed1a55a82eca	М	32	85	1920	1080	True	121
9f18fc88-c464-4e09-bef2-fd562b67bc42	b07a773bcb10b4f14f33d2b0e8ec58ba	М	24	99	720	1280	False	130
8a017a93-1379-4e58-a401-17c405f75137	f5b82a9c82f6d870ec253e4c3fa96d83	М	8	72	1920	1080	False	119
f99bc0b6-5d67-448a-af4d-ad8ba4a639d3	46dd04a1caa75ed3082b573cb5a3ad26	М	16	54	1920	822	False	105
551859c2-f908-46a5-9ed5-1100dfa14e6e	0041ec866777f12c384b64d8cd636277	М	16	42	1920	1080	False	112
d3e1743f-2a52-44d7-9eb7-5eb7a9debbb7	0df9d6e419cb18069e696edaa170ba87	М	22	111	1920	864	True	149
026f6110-738b-4fb7-bae1-024d490cb4cc	4299b8ccf39ace57287b463fbe4a489b	М	18	55	1920	960	True	83
c3ac48e6-979e-4e8d-8f7a-627de0a8d409	12c7911f38c7113ce13c71dbd785ce22	М	15	81	1920	1080	True	104
77634b2c-6c62-4e54-8181-b0c78f040077	f2dc6eab563f93d86629c1cfe479f09d	М	34	74	1440	1440	True	99
b5411058-5731-4e5c-874a-191a4353e436	4d26ad833542291c50de9ce88fb4f64a	М	18	59	1920	1080	False	143
c67dfeb6-61d4-4a3d-bbd6-523a8997b350	87fe0712fdd150ecc8d02cbbb2e047d6	М	17	55	1280	720	True	111
0780b4be-1c0d-4b17-80e4-a422ef1ff4c7	68f27043789bb049757486b0ed1cbaab	М	61	104	720	1280	True	131
a4f15098-6d34-4b41-bfa5-59447bf08560	0ceb69ca37aa3e44528c7ce03c329479	М	39	77	1920	1080	True	132
3b21866c-6556-46a6-b6b6-957de16a4b9b	b4e852a75cacf8642412dfc05e2126a3	М	1	40	1920	1080	True	47
2fbcac2f-4a7b-4df2-a1fa-dee2bf0ae428	324cdee3d2550397efb761d8fff48139	М	14	83	1920	1080	True	112
631b2059-31b4-4628-9330-fb7604c275f6	52003757d6b63a3ee7a71f36f5a9a17b	М	3	55	1920	1080	True	87
27e668c8-9734-4c0e-b995-1f9ae5a80411	76aa633fcb2bec4e6b0852635a8af57c	М	13	71	1920	1080	True	104
b1e98a6e-a831-4772-b3b6-b7c3e1c15b53	aa12bfdceb971561727e86d34aff35ac	М	1	35	1920	1080	True	58
31bf9a3c-530a-47e0-bf63-7fe34e8e9e98	ab460ff83e8c5b13a705a9e2081023c2	М	0	37	1920	880	True	74
526605a3-9972-4dfd-9b30-e968c2a66559	3ef4548431002f9f8fd7f39987be22c1	М	18	65	1920	1080	True	99
a4f39c8a-6c22-429a-87f2-1f146ae179dd	fb1007e5ffe149cc08bccaf8eda2ce31	М	22	99	1280	720	True	164
9b3a84cd-d2d4-4074-8d5c-c17f485c3def	4aef7889ad6cd118ce4dab1e3b998a01	М	9	43	1920	1080	True	70
07708db4-e566-436d-96ff-9613ec1389f7	81c0cdc37caa67e7ddf8e06c0a4443c8	М	33	89	1920	880	True	180
b1ba8a6c-e6ea-49b0-b215-64ce433ed360	e4bd328bca8e6f51bd6f4f019692b666	М	12	46	1920	1080	True	74
ebad46a2-a901-4f20-b847-f2dbbfcacae1	a95892dae1d320bd8b08cbca6a127cd8	М	5	39	1080	1920	False	55
c0de1369-96fe-4c1c-8478-f0700fc5fc62	33b317c5a26046cafcd795a2fe4e919e	М	29	63	1080	1920	True	116
109c5dcf-be81-47c1-a787-76d0b2e5441a	27032346b8d1e263473c0451843a8a6a	М	21	93	1080	1920	True	117
88decb4c-8df5-4d14-abf5-e4d7789e88ca	a85134b72f825ac9569e44e9ae53b128	М	25	85	1080	1920	True	133
5fb595f9-825c-467b-aedb-f6156c28bd9e	8c34c33a92e42220b2e080bdb388d532	М	19	59	1920	1080	True	96
7fbc745a-b821-4d9c-b806-49721241e445	0c954cec2fd8884fff2ceeb41bd1b89d	М	17	99	1250	1024	True	119
bfcd57eb-3a9b-434f-917a-57aa94b0de57	b6bc47e76a066769495f3a22455713b5	М	22	65	1280	720	True	91
545d46a0-af57-4219-9d70-7b1743f90580	362b7038ed4bd4b527fce434f14d2aaf	М	40	81	1920	1080	True	126
d0a96a47-2992-4f25-82e9-daa56a7e39f4	0f7aee11724db9ef1f9df422f7443e28	М	40	81	1920	1080	True	123
14b67639-466e-48f2-9f3f-719e7d96968c	a8b89f85a363edca5d0cfa080065f2d6	М	5	47	1920	1080	True	83
674e8dc2-1d50-4110-a145-32b837ffa33d	911876c4ffc0dd4cf21f61ea1acf5a0b	М	43	77	1920	880	True	145
268f084a-83e9-4a28-8dd4-63ff821bbcf7	95d5ca4d8706b85bfe8447cc7e83c86a	М	46	133	1920	1080	False	191
02f18010-d0d9-4c83-bd74-b074f7861022	32f4bb8542738fa1980831515d2949ea	М	8	51	1920	1080	True	74
8033f59e-c41d-4ed1-bb6a-549235a13efc	5157e3a35e682f9dfdf638bc6b73a319	М	16	69	720	1280	True	96
0b8ffba3-7e1e-406b-a960-73adc18017d8	bd4e2755d88d8d835a07df3c78cdfc3c	М	14	52	1920	1080	True	80
a1a11d8e9ba8e05e608f77ea1ef31e80	27901	М	50	112	1920	1080	True	155
91bce72579b928b79b87caa31b67f68d	28593	М	40	81	1280	720	True	128
f626498aef818d293547c209ed361867	29229	М	36	108	1920	1080	True	148
98e259ddf8d48bfc2666535f9fa8696e	30009	М	59	96	1280	720	True	171
06a99260c602e5225d2f62fb6ead3605	27658	М	55	114	1920	1080	False	155
6733b83f05323d64e07b3bef5b398313	23309	М	14	54	1280	720	True	57
983b9f7bfd346086d98e79cf1f893036	21759	М	27	77	1920	1080	True	146
1c52eefac58bfca70abe3b59286c5157	29318	М	36	90	1280	720	True	122
8698566a1110ec3c0885a7721d2e6850	29898	М	25	73	720	960	True	82
c0b40e05de58de11d77d47cd3274742f	22109	М	34	87	1280	720	True	97
1f39a7b9a2d1b2836b5ed2eed8b3e0c1	21288	М	0	34	1280	720	True	42
0f0d5b959347b77af750b80a32434fff	29673	М	32	116	1920	1080	True	177
0fcd51e72ab23d7854424af5f3a05256	27086	М	24	69	1920	1080	True	108
f6cb7bfa00048191dbb1ede4b734d086	21271	М	66	128	1280	720	True	164
26b0cd29-72be-4ff6-9285-6900acbd161d	efc86825b9a40bcdcc9b54ab81aab3fe	М	16	69	1920	1080	True	94
f4c6228c-e6b1-441c-bc6a-9f7cc864a0a5	40ad51b49892dca94b905eca8926568a	М	0	56	1920	1080	True	90
6ea58cef-daa0-47f4-b1d8-17d8cb193ab5	d5a3d6c977e8ce1cd3a4eac0908d4d7d	М	13	62	1920	1080	True	96
22fd46c6-672c-49dc-bd39-a2f765928744	2d5120991a63d659f0eef6123f092100	М	42	81	1080	1920	True	128
ab636015-a7cf-4eeb-a8ea-d841863bfebe	49b45af05ac6192685bee4e29cdf1e48	М	26	74	1080	1920	True	119
c548bc9f-5a59-4814-b732-300510a5a517	0c3d5473fba13210722e53374b736416	М	18	70	1920	1080	True	94
7b57d961-df0c-4ac6-88bf-4a5b746c07f6	194612f32f5297e4699c2c0beb9b336a	М	36	74	1920	1080	True	122
7cc95395-e633-4b62-9349-72f68b5f37d8	48bc83c415e12683f469d16027829654	М	22	69	1920	1080	True	114
275b4b80-145b-4232-a1a5-5a028f06c171	b6dbf3d8d6ed9fb9283b687910f6e829	М	18	62	1920	1080	True	95
f6cb38d2-2863-46ed-8287-49e7e31ccf5f	570c2405d58fe08bce66f55c42bc36b0	М	30	77	1080	1920	True	140
696cf59d-3327-4dbd-8702-8e9ad3ddbe41	04af3ba065bb7423e0685ebe180751c1	М	36	71	1920	1440	True	83
0b3974e8-6472-49ea-b04b-c82770b8a1f4	3018b64d2c938f5b6a0826dfdf486f2c	М	16	73	1920	1080	True	115
6a6a031e-efa9-4640-abfe-125704be0794	3cf00ecfe200a3990d42c6464286d6fb	М	36	76	1920	1080	True	132
85a108e3-c1d7-420e-a17a-416c79f9245e	c80b4e57f158f28299b2a89694c42329	М	38	101	1920	1080	True	156
76508d7c-1f45-4f5a-a319-1218a9d90713	55ac05bf18204955c640591070dd1118	М	27	59	1920	1224	True	122
af615b3a-05bf-4833-a787-8d01411de10b	5cfa6de910fe7b0af5f422d0df9f06d5	М	20	56	1920	1080	False	103
364ddaf7-5782-4df8-9f00-b4c98d9ba471	7c0fb4e90495815f55cb0deb35cbc95e	М	16	45	1920	1080	True	84
1c7474c8-9982-460e-aabc-40eb7bc522e3	f3cf3f9bb709ce2bee3da304a4ccb427	М	40	80	1920	1080	True	156
692dce45-19d4-45c4-a245-51a5f3dcabe7	86ec735f573ae6c36a9dbf9e5bfd4eaf	М	53	101	1920	1080	True	161
d74f1644-05e2-45ac-b2d6-0fa402d73a4d	6520ea9b92b24339fb538be29b315e0b	М	16	46	1920	1080	True	72
904db0ac-6e10-41ae-8e4f-0cbe57b0a8a9	1cdaed3814fe5a4bfa9baa5d3f94ecc4	М	51	83	1080	1920	False	115
97ca5ed8-4f85-4dc0-84ed-924df7f47c83	e97c55b450c4b2ae48a165e349f0f3eb	М	24	64	1920	1080	True	114
1e1b526c-bccc-4502-a984-0860e396ab48	c2f39049d2c1d9527683ed47b4fb6ad7	М	12	36	1920	1080	True	45
fc39265f-0dc4-4043-9c76-7b11d4f69f65	b34ac47997680835ece485b13845fefd	М	24	72	1920	1080	True	104
73fdedd3-1c21-4d93-92d4-0aad071f8659	bd6e2ad7ab53ceb7b8de9a1842844071	М	38	94	1920	1080	True	146
1ec5a528-3c37-439d-9195-7a572c3fab7f	83624345fa124849e833a8664f21f3ea	М	25	75	1920	1080	True	109
bb7b6dae-55a7-4c2b-9747-49c4c36fc10d	a8a635e6eaa8edb003c5a2b1cef789b5	М	19	56	1440	1440	True	90
e2e9512f-f195-4168-bee5-3bd497d5b035	d01fdbbbd69ec8c4914397ba4abb899c	М	35	82	1920	1080	True	160
fb2c5d16-a75f-4702-874d-b6e75dd33133	adfe9c8ea85db4e65f36572669cbfed5	М	12	69	1920	1080	True	116
81eb0d4a3675bd25eafefaa2b9a01542	29970	М	10	52	1920	1080	True	79
041f329769ddbe059a16f31b2dc6a234	27399	М	21	60	1920	1080	True	123
831b1b7d00c953967b6fc17bfa3aecff	29674	М	4	50	1920	1080	True	64
504b0de685bcc28fea7f9dd5fe93caec	21710	М	22	86	1920	1080	False	127
15ab1715159a0d5652f8c2e51adcf91b	29751	М	27	75	1920	1080	True	114
b3e63be47c94d13a21ca067a2d8c8b1c	29585	М	16	62	1920	1080	True	74
0495ba78-2685-4a5b-8fd6-17969ebaef04	9a0784a99ea13a8b06cb103c2c8c7f0f	Н	2	55	1920	1080	True	58
9ede40ec-0c67-4a57-8337-0037c0151bb1	185bd3a81d9d618518d10abebf0d17a8	Н	26	121	1920	1080	False	159
d1131f18-57d2-412f-8261-aca0d9125469	0ab4f8e463cdded2e59d6001f4e1b487	Н	12	54	1080	1920	False	74
10cdbd70-059a-4b21-84c5-381211252a23	a95892dae1d320bd8b08cbca6a127cd8	Н	19	64	1080	1920	False	84
8fb4e5c9-a7df-4bad-b7d7-9d8e497d5a69	46dd04a1caa75ed3082b573cb5a3ad26	Н	19	56	1920	1080	False	99
016df4ed-6e78-40a1-974f-e5d3d30e5c32	1860c7f3605089bf0eff0c4e72c7add4	Н	21	62	1440	1440	True	115
95b4e289-d1cd-41d9-b55a-7beb7afaf7dd	fc6e5caa3dc328e7558b072e6607e399	Н	24	60	1920	1080	False	81
d228da91-495a-4d6d-833a-64bf5dfcf26e	db573f94204e56e0cf3fc2ea000e5bdc	Н	9	54	1280	720	False	121
397a486d-967f-444b-afd8-de1d93d22517	0211b488644476dd0fec656ccb9b74fc	Н	33	85	1920	1080	False	114
7751d2de-8a19-44b0-b7bc-4e7e5e9781bd	50334f2a79561498829a34a2c90984b1	Н	47	101	1920	1080	False	199
377db8f1-1515-4d8b-9421-c00eccf65c30	9f9b13d8e63bd774b4ad1bd14f56147d	Н	2	48	720	1280	False	70
f6210799-f31c-46cc-8a62-1be06370e32c	2d84da20c251acaeb3186642fcb04f2e	Н	19	64	1920	1080	False	110
ab6ef8b7-1971-4218-ad0f-bfec574bf9e7	ba230d5b794c9a7350356eddd3e9929c	Н	17	58	1920	960	True	59
03d01c3c-0789-424a-acfb-7bc6bf5f3c8c	0041ec866777f12c384b64d8cd636277	Н	32	92	1920	1080	False	124
e1200d57-9b53-4ffa-ab7d-e3e43549e7fc	b07a773bcb10b4f14f33d2b0e8ec58ba	Н	34	103	720	1280	False	148
275338cc-1f9a-40ef-a5c0-c25178fb2558	f5b82a9c82f6d870ec253e4c3fa96d83	Н	35	92	1920	1080	False	143
5e23ecd4-a8b3-4dd4-a5ae-de40da4a66e8	95af8e702c909eee7145c6dc1a3d756b	Н	4	42	1280	720	False	82
3325e6a5-2402-4104-b8ed-36b86aba9fa5	4299b8ccf39ace57287b463fbe4a489b	Н	23	51	1920	960	True	86
331a450d-0d86-415e-96fb-a52e4cf718b6	12c7911f38c7113ce13c71dbd785ce22	Н	16	52	1920	1080	True	100
096185d8-ece5-4c11-8aac-78bb9de2c41f	f2dc6eab563f93d86629c1cfe479f09d	Н	21	67	1440	1440	True	95
cfa240c9-3fa4-47ab-8fc9-30326472523c	4d26ad833542291c50de9ce88fb4f64a	Н	10	57	1920	1080	False	121
49d3d3c3-7288-4a05-96bf-76da3d012b13	3dd2ce2659aada17b976390004ebe322	Н	0	39	1920	886	True	68
6bb959c1-4363-4bd4-af24-378249b97580	76aa633fcb2bec4e6b0852635a8af57c	Н	9	63	1920	1080	True	98
e15db3be-b4c6-4431-98fd-522f769f46db	b4e852a75cacf8642412dfc05e2126a3	Н	15	68	1920	1080	True	98
e7d15d92-e660-4186-9f2b-bd031a5e20bb	feea6c22175f962ab28452f7314d1bc0	Н	24	77	720	1280	True	108
2307ab71-54fd-4bf7-8084-52b4bdeec133	a8dc3ffc818b23319cea1757602ad8e8	Н	8	51	1280	720	True	94
4958c7c0-a95d-4600-a7e7-40b1d396e05c	3cf00ecfe200a3990d42c6464286d6fb	Н	39	120	1920	1080	True	153
1485d157-2ecd-47a9-99a9-fbe0fd1e6a05	52003757d6b63a3ee7a71f36f5a9a17b	Н	0	34	1920	1080	True	71
e06e5481-ebcc-4560-b3eb-ee2f80cc0217	33b317c5a26046cafcd795a2fe4e919e	Н	32	60	1080	1920	True	104
cdc16ffc-5330-4b5b-8235-9a651779d181	0ceb69ca37aa3e44528c7ce03c329479	Н	53	94	1920	1080	True	151
db0f27bc-a79a-475d-a6fc-74e57e7e28d0	0c3d5473fba13210722e53374b736416	Н	0	32	1280	720	True	56
b36b6a9f-1cf1-40c7-9c22-32567ed3b506	48bc83c415e12683f469d16027829654	Н	19	86	1920	1080	True	116
b3366ab6-7529-4758-93ca-f0eb3e59e977	d5a3d6c977e8ce1cd3a4eac0908d4d7d	Н	13	63	1920	1080	True	112
de90b91c-3793-4a23-b04d-0a42da19215d	81c0cdc37caa67e7ddf8e06c0a4443c8	Н	31	88	1920	880	True	157
0d29fba5-447b-4057-80f6-4511f3eec283	6fefb7617d77222efd121f4a2d6a79d6	Н	37	94	720	1280	True	138
b86d8ca3-f0af-4d4e-a3c7-ef495486362c	194612f32f5297e4699c2c0beb9b336a	Н	35	76	1920	1080	True	117
45557bda-2f3a-4882-a430-9cfcf5ad149d	7c989fdb633be7453228f7c650097205	Н	33	63	1920	1080	True	74
e581ad4d-e492-4db8-a363-31474dbe3238	32f4bb8542738fa1980831515d2949ea	Н	12	56	1920	1080	True	94
2cfce421-46f4-44dd-af8a-fe7fddb928b8	a85134b72f825ac9569e44e9ae53b128	Н	18	66	1920	1080	True	101
fd6c9075-4861-483c-90b8-299a1c789c21	8c34c33a92e42220b2e080bdb388d532	Н	20	48	1920	1080	True	77
e303208b-5e15-42b8-b5a5-4e7a394c2b74	362b7038ed4bd4b527fce434f14d2aaf	Н	27	82	1920	1080	True	129
04231a5b-bb24-4116-958d-e14e7d4ec8c4	27032346b8d1e263473c0451843a8a6a	Н	17	60	1080	1920	True	99
02f1b8bd-e398-429b-9968-15cbf713db61	6520ea9b92b24339fb538be29b315e0b	Н	24	72	1920	1080	True	97
330a3f0d-ad9e-4f46-8023-0ddb35ab4791	1cdaed3814fe5a4bfa9baa5d3f94ecc4	Н	37	87	1080	1920	False	127
139ca311-bcb2-4ac4-befd-f40502b48eee	23f5ca29e3183e356572642263a836ac	Н	5	47	720	1280	True	76
ff58d4c0-0e16-4355-b4f1-5d5d60b6822e	b6bc47e76a066769495f3a22455713b5	Н	22	65	1280	720	True	95
00106f66-2c44-4702-af75-0a2dd341dcca	c8f885a4da648650dbecffbb38258989	Н	22	65	1920	1080	True	122
9f949832-e597-4e3b-950f-3e95b70efdf4	138356c62cb9cd6168ec85fd31dbb1de	Н	37	98	1920	1080	True	126
017a6652-05f2-46ff-9457-02de302e56bd	2916c8f459bac1870fe3897d0340b148	Н	12	83	720	1280	True	121
243160d9-b0a9-4c7c-a4df-831ba4102f68	a050ef5cb26b9d7f2ccdbedd1411ffa9	Н	31	84	1280	720	True	118
49c640de-1c52-492f-a674-a8a9d5f75acc	2fa7bff4283637452ca0e2575a1815be	Н	12	60	1920	1080	True	107
34518a32-5d6d-4755-bbeb-eddeb62b5f97	b6dbf3d8d6ed9fb9283b687910f6e829	Н	18	50	1920	1080	True	83
5e7b9a5f-7178-4417-afdf-f4e551db61ba	adfe9c8ea85db4e65f36572669cbfed5	Н	31	59	1920	1080	True	113
c49d877d-54e8-42b0-876a-09f47fa73d61	e9df86cd8713f2fa9f2077a2197c7136	Н	37	161	1920	1080	True	215
f565202d-77b4-4f7e-b8d3-c2c24a7588ab	95d5ca4d8706b85bfe8447cc7e83c86a	Н	52	96	1920	1080	False	142
c6528ef08eb7776b461966db6740c550	29479	Н	24	78	1920	1080	True	93
f4f093a7801ea249ecdf4d770c7acbca	27901	Н	33	88	1920	1080	True	137
24fa5b2e4ab999110dc00418da8f79fb	29585	Н	6	58	1920	1080	True	93
f15a32aec2a1e8e7133da79dd0eb1b53	28593	Н	21	72	1280	720	True	117
ef1be3357e61cd2687ed13ba0d4d5ec5	29229	Н	43	109	1920	1080	True	161
c8aaf463ddbbce8910073c953f8f2344	30009	Н	78	129	1280	720	True	201
6819da16ee90a547ab16efefba7f6ea3	29970	Н	2	44	1920	1080	True	79
aa28806457d2b107d871eaa0f5e0c516	27658	Н	44	98	1920	1080	False	132
a914c956435e59b6c3d7f6e4df953a70	24438	Н	41	95	1280	720	True	162
6fef57ef43af11e79984b41a25b21e64	29674	Н	27	71	1080	1920	True	86
2266bd592817549c5f7682f8b702d0fc	13790	Н	52	96	1280	720	True	123
787471edf05a14b473585e2f56c2e34f	23309	Н	24	72	1280	720	True	73
43b43fd28e25d3e49aa44dae18d49885	21759	Н	24	75	1920	1080	True	129
62e7e8295963aa66965a0e50f068ce4e	29318	Н	47	98	1280	720	True	138
ce3a5248ac840de2153fb305cdb9b7b4	29673	Н	31	100	1920	1080	True	176
3bfc0af139850e17b5757de4727a57c8	29283	Н	68	111	1280	720	True	153
604625842db1e59f773c0b18deccdf88	29898	Н	30	74	720	960	True	90
dbd46be6f8a3cdfe4d8f77699a2f837f	29751	Н	20	71	1920	1080	True	118
09e7a7c698b8d3f3cd9bf1fe3532180a	21288	Н	29	80	1280	720	True	89
fbd08ec581b915c3e9b4cc44e2225ecd	27086	Н	15	60	1920	1080	True	103
642833dffed9cae6df6bb071d03f149f	29762	Н	28	106	1280	720	True	144
7092932e03bfc43d132f6f4626dd8f2e	21271	Н	62	125	1280	720	True	163
f657fe5e6ea4107d59c9ac12e3f55924	27399	Н	3	52	1920	1080	True	76
2e7e5c7b-cb13-4b69-81c7-d76ac0fdcf84	c3bc70b01dcc8b515891a4d097719b0f	Н	89	131	1920	1080	True	191
76df1f7e-79b6-4324-957f-324e0cb5c5d5	66fa4ac3cee2c7216ab45480a7486c76	Н	22	62	1920	1080	True	107
8a20357c-8158-4544-9cf8-f6f383c5b5df	40ad51b49892dca94b905eca8926568a	Н	7	77	1920	1080	True	120
094c397a-b53b-4095-a79d-53df7556671a	efc86825b9a40bcdcc9b54ab81aab3fe	Н	17	58	1920	1080	True	61
7b7ceef6-40bf-4ee3-8295-d7574091b01f	9a2c7d5a1fb72ad258ab16abf6ae9147	Н	37	92	1920	1080	True	150
54f6b8a3-7c4e-48d3-9ea4-50fd976ac43f	4aef7889ad6cd118ce4dab1e3b998a01	Н	11	44	1920	1080	True	77
c0c2bdaf-74a0-43b4-beb8-8f70bcc72305	2d5120991a63d659f0eef6123f092100	Н	17	53	1080	1920	True	97
86c3f98e-a021-4e09-95b0-eeb15f43db97	49b45af05ac6192685bee4e29cdf1e48	Н	14	59	1080	1920	True	98
109070c1-ee0c-49aa-99ec-f9cd4ac68434	7faa41c4cf0a2602a23390de23574993	Н	44	100	1080	1920	True	137
8190ba3f-3b91-49ee-9154-a158eed13ab3	53c3af7712ee8220b2faed1a55a82eca	Н	16	49	1080	1920	True	94
215cfead-ba12-486c-94ab-50807a3fa79f	e4bd328bca8e6f51bd6f4f019692b666	Н	36	70	1440	1440	True	103
dff1baed-ad3f-4425-820a-984923948185	6ca843830e5d2608f5d486f02e37dad9	Н	8	49	1920	1080	True	58
2f3696be-bf98-41ca-8945-feaf58f13253	d6349cdcc76fc803d1a544fe2c18f298	Н	40	95	1920	1080	True	152
76a57181-fa71-4ecf-83e1-bee931436200	570c2405d58fe08bce66f55c42bc36b0	Н	24	64	1080	1920	True	99
6df60204-5f26-4f84-b24c-dbb489c02e23	3018b64d2c938f5b6a0826dfdf486f2c	Н	18	65	1920	1080	True	110
2e4c92e2-11c8-4838-bf10-f6279f3f5256	aa12bfdceb971561727e86d34aff35ac	Н	16	60	1920	1080	True	107
18938d5a-7662-404c-b785-2fb59b0a26d9	4b8f634baac82dd96142fa1220b79759	Н	19	62	1080	1920	True	103
12d1930b-6bf4-4029-bf8e-36a042aaeb22	324cdee3d2550397efb761d8fff48139	Н	17	60	1920	1080	True	103
a10529e4-c59a-4603-8254-5eb558609a92	c80b4e57f158f28299b2a89694c42329	Н	30	100	1920	1080	True	149
9be91a0b-0eb2-4dad-bb2c-1a56177cf43b	3ef4548431002f9f8fd7f39987be22c1	Н	19	65	1920	1080	True	99
d8c59815-8cd4-4f9e-b494-9c492634ebcf	55ac05bf18204955c640591070dd1118	Н	32	81	1920	1176	True	133
f86ff19b-f053-4038-af8b-f164c47293c2	83624345fa124849e833a8664f21f3ea	Н	22	57	1920	1080	True	98
da24a3ce-102f-4fab-8f56-11639bea4494	5cfa6de910fe7b0af5f422d0df9f06d5	Н	17	67	1920	1080	False	101
492c3b9b-2ad6-471a-9188-72be3d912fcc	7c0fb4e90495815f55cb0deb35cbc95e	Н	17	56	1920	1080	True	92
0aba6a55-5c53-47e4-b97d-9043becf44d0	f3cf3f9bb709ce2bee3da304a4ccb427	Н	29	64	1920	1080	True	136
3da7e53f-4585-4f42-a732-36f4de0358ad	bd4e2755d88d8d835a07df3c78cdfc3c	Н	6	39	1920	1080	True	63
a7c78356-68e1-4e5f-8ddc-6555577071dd	86ec735f573ae6c36a9dbf9e5bfd4eaf	Н	61	114	1920	1080	True	204
cdee9690-feb2-4054-93f1-3c5fddfc29e8	e97c55b450c4b2ae48a165e349f0f3eb	Н	32	99	1920	1080	True	153
d5477db3-d074-4277-99e6-68d00644f696	0f7aee11724db9ef1f9df422f7443e28	Н	42	91	1920	1080	True	126
8494540c-7b77-4d6a-8876-6443b1b79702	c2f39049d2c1d9527683ed47b4fb6ad7	Н	4	37	1920	1080	True	45
3fc1272a-7d11-4f41-b287-9d3217660cff	b34ac47997680835ece485b13845fefd	Н	19	66	1920	1080	True	98
44ffe961-3bbf-4b50-ab37-6f7bd274990c	bd6e2ad7ab53ceb7b8de9a1842844071	Н	44	91	1920	1080	True	153
77825234-daf9-476c-b30f-b73b469525d3	bd22df5de9c7373f6182446d80e4eef3	Н	30	80	1920	1080	True	125
4930826c-47ae-4c42-a29b-e8f1807dc40f	6753ca229e01b1c71053cb265fd93013	Н	33	105	1440	1080	True	136
de244bee-eeee-4f30-bef7-753daca1775a	b56726d7b447d88e526f7da2e9e0e520	Н	47	112	1920	1080	True	156
b8681f96-9e87-4aec-8b19-838ea7c71e80	d01fdbbbd69ec8c4914397ba4abb899c	Н	35	90	1920	1080	True	150
7a365d56-a1e9-4a75-90be-441107ebca93	a8a635e6eaa8edb003c5a2b1cef789b5	Н	60	103	1440	1440	True	144
1181e497-b112-4ce3-8e03-06492a778e62	ff169f3bbab458308b88188be3657125	Н	2	55	1920	1080	True	134
59155181af1eb93b60287bd0200bc336	21710	Н	18	80	1920	1080	False	114
ed900e13-7b49-4af3-89de-616fbdabdaab	185bd3a81d9d618518d10abebf0d17a8	О	32	101	1920	1080	False	131
bcd7486b-6423-4030-9fd3-766ddf1ab38c	ca6b767f0cccf093ba737ae2fc4fec3d	О	9	51	1920	1080	True	65
7ecc09bc-635e-4e5d-8b74-380b80908083	46dd04a1caa75ed3082b573cb5a3ad26	О	11	54	1920	1080	False	87
dcfc510f-a656-4c18-8225-74849b94726f	1860c7f3605089bf0eff0c4e72c7add4	О	21	77	1440	1440	True	101
9f0ad5b6-3992-429b-9096-46c0373af566	fc6e5caa3dc328e7558b072e6607e399	О	13	51	1920	1080	False	85
f976ae21-a57d-4a52-920a-798441917b65	db573f94204e56e0cf3fc2ea000e5bdc	О	0	46	1280	720	False	86
01758ca5-e97b-4cf7-9194-609c9cf76fc0	a95892dae1d320bd8b08cbca6a127cd8	О	9	42	1080	1920	False	46
fe550cd6-64ff-48d1-812d-aa7d7a0100c1	0211b488644476dd0fec656ccb9b74fc	О	9	44	1920	1080	False	76
f5945dc2-4a47-4e87-971e-f5082231dadd	50334f2a79561498829a34a2c90984b1	О	85	151	1920	1080	False	256
a0808b1b-59d0-442f-9b40-42e410fedec7	d2b4042ec6d8505a41b809e64d5adb7c	О	41	88	1920	1080	True	89
206e0e66-da70-4300-8dfd-6a107a5dc12e	0ab4f8e463cdded2e59d6001f4e1b487	О	24	74	1080	1920	False	92
c5ef41e3-220d-4fa2-a6a5-b4ed4ce482be	9f9b13d8e63bd774b4ad1bd14f56147d	О	14	53	720	1280	False	77
cbec1260-39de-4dbd-b5f8-3599eaedc8dc	2d84da20c251acaeb3186642fcb04f2e	О	20	65	1920	1080	False	98
1eafde0f-e76e-4d45-8c5a-636b270b44a3	ba230d5b794c9a7350356eddd3e9929c	О	3	45	1920	960	True	52
92b7d3eb-d42c-4ca1-aebf-354c2530a4c6	0041ec866777f12c384b64d8cd636277	О	18	58	1920	1080	False	86
682624c4-0b36-4ef0-840e-79ce85672cd9	b07a773bcb10b4f14f33d2b0e8ec58ba	О	42	118	720	1280	False	166
43ce2999-19c7-424f-82d3-f20660fd693e	f5b82a9c82f6d870ec253e4c3fa96d83	О	15	64	1920	1080	False	111
edc25184-a47f-4910-ac64-ad5efe35d79f	95af8e702c909eee7145c6dc1a3d756b	О	13	56	1280	720	False	81
4e102ce2-d62b-4e95-975b-51bccb29b2c5	0df9d6e419cb18069e696edaa170ba87	О	15	85	1920	864	True	126
3f8a2a57-9ec1-4ec9-9477-913213081185	9a0784a99ea13a8b06cb103c2c8c7f0f	О	20	79	1920	1080	True	98
399fb3b3-44ab-4d7b-99b8-6b7995e86da0	12c7911f38c7113ce13c71dbd785ce22	О	7	46	1920	1080	True	74
35973ccd-bb16-40b4-ba23-a79bcf1f5248	f2dc6eab563f93d86629c1cfe479f09d	О	20	46	1440	1440	True	49
9e9f3594-cbb2-40be-a12a-ef3acba59853	4d26ad833542291c50de9ce88fb4f64a	О	12	58	1920	1080	False	126
1219768f-ffd6-450b-bbde-83711d0c4492	3dd2ce2659aada17b976390004ebe322	О	0	43	1920	886	True	74
95f70d8d-2481-4e0a-b836-282fc4244f69	87fe0712fdd150ecc8d02cbbb2e047d6	О	15	109	1280	720	True	111
75ef5aaa-231c-42f4-9c01-64e16197a09d	c05c242d2524d1de48c68f1667cd7b6b	О	16	83	1920	1080	True	128
c75fd94b-17a9-434b-997a-b6c63b30795c	0ceb69ca37aa3e44528c7ce03c329479	О	30	61	1920	1080	True	112
6c73db7d-ba6a-499a-bbad-55318e60f043	bcf5a67e65444f6c1d3119b5d6c3558b	О	13	54	1920	1080	True	84
5c638af8-53ca-4caf-b912-602509825b00	a2d3f7227726ed3846d9bac38734e85b	О	21	65	1280	720	True	115
51d9a6b1-102c-4278-b360-c9dbd6b5b973	68f27043789bb049757486b0ed1cbaab	О	57	104	720	1280	True	113
0f64da89-5b3f-43cb-b3f7-963cb8f5ce81	63db05b188249dbd9ce7cc98fe205e1f	О	54	97	1920	1080	True	164
4dfef6d3-9f1c-457e-8eba-250c94b1ff92	32f4bb8542738fa1980831515d2949ea	О	3	45	1920	1080	True	77
13e7176b-4933-4ec9-9645-6dd910ba4ae6	a85134b72f825ac9569e44e9ae53b128	О	18	68	1080	1920	True	101
81452379-bda5-46ff-ac61-c76fe8731c66	8c34c33a92e42220b2e080bdb388d532	О	17	44	1920	1080	True	76
6f103ece-bef2-4b65-b054-89905da826cf	27032346b8d1e263473c0451843a8a6a	О	25	76	1080	1920	True	98
7789d86b-ca0f-4187-b6a2-3b48f10d52f6	362b7038ed4bd4b527fce434f14d2aaf	О	21	54	1920	1080	True	80
ea9d3d19-1bae-4cbf-b53f-8a9f728bef8a	6520ea9b92b24339fb538be29b315e0b	О	22	56	1920	1080	True	86
7de2d422-4721-4183-8d50-446a77b54af5	1cdaed3814fe5a4bfa9baa5d3f94ecc4	О	41	72	1080	1920	False	105
bdfce63a-263a-49ef-8be0-8dcdbf7623f0	b6bc47e76a066769495f3a22455713b5	О	13	54	1280	720	True	73
4fb5245d-ea93-44e5-b4ec-8a343c7d2d37	d5a3d6c977e8ce1cd3a4eac0908d4d7d	О	9	50	1920	1080	True	83
1715b94d-1121-44d5-8da6-bb5f74b2a1e8	138356c62cb9cd6168ec85fd31dbb1de	О	35	78	1920	1080	True	106
1143996e-a90f-4bab-b00c-8f7fecaf5631	c8f885a4da648650dbecffbb38258989	О	21	48	1920	1080	True	114
f4faef11-7b7b-433d-ba3c-ef3700f8938a	2916c8f459bac1870fe3897d0340b148	О	24	84	720	1280	True	131
64fbb622-6515-4c6a-9828-4a6c0466ec6b	a050ef5cb26b9d7f2ccdbedd1411ffa9	О	26	63	1280	720	True	91
d6bbda6e-f091-43d9-8e08-78b8603469cd	2fa7bff4283637452ca0e2575a1815be	О	8	36	1920	1080	True	85
727881a1-bd7f-4c2f-8175-ad7f10fc4698	28f7e6734615f41bc0366dee5c563f09	О	34	91	720	1280	True	127
c713d8a6-7861-44b9-934b-1b6cd590e165	dc96b1d1a840878c4ad209500dea570b	О	21	57	920	1920	True	100
7530676f-87c5-4583-b334-715ea4b121b3	e9df86cd8713f2fa9f2077a2197c7136	О	33	123	1920	1080	True	176
585860e5-fa6c-49c5-81f8-5a21a17bf426	5cfa6de910fe7b0af5f422d0df9f06d5	О	35	93	1920	1080	False	132
cd3b527e-d6b4-49e6-8ffe-56b3fd1c1199	f3cf3f9bb709ce2bee3da304a4ccb427	О	42	89	1920	1080	True	155
330682fa-676c-41ba-8cdd-9fa0e5c238af	635ab4108b0d6b87bef3f30a318d8df9	О	33	109	1920	1080	True	180
5e3c04fd-b7f7-4f02-801a-0f896799007c	818443c6d5ec52cadcc568181daa74f9	О	32	77	720	1280	True	108
59c74a9c158b1407690bc41039ffc8a9	29479	О	25	78	1920	1080	True	97
3b189042044ae71d68493e4a2689aa18	27901	О	45	98	1920	1080	True	131
74134b1af59bcca6891897ea2d76982b	29585	О	0	29	1920	1080	True	64
8e4f0b82757f2d5998eda9cbeda12636	28593	О	35	89	1280	720	True	109
ef529912e12bc887fd6370b0785453eb	29751	О	9	54	1920	1080	True	85
e34356964d69df81095bf2cba35284e1	30009	О	68	113	1280	720	True	176
653f105ffad7fb174837bd74576ecd89	29970	О	7	42	1920	1080	True	80
319474aa6364fe7e48da2994184a7a80	27658	О	41	88	1920	1080	False	139
dcd4bc1e34c4e0f85c7e8f8ae4936d5a	24438	О	26	81	1280	720	True	150
d8e9d69af3f7bc6b9275605586eefc8b	23309	О	12	48	1280	720	True	50
0ad4c4e66a5dab8c783832c150348968	21759	О	20	74	1920	1080	True	131
49f366c8a7d782b120e2ffd1d50621dd	29318	О	41	92	1280	720	True	115
5463143129e3a23670e69a9fa449b366	29283	О	62	127	1280	720	True	165
3569873ed6a8f5364b24ab59a0e58d20	29898	О	24	56	720	960	True	56
1ce261d0a37b5ef6a526fe71771718a4	22109	О	32	75	1280	720	True	79
c2f82fd6be9117a27caeff75c5f6b712	21288	О	0	43	1280	720	True	44
2a0572e79d0aea1b76aee1365933dee1	29673	О	46	92	1920	1080	True	166
f37d61e1829df87296010fc519de1eb4	27086	О	18	56	1920	1080	True	98
59ef49e7f59028d37c9cfb3f267a40c4	29762	О	27	53	1280	720	True	138
e9a059bd7ec1234f78a11e902c002c5b	29229	О	55	110	1920	1080	True	188
d5ebf803513a8d37825486deefcdae80	21271	О	29	96	1280	720	True	122
c33cc77e9550508af34fa9033f2bdb77	27399	О	23	61	1920	1080	True	90
a2101577-a4b4-4ec1-a032-88fe6fa653d7	52003757d6b63a3ee7a71f36f5a9a17b	О	28	95	1920	1080	True	134
12acbce6-85e1-4604-84d0-f13338597420	40ad51b49892dca94b905eca8926568a	О	0	55	1920	1080	True	86
9a99d7fa-b3e7-4a9a-a9f5-73a9befd367e	efc86825b9a40bcdcc9b54ab81aab3fe	О	25	70	1920	1080	True	71
1b4fbc1f-f2ae-4294-a568-fb8e4f6ed56c	4aef7889ad6cd118ce4dab1e3b998a01	О	9	36	1920	1080	True	80
dbd4691f-0a6d-411f-8a21-8f6085bdc2bc	2d5120991a63d659f0eef6123f092100	О	15	43	1080	1920	True	98
e40e2f17-ee37-4c66-adcd-6d36925e2f35	b4e852a75cacf8642412dfc05e2126a3	О	0	53	1920	1080	True	54
5819678e-3a49-4097-b857-ffe1979fa77a	0c3d5473fba13210722e53374b736416	О	21	56	1920	1080	True	109
47415996-8b1c-4d50-89e1-7252e459aa40	49b45af05ac6192685bee4e29cdf1e48	О	11	57	1080	1920	True	85
cf08fea3-b61b-432b-aca2-814adc66e251	53c3af7712ee8220b2faed1a55a82eca	О	16	48	1080	1920	True	83
dcda86f7-ff0c-4658-b555-f1de75dd77b1	194612f32f5297e4699c2c0beb9b336a	О	35	65	1920	1080	True	110
eb845b0e-f781-4f7c-bf05-81f8b59a1f4a	48bc83c415e12683f469d16027829654	О	22	71	1920	1080	True	114
55b02c3c-877a-4422-90f2-86d6ba5bf5d3	b6dbf3d8d6ed9fb9283b687910f6e829	О	13	56	1920	1080	True	82
16e19e30-f93e-4ba8-84ac-d04117176af2	e4bd328bca8e6f51bd6f4f019692b666	О	32	69	1440	1440	True	96
e2cadc0e-4d2d-4e23-b61d-5b29fe6494c8	4299b8ccf39ace57287b463fbe4a489b	О	20	60	1920	960	True	89
c15fd263-aadd-4b06-8b63-dcadce764bb1	33b317c5a26046cafcd795a2fe4e919e	О	24	50	1080	1920	True	87
fce6535c-3b21-4fd1-96d4-1a3f7eadef97	76aa633fcb2bec4e6b0852635a8af57c	О	9	56	1920	1080	True	95
6306ab2f-27ae-46c0-9d36-94e3bb2cde43	570c2405d58fe08bce66f55c42bc36b0	О	27	79	1080	1920	True	107
60c85219-e2cd-4a8b-94f5-6fa56c40ff79	3018b64d2c938f5b6a0826dfdf486f2c	О	20	74	1920	1080	True	114
158c2825-e2bf-4a5b-a586-db2f229b338f	3ef4548431002f9f8fd7f39987be22c1	О	22	55	1920	1080	True	103
3f00520d-963f-4bc7-9fcf-a294f7e1cb3b	3cf00ecfe200a3990d42c6464286d6fb	О	34	76	1920	1080	True	140
0e70075e-ad2c-4b15-a6e1-2d78b38dbd7c	4b8f634baac82dd96142fa1220b79759	О	23	52	1080	1920	True	103
07c51d98-deb3-43e7-973d-f50b32f56cc3	324cdee3d2550397efb761d8fff48139	О	11	57	1920	1080	True	93
a7d53a49-99d7-456d-959c-d16ee5b273ec	c80b4e57f158f28299b2a89694c42329	О	36	85	1920	1080	True	154
b77645f1-f126-4b1f-96c5-5f4dd5c158fc	83624345fa124849e833a8664f21f3ea	О	16	58	1920	1080	True	80
03023724-316d-4df1-b392-f054ea17f055	55ac05bf18204955c640591070dd1118	О	21	67	1920	1212	True	92
bde0c9db-49e6-42de-a75e-eaac8205642a	bd4e2755d88d8d835a07df3c78cdfc3c	О	10	38	1920	1080	True	72
d748fd35-d00d-4b87-be4e-53424d87ab16	95d5ca4d8706b85bfe8447cc7e83c86a	О	6	48	1920	822	False	83
3cc06cfa-8236-4366-9ab6-a95903011972	86ec735f573ae6c36a9dbf9e5bfd4eaf	О	52	102	1920	1080	True	170
5f3cc838-4868-4007-bbe3-4fb53d84dea2	e97c55b450c4b2ae48a165e349f0f3eb	О	40	95	1920	1080	True	157
184db142-9e88-45cf-9311-534318faf9bf	0f7aee11724db9ef1f9df422f7443e28	О	50	96	1920	1080	True	148
618aaed5-8448-4f63-92bc-ed3567ce4f63	b34ac47997680835ece485b13845fefd	О	10	54	1920	1080	True	81
e3475924-206e-4f6f-a003-8a461c9fb5d0	ff169f3bbab458308b88188be3657125	О	11	45	1080	1920	True	110
38176e9d-f6a0-4039-a36d-486ee9c53204	bd6e2ad7ab53ceb7b8de9a1842844071	О	32	70	1920	1080	True	118
44634c40-9096-49fc-baf3-0dbf2b02f7dd	b56726d7b447d88e526f7da2e9e0e520	О	21	66	1920	1080	True	94
6cd2772e-18aa-402a-a31a-a4cb49f6cf43	bd22df5de9c7373f6182446d80e4eef3	О	36	78	1920	1080	True	112
946a038f-b0ee-4014-9fda-16b5d5b940e9	420e55e9cc86ffe6ca183d41d80ee67c	О	8	64	1748	1080	True	76
88cb807a-dbf3-4200-bcef-5ecfb8e41af8	6753ca229e01b1c71053cb265fd93013	О	30	90	1440	1080	True	117
c3eabfdd-96c3-495e-b66f-bd4a64f6e69d	7faa41c4cf0a2602a23390de23574993	О	69	130	1920	1080	True	196
1b97b2ec-6c4d-4018-94ac-d0ba5e58853e	a8a635e6eaa8edb003c5a2b1cef789b5	О	23	56	1440	1440	True	96
dac3961c-a680-4eb3-987d-50fc998d7b87	d6349cdcc76fc803d1a544fe2c18f298	О	25	69	1920	1080	True	128
dba24874-b43f-468b-ac3a-3f007c10e73a	cba981340353ec309f352b09a3ada196	О	21	60	1920	1080	True	131
f9ade3ca-b55d-4de7-b629-6e29bf3a017e	adfe9c8ea85db4e65f36572669cbfed5	О	7	69	1920	1080	True	129
ae3699b97df185a0f92394cab5021a11	29674	О	8	41	1920	1080	True	56
623636973389ad59974786aecc3ce631	29804	О	25	93	1920	1080	True	128
3c198d39339c5e18e74c5d86e8a25b13	21710	О	19	76	1920	1080	False	109
56259d96-00b5-4410-9cb1-3e593a241334	ca6b767f0cccf093ba737ae2fc4fec3d	П	1	48	1920	1080	True	64
39e0e8d5-a0f1-4561-9db2-96725017e263	185bd3a81d9d618518d10abebf0d17a8	П	41	102	1920	1080	False	142
b1589289-f386-4e93-bd34-d3ecf738101b	0ab4f8e463cdded2e59d6001f4e1b487	П	25	61	1080	1920	False	75
0c595b72-e642-40ff-9165-090f2c82d0b2	a95892dae1d320bd8b08cbca6a127cd8	П	19	65	1080	1920	False	78
949c25b1-952f-4fbe-9e80-3de52916e94d	1860c7f3605089bf0eff0c4e72c7add4	П	23	95	1440	1440	True	112
8f1f6b37-d0e3-416f-aecc-35975221fd36	46dd04a1caa75ed3082b573cb5a3ad26	П	34	70	1920	1080	False	108
40af472e-fec9-4afc-807b-ad08b3339be8	fc6e5caa3dc328e7558b072e6607e399	П	18	55	1920	1080	False	85
1a631330-fc50-44a4-8bea-ec64100df7c1	95af8e702c909eee7145c6dc1a3d756b	П	13	71	1280	720	False	97
17c4de6e-278b-4f32-bb22-533cf025442f	db573f94204e56e0cf3fc2ea000e5bdc	П	4	59	1280	720	False	102
6eec0117-bcb8-4eaa-8bb6-730a76b91663	50334f2a79561498829a34a2c90984b1	П	45	107	1920	1080	False	204
bbf6bc0e-ba59-4e0a-a18c-70c6658789c3	0211b488644476dd0fec656ccb9b74fc	П	8	54	1920	1080	False	99
0df7cf44-ca06-4652-aea4-3b02ec47b832	2d84da20c251acaeb3186642fcb04f2e	П	10	54	1920	1080	False	89
ea60b47c-98e8-4464-85cf-af61b18b5ead	9f9b13d8e63bd774b4ad1bd14f56147d	П	26	62	720	1280	False	104
5ef1670e-d4b4-4c45-852b-dd887abdc9fe	ba230d5b794c9a7350356eddd3e9929c	П	7	44	1920	960	True	82
be242f16-97e5-4941-a6a8-760c24390057	13c4baf863bfb1aa4ac638650e508d3b	П	12	75	1080	1920	True	114
44fcc093-d5aa-45ec-97ae-6d50086e6099	0041ec866777f12c384b64d8cd636277	П	12	98	1920	1080	False	130
b01eb1d8-45d4-4d36-90d4-c9f8633448a7	b07a773bcb10b4f14f33d2b0e8ec58ba	П	15	64	720	1280	False	90
2e42510b-357d-4a93-bb10-3872c3df3ef0	f5b82a9c82f6d870ec253e4c3fa96d83	П	12	75	1920	1080	False	128
6ba24eac-791a-4211-a1c6-78d05307da02	9a0784a99ea13a8b06cb103c2c8c7f0f	П	26	72	1920	1080	True	100
a4b1fafe-e933-4797-b435-bb13ec01e642	12c7911f38c7113ce13c71dbd785ce22	П	13	48	1920	1080	True	82
2a2ebb67-0f84-49c5-91a7-38bab84b5019	f2dc6eab563f93d86629c1cfe479f09d	П	13	49	1440	1440	True	86
bec6266c-336e-42f6-ac41-5c4c5fa39919	4d26ad833542291c50de9ce88fb4f64a	П	13	77	1920	1080	False	133
c01721fc-1943-4490-815d-50a5e7d58a0b	3dd2ce2659aada17b976390004ebe322	П	0	42	1920	886	True	69
a9b360ad-e87d-4c8f-b693-515d018e613a	87fe0712fdd150ecc8d02cbbb2e047d6	П	13	43	1280	720	True	99
6a6dc2b9-c524-4c45-bdd4-932831d6e3a5	68f27043789bb049757486b0ed1cbaab	П	45	84	720	1280	True	91
3e139e78-f12c-4a66-84b0-46825d6dc734	76aa633fcb2bec4e6b0852635a8af57c	П	6	58	1920	1080	True	98
cf072abd-dcba-4b89-8e2a-67d6771beadc	a8dc3ffc818b23319cea1757602ad8e8	П	14	66	1280	720	True	106
4ead52e7-1cb5-42d9-b047-9fedb0a7b7b0	feea6c22175f962ab28452f7314d1bc0	П	27	78	720	1280	True	111
f1c2ee56-2201-4904-8efb-ed210a8a28ad	6fefb7617d77222efd121f4a2d6a79d6	П	36	112	720	1280	True	188
a7d27cd1-f0a9-4331-b0a4-9824ab882126	324cdee3d2550397efb761d8fff48139	П	9	65	1920	1080	True	104
67d84440-87ce-40e9-8011-7029d68478c3	abd669cafd4f2078708e1cb1846e1bd6	П	61	95	1920	1080	True	174
9ecb2edc-2ca3-4ff4-a58e-b5707ffe2308	52003757d6b63a3ee7a71f36f5a9a17b	П	2	59	1920	1080	True	96
59c5dbf3-cc99-469a-9de1-78d3239ceafb	fb1007e5ffe149cc08bccaf8eda2ce31	П	12	76	1280	720	True	133
3df7ef84-7ab8-4665-b1c8-22270e97ae3a	81c0cdc37caa67e7ddf8e06c0a4443c8	П	36	112	1920	880	True	164
51cd347f-3f12-4f34-9db2-28c3974a8026	53c3af7712ee8220b2faed1a55a82eca	П	19	54	1080	1920	True	102
62cb8544-1837-4dfb-bae6-2f0596e56918	ab460ff83e8c5b13a705a9e2081023c2	П	2	53	1920	880	True	80
c64ca1d4-f3ce-4bde-8464-04186ba40622	0ceb69ca37aa3e44528c7ce03c329479	П	45	80	1920	1080	True	141
b0097801-f5b0-4a25-8fd1-ab489fc406e5	0c3d5473fba13210722e53374b736416	П	16	60	1920	1080	True	90
1095a957-77cc-4118-965b-58bc75b67304	d5a3d6c977e8ce1cd3a4eac0908d4d7d	П	25	84	1920	1080	True	104
6ec56bb4-caca-460f-9fef-3dcb3be13cea	32f4bb8542738fa1980831515d2949ea	П	6	49	1920	1080	True	84
29daba8e-a365-4b3d-9fc9-b3c043e24548	a85134b72f825ac9569e44e9ae53b128	П	23	83	1920	1080	True	113
c478ea4b-5851-424a-9fcc-ca5b7fe5a2c0	8c34c33a92e42220b2e080bdb388d532	П	11	37	1920	1080	True	70
519eb495-7bbe-49ac-bd62-52ab77ca8e10	27032346b8d1e263473c0451843a8a6a	П	20	75	1080	1920	True	99
1d4f154e-30c3-4ee1-aa54-ba8c9825b2ff	362b7038ed4bd4b527fce434f14d2aaf	П	16	69	1920	1080	True	99
c4ccb453-bc3f-4bde-8607-85fbb762d68e	6520ea9b92b24339fb538be29b315e0b	П	20	59	1920	1080	True	88
ecc50de1-9be8-42ba-a632-6581552ab7dd	23f5ca29e3183e356572642263a836ac	П	4	43	720	1280	True	75
68d80949-5dd8-400b-a965-cf5211431f38	1cdaed3814fe5a4bfa9baa5d3f94ecc4	П	30	67	1080	1920	False	101
d5b4788f-3581-4d93-a759-e75a2b0fb0db	b6bc47e76a066769495f3a22455713b5	П	15	52	1280	720	True	74
de2c2f07-348e-4c29-a183-f1e1d31a1d52	138356c62cb9cd6168ec85fd31dbb1de	П	31	95	1920	1080	True	129
6d48b715-3f84-4c97-9c84-73a6cf450953	c8f885a4da648650dbecffbb38258989	П	28	71	1920	1080	True	132
f836a70d-3e2a-40f2-bfc1-af7ef4f5f171	2916c8f459bac1870fe3897d0340b148	П	14	60	720	1280	True	93
cd89d887-f7af-4960-b59c-e8fe5a128817	a050ef5cb26b9d7f2ccdbedd1411ffa9	П	24	60	1280	720	True	93
fc96cab3-4e05-4f61-b12f-0701c98f303e	2fa7bff4283637452ca0e2575a1815be	П	13	45	1920	1080	True	86
4382db4a-365f-4d21-883d-0fdf0ec75ca3	28f7e6734615f41bc0366dee5c563f09	П	39	101	720	1280	True	129
42817374-d526-4b79-ab1a-0df9cff0657d	e9df86cd8713f2fa9f2077a2197c7136	П	34	158	1920	1080	True	213
c1d65fa0-beaf-4c1d-823b-784c554e7fe1	5cfa6de910fe7b0af5f422d0df9f06d5	П	39	106	1920	1080	False	149
0277eb31-5ad7-4004-a5b7-04f1e95a6b98	adfe9c8ea85db4e65f36572669cbfed5	П	17	58	1920	1080	True	112
d9b2a925-b112-4616-bebf-22d5a96f5131	f3cf3f9bb709ce2bee3da304a4ccb427	П	42	64	1920	1080	True	164
5f21983d-4f12-4084-b9cd-4f2bfb9131a4	635ab4108b0d6b87bef3f30a318d8df9	П	57	112	1920	1080	True	187
b0fc8ca4-9014-4152-aa64-ca01b9281979	911876c4ffc0dd4cf21f61ea1acf5a0b	П	31	82	1920	880	True	122
b914ba9fefcd902c1b9f4bd5e1bb3c31	29479	П	11	72	1920	1080	True	102
c65085461c793b218bcfe21a36f6a13e	13790	П	32	77	1280	720	True	102
7d7acec5496172c18d9e6dbee18c799a	29585	П	2	49	1920	1080	True	84
81f3af8cde5767d53e1c69811a564f88	30009	П	33	111	720	1280	True	182
26503405cb16a8d6e1a1eb2e38bdbeb9	29970	П	5	57	1920	1080	True	80
999b7f9c03c3af1ef2a317decd9c3348	27658	П	51	96	1920	1080	False	139
01878b59cf72359aa8f2da27875b8ca9	24438	П	31	93	1280	720	True	170
e2bb699f553fe4669a9f3ecbe0394624	23309	П	17	55	1280	720	True	56
c811aac56b1fa8b24ea0d86000cc50ce	29673	П	49	125	1920	1080	True	185
a0e521bf4ed301a98acfa82e25561234	21759	П	33	91	1920	1080	True	153
208161df75243920a275d3a84e447bac	29283	П	11	57	1280	720	True	83
1534a6e5874c4d8b88d7631f68c386ea	29229	П	29	120	1920	1080	True	183
d49cf5aae41b709514f4105ada558fec	29318	П	47	116	1280	720	True	153
651953f41a46bb063e0fa19ef2aae944	27901	П	32	109	1920	1080	True	152
5297d7ea4ad704a59d6adcc184fabb2c	29898	П	71	112	720	960	True	142
7df450eb0aecfb7ee180a7156913d440	29751	П	7	64	1920	1080	True	92
0ee239e5f40c36b730ceaf74eae0cfcb	27086	П	12	56	1920	1080	True	82
d3d0543163eebc47340b30097b496582	22109	П	29	94	1280	720	True	108
9f28dfcc8056d47e02bce19bdb286285	21271	П	63	121	1280	720	True	172
afe330b34098f432309ebc48eab7aa03	27399	П	17	78	1920	1080	True	118
c9e317b3-c390-481f-9b11-e43ed8d4a467	40ad51b49892dca94b905eca8926568a	П	2	67	1920	1080	True	99
2ca54954-ef1e-43c7-886d-57b14696e272	efc86825b9a40bcdcc9b54ab81aab3fe	П	11	51	1920	1080	True	51
7a380185-4ad8-4280-be45-f405cc8cc15e	4aef7889ad6cd118ce4dab1e3b998a01	П	2	33	1920	1080	True	69
96ec5089-65c4-4b93-b56a-feb548e6cad7	b4e852a75cacf8642412dfc05e2126a3	П	0	50	1920	1080	True	74
fc4008b6-f142-4d97-8723-d5020793e0d8	2d5120991a63d659f0eef6123f092100	П	19	60	1080	1920	True	109
f03055ed-683c-4d3a-832c-40ba32040a9d	49b45af05ac6192685bee4e29cdf1e48	П	17	55	1080	1920	True	98
5e46cdd1-2f38-44a2-9bbc-9d1271270eaf	7faa41c4cf0a2602a23390de23574993	П	49	103	1080	1920	True	135
141055b3-1b84-468a-b2a2-faa4d6b5a400	194612f32f5297e4699c2c0beb9b336a	П	23	75	1920	1080	True	111
f0050ed1-4dd8-4f2b-beac-0ce2a9794498	48bc83c415e12683f469d16027829654	П	22	64	1920	1080	True	113
fc6ef0fa-764a-4f88-873e-3d3ba6f6373c	b6dbf3d8d6ed9fb9283b687910f6e829	П	14	55	1920	1080	True	104
d8a4d563-0055-4c9d-8182-def2b86c9241	e4bd328bca8e6f51bd6f4f019692b666	П	32	70	1440	1440	True	127
66879db1-fd38-491e-8142-81f7dd617988	4299b8ccf39ace57287b463fbe4a489b	П	30	54	1920	960	True	91
734a80b1-796d-4769-b29f-892867947cf7	33b317c5a26046cafcd795a2fe4e919e	П	23	46	1080	1920	True	91
1971e40e-9f24-4088-9857-5153ed3e389a	6ca843830e5d2608f5d486f02e37dad9	П	10	39	1920	1080	True	54
cf897f39-ea56-47f0-8028-30a812c0e6bf	d6349cdcc76fc803d1a544fe2c18f298	П	45	94	1920	1080	True	191
80caf74f-ebce-4c3e-ab7a-9b8cf98597f9	570c2405d58fe08bce66f55c42bc36b0	П	26	67	1080	1920	True	101
db4bdda6-5261-4ab7-97a8-68a0a5c1b7b2	3018b64d2c938f5b6a0826dfdf486f2c	П	16	65	1920	1080	True	103
a5339a72-f075-49f0-a7c6-df26a1e9bd73	aa12bfdceb971561727e86d34aff35ac	П	17	59	1920	1080	True	103
ea2a02ea-5e16-46d9-a32b-13d576eec329	3cf00ecfe200a3990d42c6464286d6fb	П	39	78	1920	1080	True	143
5c0302eb-9b74-4ee6-bb86-20dd5d62d084	4b8f634baac82dd96142fa1220b79759	П	23	70	1080	1920	True	113
ed29ab67-feb9-45d2-8e79-5671d7f7ab49	04af3ba065bb7423e0685ebe180751c1	П	10	51	1920	1440	True	54
a505b656-c465-4abf-82a7-41cd23ebd916	c80b4e57f158f28299b2a89694c42329	П	40	106	1920	1080	True	170
2b5ba4b1-61ff-45cc-9eab-2ef6ae65bb9a	3ef4548431002f9f8fd7f39987be22c1	П	21	60	1920	1080	True	92
95da4a0d-c496-4353-9551-97743b46c99d	55ac05bf18204955c640591070dd1118	П	26	63	1920	1222	True	123
3f4765b9-13b3-4494-ba69-83e1d865daf2	7c0fb4e90495815f55cb0deb35cbc95e	П	10	42	1920	1080	True	74
8d460a51-f3af-4430-9124-321a264ead26	bd4e2755d88d8d835a07df3c78cdfc3c	П	5	33	1920	1080	True	66
e1ffd6d1-1cf1-4d65-91f0-9845be7f61d0	86ec735f573ae6c36a9dbf9e5bfd4eaf	П	51	111	1920	1080	True	182
f2d0324a-7b8f-4509-b60c-700df35d2037	95d5ca4d8706b85bfe8447cc7e83c86a	П	6	43	1920	822	False	89
af53bed6-31de-47e5-83aa-5009b6141c1b	0f7aee11724db9ef1f9df422f7443e28	П	52	106	1920	1080	True	148
5e99ce35-0414-45a6-8368-320ee33b5624	b34ac47997680835ece485b13845fefd	П	18	59	1920	1080	True	100
326d637f-521d-4b68-9fb8-25b2c2642698	ff169f3bbab458308b88188be3657125	П	6	67	1920	1080	True	118
b2848c22-dc25-4323-8a69-4ab8b458a14d	bd6e2ad7ab53ceb7b8de9a1842844071	П	37	86	1920	1080	True	134
ee56d22f-a633-4937-baa8-a89ac6c5a699	6753ca229e01b1c71053cb265fd93013	П	19	81	1440	1080	True	108
0ae4c365-08d3-4bca-a020-d9e94a992bf7	a8a635e6eaa8edb003c5a2b1cef789b5	П	20	57	1440	1440	True	101
43b5d9e3-f58f-49d5-9489-62c5d1fb9888	c2f39049d2c1d9527683ed47b4fb6ad7	П	4	51	1080	1920	True	62
fe0d16be6ca9c4ffa0ab74f2d2666002	29674	П	25	68	1920	1080	True	79
f75633d9312fb2ed6858ac33597db4bc	21710	П	19	81	1920	1080	False	119
17f53df4-c467-4aff-9f48-20687b63d49a	185bd3a81d9d618518d10abebf0d17a8	Р	40	97	1920	1080	False	133
89d4ae1e-76df-4d42-964e-51adbdc45d3c	9a0784a99ea13a8b06cb103c2c8c7f0f	Р	1	60	1920	1080	True	61
aa622fd9-e5dc-4b7c-9df2-b2662517a943	0ab4f8e463cdded2e59d6001f4e1b487	Р	11	62	1080	1920	False	90
2fb916fb-3319-4467-9c3c-a67faa2440ea	1860c7f3605089bf0eff0c4e72c7add4	Р	34	92	1440	1440	True	127
f6a9f47e-d05b-4ab0-830c-62695f50b7a3	46dd04a1caa75ed3082b573cb5a3ad26	Р	7	41	1920	1080	False	71
37a9cccb-76d3-4f14-9aab-e46e80428027	a95892dae1d320bd8b08cbca6a127cd8	Р	4	54	1080	1920	False	79
f970b63c-3ea8-498a-8e06-e7f05f84f182	fc6e5caa3dc328e7558b072e6607e399	Р	13	63	1920	1080	False	84
3badf827-763f-4acc-a948-4d3d492f2ea2	95af8e702c909eee7145c6dc1a3d756b	Р	0	46	1280	720	False	64
bf841fea-1ede-4aa0-8b3c-b167ab0e078c	db573f94204e56e0cf3fc2ea000e5bdc	Р	2	45	1280	720	False	90
2ef17868-8925-46d8-aa4d-7e6c872afaea	50334f2a79561498829a34a2c90984b1	Р	49	138	1920	1080	False	251
4f070581-9e93-41df-8e99-06e1e2417887	9f9b13d8e63bd774b4ad1bd14f56147d	Р	15	56	720	1280	False	83
e7ccd123-7e8e-4759-8e1f-276cf572527b	2d84da20c251acaeb3186642fcb04f2e	Р	9	63	1920	1080	False	97
d6ce9cf7-ac40-46c8-970b-b30b11389299	13c4baf863bfb1aa4ac638650e508d3b	Р	12	65	1080	1920	True	73
572ce1ef-ac1c-440f-8f9a-c5350c45eab1	0041ec866777f12c384b64d8cd636277	Р	30	103	1920	1080	False	144
fab29934-3525-4319-89a8-d1e172b7f6c9	f5b82a9c82f6d870ec253e4c3fa96d83	Р	6	61	1920	1080	False	94
52f3f7bc-957b-4261-828a-349fc8d4d729	b07a773bcb10b4f14f33d2b0e8ec58ba	Р	27	72	720	1280	False	106
df477195-6bf1-42c2-93da-b758672c41b2	0211b488644476dd0fec656ccb9b74fc	Р	7	55	1920	1080	False	81
719608de-5067-4616-8efd-d3c550ee6c48	ca6b767f0cccf093ba737ae2fc4fec3d	Р	1	58	1080	1920	True	59
20ad8137-9778-4838-81ad-d97db95d5a64	4299b8ccf39ace57287b463fbe4a489b	Р	16	55	1920	960	True	85
c40ed7d7-2f32-4f51-9e81-e3a58e4f1f11	0df9d6e419cb18069e696edaa170ba87	Р	26	62	1920	864	True	105
aea72653-985a-43b5-a144-47c88fb65cbb	12c7911f38c7113ce13c71dbd785ce22	Р	12	45	1920	1080	True	79
5d252206-78c0-4dd1-9d2c-e043e7c54b19	f2dc6eab563f93d86629c1cfe479f09d	Р	29	65	1440	1440	True	94
32eac50a-0078-4bd4-9738-ab5b2d2b41b8	4d26ad833542291c50de9ce88fb4f64a	Р	18	62	1920	1080	False	125
af07d90e-e7d6-4aac-9178-d3e92eec11e5	3dd2ce2659aada17b976390004ebe322	Р	0	39	1920	886	True	69
f956f333-a33a-4b2f-96c0-013ea504ac2d	87fe0712fdd150ecc8d02cbbb2e047d6	Р	11	96	1280	720	True	101
8ddf7ff2-3421-43a7-9e70-775edb7578e1	76aa633fcb2bec4e6b0852635a8af57c	Р	6	52	1920	1080	True	91
31c8ed15-d34e-439b-a670-57f6860ab5ab	b4e852a75cacf8642412dfc05e2126a3	Р	8	58	1920	1080	True	96
c2c930b4-f50e-4346-9cd7-a987db5c05c1	ab460ff83e8c5b13a705a9e2081023c2	Р	22	70	1920	880	True	120
1c3e6610-f160-4add-9249-dbd0e75711ee	324cdee3d2550397efb761d8fff48139	Р	11	63	1920	1080	True	110
3fb1df2d-76d6-481a-960c-114f9464fe70	feea6c22175f962ab28452f7314d1bc0	Р	28	86	720	1280	True	121
a44778d1-ea59-4bfe-be4a-2b9892fa9b07	52003757d6b63a3ee7a71f36f5a9a17b	Р	10	61	1920	1080	True	104
50ec30c1-fcad-46f3-ab58-14d3bb5e2ff7	e97c55b450c4b2ae48a165e349f0f3eb	Р	74	114	1920	1080	True	190
24900ace-7ec0-4091-b30a-38cf3c14957c	3cf00ecfe200a3990d42c6464286d6fb	Р	29	86	1920	1080	True	125
cbd0423c-889d-4d28-8502-b45c790eba5f	0ceb69ca37aa3e44528c7ce03c329479	Р	41	93	1920	1080	True	152
b2a3ba44-7cbc-40fb-bf15-ca784f7fd60f	33b317c5a26046cafcd795a2fe4e919e	Р	27	54	1080	1920	True	104
7e5e4384-efbe-4d71-9a62-1a9919b0e10f	0c3d5473fba13210722e53374b736416	Р	2	51	1280	720	True	69
5fad02f5-e78f-448f-97e3-423fd63267bb	a8dc3ffc818b23319cea1757602ad8e8	Р	12	72	1280	720	True	106
5bd323b4-ad0a-4b70-95c3-c9d2efa05bb6	aa12bfdceb971561727e86d34aff35ac	Р	30	73	1920	1080	True	147
22151271-6b36-4239-b5fa-f2875ac45108	48bc83c415e12683f469d16027829654	Р	13	70	1920	1080	True	109
5f048fc4-89cf-4f3a-915c-647655ac568f	abd669cafd4f2078708e1cb1846e1bd6	Р	51	116	1920	1080	True	167
2c8cff99-a5ad-41f4-8c70-6d0959c061d5	6fefb7617d77222efd121f4a2d6a79d6	Р	22	89	720	1280	True	122
b3c22fb4-50e2-46db-9a24-2a90130118ae	d5a3d6c977e8ce1cd3a4eac0908d4d7d	Р	19	77	1920	1080	True	133
6be4a76b-924c-43f1-bcab-a52f5d1acce9	32f4bb8542738fa1980831515d2949ea	Р	6	64	1920	1080	True	93
750a5b22-db67-4b3d-addc-33b4c8ccc59e	a5f261810c66a72ed1d61890eefe1672	Р	44	107	1280	720	True	141
7a05229b-07b7-4ea2-8b95-991abafb6968	27032346b8d1e263473c0451843a8a6a	Р	32	94	1080	1920	True	116
821c0c7c-5064-4a3c-a186-b1eec83379d4	0c954cec2fd8884fff2ceeb41bd1b89d	Р	22	91	1200	908	True	104
fd4417cd-75da-4e40-befa-a7079cf97d7e	dc96b1d1a840878c4ad209500dea570b	Р	28	81	1920	920	True	145
279b1cc7-3acb-43da-a871-24cfad5924c8	a85134b72f825ac9569e44e9ae53b128	Р	23	91	1920	1080	True	131
c1e94ebf-1f1a-46ca-95ea-68a56be07b4b	bd4e2755d88d8d835a07df3c78cdfc3c	Р	21	88	1920	1080	True	132
d8623000-eb56-465f-bb49-72d852bbb1c7	8c34c33a92e42220b2e080bdb388d532	Р	25	59	1920	1080	True	103
d8f27d1c-081c-475c-8e43-d0c39ad0b512	b34ac47997680835ece485b13845fefd	Р	16	62	1920	1080	True	93
f21c1dab-fb7d-4f7d-9f06-1cda9d517db2	a8b89f85a363edca5d0cfa080065f2d6	Р	9	57	1920	1080	True	74
c9c82477-4776-4a5e-8f28-5224bb675f98	b6bc47e76a066769495f3a22455713b5	Р	0	36	1280	720	True	73
c12d0d9a-a778-4dc4-848b-d72d271d1153	362b7038ed4bd4b527fce434f14d2aaf	Р	15	64	1920	1080	True	93
c5655b52-b3e6-4e39-a1d7-e3e4fbd27075	911876c4ffc0dd4cf21f61ea1acf5a0b	Р	50	92	1920	880	True	137
63e3c56d-cd84-4b5f-b452-43aa34cdcaa1	138356c62cb9cd6168ec85fd31dbb1de	Р	0	81	1920	1080	True	122
9b645aa1-32e5-4cd8-9445-f16fec475f19	6520ea9b92b24339fb538be29b315e0b	Р	29	80	1920	1080	True	113
22c7228793a93f5ad1909a7302aff0c4	29479	Р	27	85	1920	1080	True	101
29fc0f6733f32b223c342d900828a365	27901	Р	33	93	1920	1080	True	142
db1c644b08b7b29ce8ab499e26b5bb40	29585	Р	1	44	1920	1080	True	78
0a54dba60a2acfadb2b8a04972a113b8	28593	Р	25	78	1280	720	True	127
18ccb2a4559b7a16c9454df0dfa870b8	30009	Р	61	151	1280	720	True	185
b2d993e6e74bb7c70e73197053adf177	23309	Р	26	76	1280	720	True	76
1c078cbb2473eb343d7d203ae0b0d497	21759	Р	38	72	1920	1080	True	140
c3e6daa352318a257624285a8f09935d	29673	Р	41	122	1920	1080	True	197
c2f939d4b13c144e10f6f1f4966a518c	29318	Р	46	90	1280	720	True	122
1b7071b01022a6a1afedfcb4b1f77e36	29898	Р	26	76	720	960	True	99
4005c762dfc4317aa36a150af880994a	29751	Р	14	59	1920	1080	True	98
1600e5d1347c95d93dcac5c047ebddaa	22109	Р	32	87	1280	720	True	92
0d024ab96748dd34716b86f26b203349	29970	Р	11	47	1920	1080	True	79
c00e8b45797aeb4fca8a80035503a8d7	13790	Р	36	87	720	1280	True	114
96b73e0f7c6e7194e9870a79aae5e749	21288	Р	17	49	1280	720	True	85
98bf169c073e47c623cf626ee95eee05	29229	Р	27	89	1920	1080	True	161
5177ca9044cbb98a8f10a5fe7cc16db6	27086	Р	20	61	1920	1080	True	109
bef38d327ce10e95159c7614ddbd0796	21271	Р	59	120	1280	720	True	160
c2b4dc0c30767003ceea901f53776c27	27399	Р	17	65	1920	1080	True	92
0c23f8ed-3209-427b-a3d2-5c2dfc0a6442	40ad51b49892dca94b905eca8926568a	Р	22	83	1920	1080	True	121
3a92d02c-d2a0-4770-bf06-5debc67be38b	efc86825b9a40bcdcc9b54ab81aab3fe	Р	13	66	1920	1080	True	79
ebfc9297-d9db-4d58-b784-83018ae0633c	08b8fc47e7a869751c13f64a922e6c15	Р	63	141	1920	1080	True	249
f735b9c8-88ea-4361-a450-efff811df5bf	4aef7889ad6cd118ce4dab1e3b998a01	Р	5	28	1920	1080	True	78
3552dca5-0548-4772-a43b-c7ccb48d365d	2d5120991a63d659f0eef6123f092100	Р	0	30	1920	1080	True	82
e9bd1a27-daa5-4938-83a3-d06acc0bf481	49b45af05ac6192685bee4e29cdf1e48	Р	17	74	1080	1920	True	110
4cbabd28-83fe-4d0e-a31c-a763aaaf64d5	53c3af7712ee8220b2faed1a55a82eca	Р	15	54	1080	1920	True	94
5052d97c-1e6c-4af3-af02-6c9f6ccd1146	194612f32f5297e4699c2c0beb9b336a	Р	19	82	1920	1080	True	110
2d29e7ad-29f8-40ad-80a2-40a1cd0ce279	b6dbf3d8d6ed9fb9283b687910f6e829	Р	16	67	1920	1080	True	114
0ba09abb-5f9a-4fd3-af27-809c90d980de	e4bd328bca8e6f51bd6f4f019692b666	Р	35	69	1440	1440	True	116
b633554a-7c41-48be-8330-725842ab621d	9a2c7d5a1fb72ad258ab16abf6ae9147	Р	39	85	1920	1080	True	143
ec4b6cf8-c893-41bd-99d7-f72e0afbec10	6ca843830e5d2608f5d486f02e37dad9	Р	1	41	1920	1080	True	51
eba86c10-f062-4d9b-bf57-102122bbe639	570c2405d58fe08bce66f55c42bc36b0	Р	23	71	1080	1920	True	119
c8284f13-d8c0-4cac-8d91-d993f4841711	3018b64d2c938f5b6a0826dfdf486f2c	Р	19	62	1920	1080	True	115
c7b1c764-4f89-459b-a3ba-5c91847e0d10	4b8f634baac82dd96142fa1220b79759	Р	5	73	1080	1920	True	105
0c844688-b949-4eea-a753-49f3b8e07700	d6349cdcc76fc803d1a544fe2c18f298	Р	62	137	1920	1080	True	181
2a64a5ac-4311-4074-b3fc-3772412d7ad4	04af3ba065bb7423e0685ebe180751c1	Р	24	63	1920	1440	True	70
b4954334-47eb-4508-9a1d-1428ce48e7d9	c80b4e57f158f28299b2a89694c42329	Р	34	96	1920	1080	True	152
0ab5382a-8506-441b-94e8-1bd4e1dab06f	e9df86cd8713f2fa9f2077a2197c7136	Р	32	82	1920	1080	True	176
51646550-5142-446d-abfe-b866533298b5	3ef4548431002f9f8fd7f39987be22c1	Р	25	64	1920	1080	True	98
15fbfb3c-b2bc-428b-8118-c8a9a4648f8e	55ac05bf18204955c640591070dd1118	Р	24	67	1920	1134	True	119
2d800895-b887-4656-ba0d-06dafc58a669	5cfa6de910fe7b0af5f422d0df9f06d5	Р	15	63	1920	1080	False	93
0830496e-cf41-4714-a26c-58be9a6eafaf	1cdaed3814fe5a4bfa9baa5d3f94ecc4	Р	39	75	1920	1080	False	112
9fe918c7-9dc5-46a4-8c45-26825a27464b	7c0fb4e90495815f55cb0deb35cbc95e	Р	8	38	1920	1080	True	80
c67ee1ed-69e5-42d5-b524-5ac03f5d9235	f3cf3f9bb709ce2bee3da304a4ccb427	Р	31	71	1920	1080	True	141
71802fc9-11cb-4cfe-ade2-fba9a0616b12	95d5ca4d8706b85bfe8447cc7e83c86a	Р	0	28	1920	822	False	79
19b85ef8-d8b9-42cd-89ef-dcf73eb049bc	0f7aee11724db9ef1f9df422f7443e28	Р	29	78	1920	1080	True	122
8b073a43-1b0d-4d00-b267-77010f4e0f7a	bd6e2ad7ab53ceb7b8de9a1842844071	Р	32	65	1920	1080	True	153
5738b63d-eca0-4478-a575-eb3b50ce7863	83624345fa124849e833a8664f21f3ea	Р	25	72	1920	1080	True	107
ac60a884-e5c7-4a46-8769-f73ad232e085	7c989fdb633be7453228f7c650097205	Р	21	62	1920	1080	True	85
e5012a8e-caaa-411b-829a-9efab57edbcf	420e55e9cc86ffe6ca183d41d80ee67c	Р	8	55	1668	1080	True	65
969e2e70-a046-420e-9792-d9540ba484e6	6753ca229e01b1c71053cb265fd93013	Р	26	91	1440	1080	True	116
c3604c05-e8e8-4311-8b62-6016f5702ce3	7faa41c4cf0a2602a23390de23574993	Р	42	96	1080	1920	True	181
ac64f07d-f73f-4434-a04a-a763bf65732b	ff169f3bbab458308b88188be3657125	Р	19	63	1920	1080	True	163
c17aed37-c3e8-4e06-8cd4-7e70d825a68e	adfe9c8ea85db4e65f36572669cbfed5	Р	7	60	1920	1080	True	118
8e7685b8e6becbee842ae4f057948060	27658	Р	55	108	1920	1080	False	134
2682ff947c63d5c36d7553c1304fcded	29674	Р	4	40	1920	1080	True	49
91f70b8dbc96f13aab739b79626b5c86	21710	Р	18	80	1920	1080	False	116
fde9755e-8b53-444b-b6d3-402273b83115	a95892dae1d320bd8b08cbca6a127cd8	С	12	54	1080	1920	False	61
330fc737-22a8-419b-9e46-b9af6adef8bf	185bd3a81d9d618518d10abebf0d17a8	С	32	101	1920	1080	False	138
e5f711a1-86c1-4170-97e7-6c8517b10cdb	9a0784a99ea13a8b06cb103c2c8c7f0f	С	16	62	1920	1080	True	62
0e25c52a-b8a0-4fab-a88c-5dd39821809e	46dd04a1caa75ed3082b573cb5a3ad26	С	15	72	1920	1080	False	111
7b0ad750-99dc-4d67-9061-c1b6d7a7cacf	1860c7f3605089bf0eff0c4e72c7add4	С	26	91	1440	1440	True	121
eaff15f9-79c3-4a64-b384-6deed6823a92	95af8e702c909eee7145c6dc1a3d756b	С	0	45	1280	720	False	64
d106b355-511f-4098-b30d-2704cb0b0f63	db573f94204e56e0cf3fc2ea000e5bdc	С	5	57	1280	720	False	111
0ad5e5d0-7c3d-4ea1-ae53-5321aeb16183	fc6e5caa3dc328e7558b072e6607e399	С	22	62	1920	1080	False	79
131cc84f-e8e0-4362-ab01-e8fb5eb0ab1b	0211b488644476dd0fec656ccb9b74fc	С	3	44	1920	1080	False	70
85848e2c-329a-4338-a62a-1acc7d810316	50334f2a79561498829a34a2c90984b1	С	74	147	1920	1080	False	261
4abd9c6e-3696-4cd3-bd42-0d2e76128e96	0ab4f8e463cdded2e59d6001f4e1b487	С	3	61	1080	1920	False	83
a0b8e716-bd0f-44a4-936b-65d4d0f64447	9f9b13d8e63bd774b4ad1bd14f56147d	С	12	56	720	1280	False	84
f0f60b22-0190-4459-b11f-713613024c52	2d84da20c251acaeb3186642fcb04f2e	С	27	67	1920	1080	False	115
1a8037d2-13aa-4a60-a505-b61122b24471	ba230d5b794c9a7350356eddd3e9929c	С	14	67	1920	960	True	84
405ef502-905c-417c-85d1-89623de27dc9	13c4baf863bfb1aa4ac638650e508d3b	С	11	59	1080	1920	True	101
30ec247d-c119-45db-b9a4-9fd53fc1111c	b07a773bcb10b4f14f33d2b0e8ec58ba	С	39	115	720	1280	False	142
2c407fa8-a112-4fc9-8613-54e560ffb9b3	f5b82a9c82f6d870ec253e4c3fa96d83	С	18	73	1920	1080	False	121
93badbaa-86a0-4632-99db-c1fa252a65e2	0041ec866777f12c384b64d8cd636277	С	12	59	1920	1080	False	105
934e88d5-242d-4e0d-8d73-bd7736d43f49	4299b8ccf39ace57287b463fbe4a489b	С	23	58	1920	960	True	88
ea6dbc15-4456-4551-af42-8a0de10cf2b8	12c7911f38c7113ce13c71dbd785ce22	С	13	56	1920	1080	True	82
6385ad29-3af0-43d5-b65d-4379ce1a5834	4d26ad833542291c50de9ce88fb4f64a	С	13	61	1920	1080	False	124
328e72f2-7cde-49fe-af4d-f763fb894f6b	3dd2ce2659aada17b976390004ebe322	С	6	49	1920	886	True	83
71aa55f2-0298-4d42-b8a1-4f161cb4147e	87fe0712fdd150ecc8d02cbbb2e047d6	С	11	48	1280	720	True	60
49da68ec-dd84-4626-b121-84a7b8270ab9	68f27043789bb049757486b0ed1cbaab	С	48	104	720	1280	True	120
bb52d244-0cf8-409c-913a-c1c9fd6e0701	63db05b188249dbd9ce7cc98fe205e1f	С	39	87	1920	1080	True	156
23f0b392-ae6e-404e-a5ff-821a23121aa9	0ceb69ca37aa3e44528c7ce03c329479	С	37	98	1920	1080	True	153
8715a7be-aa5c-4b94-81cb-1d480b47ccad	b4e852a75cacf8642412dfc05e2126a3	С	23	96	1920	1080	True	115
e7d9d4c3-b812-42c7-980b-1af42bc83d16	324cdee3d2550397efb761d8fff48139	С	12	71	1920	1080	True	102
ef5f49cd-3399-4d68-96a0-7b51f7e3b49d	feea6c22175f962ab28452f7314d1bc0	С	27	71	720	1280	True	96
64ecae58-57aa-4493-ac10-f491b40874df	6fefb7617d77222efd121f4a2d6a79d6	С	40	104	720	1280	True	145
a82d3ec6-2133-46aa-93f0-fab2ebc32eac	fb1007e5ffe149cc08bccaf8eda2ce31	С	28	72	1280	720	True	136
44a4acf1-ff0f-49be-8e5d-2fc34155ccd3	ab460ff83e8c5b13a705a9e2081023c2	С	7	52	1920	880	True	69
498f8f76-9478-4faa-85b0-d3555838fe4e	52003757d6b63a3ee7a71f36f5a9a17b	С	0	53	1920	1080	True	87
ae4167b7-d1ab-469e-8fcb-6e9a6c68e724	abd669cafd4f2078708e1cb1846e1bd6	С	53	103	1920	1080	True	164
7d951d9a-94bf-4653-967e-bfaf975c5a36	76aa633fcb2bec4e6b0852635a8af57c	С	3	55	1920	1080	True	89
738874f5-a2a9-40fd-9409-e215f7877b18	c05c242d2524d1de48c68f1667cd7b6b	С	2	46	1920	1080	True	69
5e500ea9-10bf-44a2-8c6c-b4c64c3fec08	08b8fc47e7a869751c13f64a922e6c15	С	36	105	1920	1080	True	191
73f81ce6-3cfe-4f05-8a39-eb0bd6a63153	81c0cdc37caa67e7ddf8e06c0a4443c8	С	41	114	1920	880	True	173
c3ed03ad-130c-4533-897a-2bcb4d910a09	9a2c7d5a1fb72ad258ab16abf6ae9147	С	29	80	1920	1080	True	142
bb97cb9c-bbdc-4ef6-96a4-7b49de19c44d	a5f261810c66a72ed1d61890eefe1672	С	28	80	1280	720	True	108
fbacf51b-af09-44a3-95b5-aedc545c16c2	96004c3e655c98e436ff552dbe51c3c8	С	15	71	1920	1080	True	123
f05562ea-e468-4b39-9cf6-22e10d02937d	a85134b72f825ac9569e44e9ae53b128	С	16	67	1080	1920	True	108
f667b3aa-611f-4f17-9f07-c6e575cb9b4a	8c34c33a92e42220b2e080bdb388d532	С	13	44	1920	1080	True	75
03bd6010-f531-4f5b-b016-a16109ec3451	27032346b8d1e263473c0451843a8a6a	С	20	54	1080	1920	True	87
637f1589-b22d-43a8-977f-e890a34a96cd	362b7038ed4bd4b527fce434f14d2aaf	С	22	61	1920	1080	True	93
6109bc37-dd8d-404c-bafd-0bd45212f610	6520ea9b92b24339fb538be29b315e0b	С	31	69	1920	1080	True	98
d7980f70-647b-48e5-b924-5583e0342057	1cdaed3814fe5a4bfa9baa5d3f94ecc4	С	21	54	1080	1920	False	81
52b61d26-9a11-4bc4-8519-4578075841e8	b6bc47e76a066769495f3a22455713b5	С	11	49	1280	720	True	80
b007d6e5-f5aa-4b52-80f5-9d577b1be5ed	23f5ca29e3183e356572642263a836ac	С	1	30	720	1280	True	59
39fa4d40-63a8-48a0-b31e-b9774ba8d12e	c8f885a4da648650dbecffbb38258989	С	21	58	1920	1080	True	133
34b234cf-29b8-434e-a1f9-935f10c5f752	2916c8f459bac1870fe3897d0340b148	С	24	55	720	1280	True	93
b311d642-1ce6-493d-aed6-afef905ca393	138356c62cb9cd6168ec85fd31dbb1de	С	34	78	1920	1080	True	112
24360774-5a78-40a0-ac66-244b234fd25c	d5a3d6c977e8ce1cd3a4eac0908d4d7d	С	15	54	1920	1080	True	86
a5b784b4-4a52-41bd-a392-dcba3286c212	2fa7bff4283637452ca0e2575a1815be	С	8	35	1920	1080	True	98
f8976265-f5b8-408f-9fab-8277e16a95fd	e9df86cd8713f2fa9f2077a2197c7136	С	28	112	1920	1080	True	162
de9732d5-196c-41c7-8c1f-6ab35a3c7145	f3cf3f9bb709ce2bee3da304a4ccb427	С	42	86	1920	1080	True	183
4b286579-82cc-42dc-ac4e-4fc31f6eb7a9	28f7e6734615f41bc0366dee5c563f09	С	27	82	720	1280	True	133
fe7ba543-33d1-4e30-b22a-9e8ac149cd2c	911876c4ffc0dd4cf21f61ea1acf5a0b	С	24	65	1920	880	True	114
e23ef2a1-aa2f-4f15-bfec-b4107f90b299	5cfa6de910fe7b0af5f422d0df9f06d5	С	49	91	1920	1080	False	139
494a6515-9c73-4efd-990c-67f53405a774	bd4e2755d88d8d835a07df3c78cdfc3c	С	15	52	1920	1080	True	105
ce2fc281-7941-4d01-bb08-ed46202f1f35	635ab4108b0d6b87bef3f30a318d8df9	С	23	81	1920	1080	True	166
e670c930-009a-43bb-a33f-eb66758296fb	0c954cec2fd8884fff2ceeb41bd1b89d	С	17	77	1440	1440	True	98
689980ce5fd24ddc969a86fb0b6c798b	29479	С	24	79	1920	1080	True	96
da4b8dbd63f31dc1d802e87e48d58735	27901	С	49	96	1920	1080	True	156
29d5d49568c78cec264c4b2011ef03a9	29585	С	3	46	1920	1080	True	78
a5f9418b339f70abdfe554e6360b009f	28593	С	28	74	1280	720	True	96
b9cc479463a897a4b1c9050f3a787c82	29229	С	47	102	1920	1080	True	175
f2b57e47db14e6aa5c53f1808d5be8af	30009	С	36	101	1280	720	True	148
c5f980e929c137a16d1adb7a3d652406	27658	С	51	97	1920	1080	False	125
29259c7190656e49399bab8a3ee14fbd	29970	С	7	40	1920	1080	True	80
6afd91340760c5a489fd22d851310e47	23309	С	18	64	1280	720	True	64
73e9d8cd463ecf69cc301c15d1ba8998	13790	С	33	67	1280	720	True	90
dcb61125fd6a0ef4fe39a936e9bfb5f9	21759	С	34	72	1920	1080	True	136
defcb23131ef2340382324100a069436	29318	С	58	106	1280	720	True	149
b96525f617ea75e6e34a8baa3387b4b0	29673	С	33	90	1920	1080	True	188
82e6a6ecd1fb7e03bd4c879982b063f3	29898	С	36	72	720	960	True	86
0b06ba0a949636096f4d74996b00abbe	29751	С	9	55	1920	1080	True	87
850d991a2efaa904674fae482d22a789	22109	С	31	86	1280	720	True	90
5c677608ff301919d107c60f5005905b	21288	С	40	105	1280	720	True	106
4a8a3a7267403231a92775707987d595	27086	С	28	72	1920	1080	True	121
55ca859b83f02a96f9296ead4a46fdb4	29762	С	13	106	1280	720	True	133
d6d190620c01770194a200b243e2564b	21271	С	66	130	1280	720	True	173
82367ec15a06066f05da4df8c706e24b	27399	С	3	52	1920	1080	True	74
cdd5bb97-b6d6-4668-9ba7-4ddf38518ea9	40ad51b49892dca94b905eca8926568a	С	0	57	1920	1080	True	87
03bf7eee-971f-42b9-8e54-e06e705d682f	4aef7889ad6cd118ce4dab1e3b998a01	С	10	41	1920	1080	True	79
b895c5df-453d-4934-80e3-f7664c90b1e2	2d5120991a63d659f0eef6123f092100	С	27	58	1080	1920	True	104
226b7784-5c14-497f-9942-d28699b96d55	49b45af05ac6192685bee4e29cdf1e48	С	27	64	1080	1920	True	105
84c36e8b-6b7c-40a3-bd9e-dd36c9b09441	0c3d5473fba13210722e53374b736416	С	25	59	1920	1080	True	92
e17b49c8-8fb2-42a0-8316-cb34f70880d2	53c3af7712ee8220b2faed1a55a82eca	С	16	51	1080	1920	True	80
1a07f13a-d75e-401d-8bb6-ac9f929ae568	194612f32f5297e4699c2c0beb9b336a	С	53	90	1920	1080	True	129
2bc7185e-d701-45be-ba60-cee34db97c16	48bc83c415e12683f469d16027829654	С	17	65	1920	1080	True	109
98ff3b09-52f8-4b07-8c35-94b28810be74	b6dbf3d8d6ed9fb9283b687910f6e829	С	22	60	1920	1080	True	96
13589e08-b2c6-4b3f-81d9-37b480ff96c6	e4bd328bca8e6f51bd6f4f019692b666	С	26	59	1440	1440	True	92
2a32ea6c-8050-4229-aeb6-e10d7cc7d205	33b317c5a26046cafcd795a2fe4e919e	С	21	55	1080	1920	True	81
807b2209-b70f-4f5e-a789-2ee219c4c64d	570c2405d58fe08bce66f55c42bc36b0	С	23	91	1080	1920	True	105
8c1b09ba-5036-4946-912a-8cf98614d00e	aa12bfdceb971561727e86d34aff35ac	С	15	50	1920	1080	True	94
549a6ae1-3027-451b-8e1c-063e791fd38f	3cf00ecfe200a3990d42c6464286d6fb	С	29	70	1920	1080	True	128
e9812235-1624-442a-9067-d4618c0d8673	4b8f634baac82dd96142fa1220b79759	С	17	57	1080	1920	True	97
08b2b3ba-064b-4db7-bcc5-59196794720f	04af3ba065bb7423e0685ebe180751c1	С	25	62	1920	1440	True	68
6868764c-7f81-4adc-a927-06fa4b79e15c	c80b4e57f158f28299b2a89694c42329	С	29	84	1920	1080	True	146
d312c716-ecdd-4e65-9dc3-80a47940828d	f2dc6eab563f93d86629c1cfe479f09d	С	19	52	1440	1440	True	95
5c961210-0b0a-4879-ae6d-85908dfab3b1	3ef4548431002f9f8fd7f39987be22c1	С	25	61	1920	1080	True	98
e091b1a0-fa9d-4a5e-8a0c-84290b17cb04	55ac05bf18204955c640591070dd1118	С	26	64	1920	1150	True	102
f1d8ac66-5674-4231-b956-8e036cddd1f3	7c0fb4e90495815f55cb0deb35cbc95e	С	9	53	1920	1080	True	87
be0c5f8a-a7d8-4b59-b36c-a711377a9eae	95d5ca4d8706b85bfe8447cc7e83c86a	С	8	41	1920	822	False	87
de94985d-b668-419e-b7cc-9bb55389a41b	86ec735f573ae6c36a9dbf9e5bfd4eaf	С	55	98	1920	1080	True	180
2fa475d7-5384-4770-9f39-99fbee3fd2bc	e97c55b450c4b2ae48a165e349f0f3eb	С	41	78	1920	1080	True	154
fde701fb-4102-4ac4-ae65-c5f10ecc1fea	c2f39049d2c1d9527683ed47b4fb6ad7	С	11	48	1920	1080	True	54
a6a1ccac-17e3-4062-ae4b-060cccecb5c0	0f7aee11724db9ef1f9df422f7443e28	С	44	97	1920	1080	True	125
0a726c08-63dd-41e2-954f-c72e7b875254	b34ac47997680835ece485b13845fefd	С	7	48	1920	1080	True	78
779b4967-81bc-4143-8754-8656081eef61	bd6e2ad7ab53ceb7b8de9a1842844071	С	34	83	1920	1080	True	128
eb29ee5b-5d13-4c6c-952d-168b7c699f92	83624345fa124849e833a8664f21f3ea	С	26	68	1920	1080	True	108
a272efb7-9aba-4410-b8ad-6034c4c6c973	7c989fdb633be7453228f7c650097205	С	27	63	1920	1080	True	79
ee474f09-89e8-473b-9f7b-b22bda5d3129	420e55e9cc86ffe6ca183d41d80ee67c	С	12	55	1744	1080	True	80
cb4488db-64e5-4579-954c-c48d92a8d601	7faa41c4cf0a2602a23390de23574993	С	48	101	1080	1920	True	170
27764404-25e1-4f0e-bd1b-f45ca1cee3fd	a8a635e6eaa8edb003c5a2b1cef789b5	С	20	53	1440	1440	True	81
8bc082d9-e943-444a-b98c-60df383cfd34	cba981340353ec309f352b09a3ada196	С	29	76	1920	1080	True	167
03299aea-0f15-4b6d-996f-2ecfce908169	ff169f3bbab458308b88188be3657125	С	6	62	1920	1080	True	144
98809105-7d3b-4e82-bb17-9648da1c6689	adfe9c8ea85db4e65f36572669cbfed5	С	4	46	1920	1080	True	91
53e1b32a-cdd6-4967-9e30-3da92ff859a2	28d653d3548e4508aaa6acbb5dfbeb64	С	76	117	1920	1080	True	181
13450425-9e9b-463f-8a71-e96078a60ac6	0089d92a5ca862773a296198e7eb7856	С	52	88	1920	1080	True	120
aa5ee418-dc11-4532-9eb4-2db341929936	0df9d6e419cb18069e696edaa170ba87	С	25	78	1080	1920	True	106
0dd03df2c01e9384749c881c9bc3ba91	29674	С	12	42	1920	1080	True	51
a8b304ee905c07142b7d146b28e56a84	21710	С	19	78	1920	1080	False	118
3061ca4a-3b22-4ff5-86f9-3b6dbf6492ae	ca6b767f0cccf093ba737ae2fc4fec3d	Т	13	60	1920	1080	True	76
cdccffee-ea5c-4e89-8454-c99d8d8f8b9e	185bd3a81d9d618518d10abebf0d17a8	Т	27	98	1920	1080	False	134
500b7b5d-ff08-4536-8e63-b6aeb54ab258	1860c7f3605089bf0eff0c4e72c7add4	Т	17	82	1440	1440	True	107
392da4ac-9651-4e9e-803b-20d8d8a46a9a	a95892dae1d320bd8b08cbca6a127cd8	Т	14	63	1080	1920	False	88
19ec286d-6275-489a-8f14-ac76268ab9d9	95af8e702c909eee7145c6dc1a3d756b	Т	0	44	1280	720	False	65
99f597f5-938c-43c9-8f57-95fc3d89f1c5	fc6e5caa3dc328e7558b072e6607e399	Т	9	58	1920	1080	False	79
d7c18365-669d-45b8-9a32-9d7f1e599052	db573f94204e56e0cf3fc2ea000e5bdc	Т	6	59	1280	720	False	104
e5d1f698-df2d-406c-96d2-74c3240541a2	0211b488644476dd0fec656ccb9b74fc	Т	6	49	1920	1080	False	76
576dbec4-b9b7-41c8-b4f4-a6e4e3ca76ff	50334f2a79561498829a34a2c90984b1	Т	94	156	1920	1080	False	286
d39fb062-42dd-4d0d-9552-827dbacefb75	2d84da20c251acaeb3186642fcb04f2e	Т	11	51	1920	1080	False	95
cb427c8d-4bcf-4955-b6df-287c035b3d84	0ab4f8e463cdded2e59d6001f4e1b487	Т	4	48	1080	1920	False	78
bb8bd378-528a-4c5c-aca3-5d8d48cdc960	9f9b13d8e63bd774b4ad1bd14f56147d	Т	11	58	720	1280	False	86
4882a116-ad65-4e37-924a-9926bcf825e5	ba230d5b794c9a7350356eddd3e9929c	Т	11	58	1920	960	True	59
e86fca92-8905-4baf-888e-4a4529a797b6	f5b82a9c82f6d870ec253e4c3fa96d83	Т	32	81	1920	1080	False	140
6ed46aab-d4fa-4b28-b854-715c21d76b8f	46dd04a1caa75ed3082b573cb5a3ad26	Т	25	54	1920	822	False	95
b04806e9-70a3-402b-96e5-e3cb51bdc2df	0041ec866777f12c384b64d8cd636277	Т	33	66	1920	1080	False	119
5bff30aa-1a37-471a-870d-cc0e75852442	b07a773bcb10b4f14f33d2b0e8ec58ba	Т	56	116	720	1280	False	176
d4c20537-530e-41b7-8f07-7ef3631a144f	4299b8ccf39ace57287b463fbe4a489b	Т	31	71	1920	960	True	105
4b67b718-1584-4127-821e-0cda19c894bb	0df9d6e419cb18069e696edaa170ba87	Т	48	88	1920	864	True	95
72b022d8-6141-45b2-8842-169fe09cf498	12c7911f38c7113ce13c71dbd785ce22	Т	9	47	1920	1080	True	82
fe979ff2-a7a9-49d7-8e14-276358d80565	f2dc6eab563f93d86629c1cfe479f09d	Т	15	55	1440	1440	True	74
5d290591-8e67-414a-8551-7b94a098f3c2	4d26ad833542291c50de9ce88fb4f64a	Т	11	71	1920	1080	False	129
a1ed5c43-f0d4-4236-9196-f20df6c60002	87fe0712fdd150ecc8d02cbbb2e047d6	Т	13	87	1280	720	True	88
9d2d3898-0576-43df-98e5-3d3bd660236c	68f27043789bb049757486b0ed1cbaab	Т	58	105	720	1280	True	106
36198a70-ff61-456c-b265-d33b7839ee47	63db05b188249dbd9ce7cc98fe205e1f	Т	53	96	1920	1080	True	159
1f4a7751-db0b-4402-9d17-03471523e157	0ceb69ca37aa3e44528c7ce03c329479	Т	68	109	1920	1080	True	180
946f02ab-1bdf-4004-99a7-57a8b065a402	b4e852a75cacf8642412dfc05e2126a3	Т	14	53	1920	1080	True	73
f191c2d8-cb7d-4ea3-8357-3b54e81024ed	324cdee3d2550397efb761d8fff48139	Т	10	60	1920	1080	True	87
febe68f2-ae1f-496b-bb8c-4b31aa28c418	feea6c22175f962ab28452f7314d1bc0	Т	35	88	720	1280	True	122
27dd92fe-d04a-4e21-bb89-2d36a8fab2a6	a8dc3ffc818b23319cea1757602ad8e8	Т	2	49	1280	720	True	90
c82e6b52-8f05-4491-bb8d-909343344492	c05c242d2524d1de48c68f1667cd7b6b	Т	11	73	1920	1080	True	97
079e19a3-22e5-4bf1-bf48-bfca71203c0d	abd669cafd4f2078708e1cb1846e1bd6	Т	43	91	1920	1080	True	154
f46b494d-4408-4313-876d-a72dd4c64fc3	52003757d6b63a3ee7a71f36f5a9a17b	Т	7	74	1920	1080	True	111
282dfaf6-5069-4167-b02c-34618291e721	76aa633fcb2bec4e6b0852635a8af57c	Т	10	66	1920	1080	True	100
65fff8d4-f2f1-4ba6-acb4-51f7b5aa799a	4aef7889ad6cd118ce4dab1e3b998a01	Т	6	44	1920	1080	True	83
48ae2823-a0a4-4f77-882d-f1c1c51cda6f	81c0cdc37caa67e7ddf8e06c0a4443c8	Т	28	80	1920	880	True	114
1c4c522b-0494-41aa-b374-05a9c79c4b82	fb1007e5ffe149cc08bccaf8eda2ce31	Т	29	74	1280	720	True	143
46276840-daef-4626-a658-99ff4a53b124	40ad51b49892dca94b905eca8926568a	Т	9	47	1920	1080	True	90
884e4e13-95ab-4487-938f-64fd3be7ed06	d5a3d6c977e8ce1cd3a4eac0908d4d7d	Т	17	52	1920	1080	True	97
d49c242a-331b-4c23-99e8-cf19e7a80584	aa12bfdceb971561727e86d34aff35ac	Т	10	52	1920	1080	True	82
dbad2b0a-13b2-47f1-9bc4-f137902a471d	ab460ff83e8c5b13a705a9e2081023c2	Т	6	35	1920	880	True	72
b00d9d12-4865-4d74-a41a-e22fd0814c58	48bc83c415e12683f469d16027829654	Т	20	53	1920	1080	True	97
bcf61425-dde9-495e-9027-93d4b6e3667b	3ef4548431002f9f8fd7f39987be22c1	Т	21	58	1920	1080	True	95
5e8dde5d-3cd1-4153-8fd8-980f49215fbe	a85134b72f825ac9569e44e9ae53b128	Т	23	82	1920	1080	True	111
7f58ddbe-7b31-4425-865d-1a2cab8d0cff	8c34c33a92e42220b2e080bdb388d532	Т	24	55	1920	1080	True	92
d78708ad-8f6f-4d03-9fd8-93cc85a2d6ba	27032346b8d1e263473c0451843a8a6a	Т	19	72	1080	1920	True	96
099126be-59f3-49af-b963-ab217a801f03	6520ea9b92b24339fb538be29b315e0b	Т	13	61	1920	1080	True	87
6e289f99-f0c6-4440-b4f5-01f0f36eb9a3	23f5ca29e3183e356572642263a836ac	Т	8	63	720	1280	True	103
c81f3b43-934c-4e91-97d3-bde8d494f0e5	1cdaed3814fe5a4bfa9baa5d3f94ecc4	Т	41	78	1080	1920	False	107
03505477-d1e6-4834-9200-6ad52e6869f1	c8f885a4da648650dbecffbb38258989	Т	23	68	1920	1080	True	118
e3b46888-d6dd-4ca0-9a6f-6dc505f1f40b	2916c8f459bac1870fe3897d0340b148	Т	14	52	720	1280	True	91
563f8fb1-afe6-4856-84e5-3b9f493b61b1	138356c62cb9cd6168ec85fd31dbb1de	Т	44	100	1920	1080	True	142
3976dfab-7546-414d-a6f3-896eece59161	2fa7bff4283637452ca0e2575a1815be	Т	15	66	1920	1080	True	106
d23993c0-d81d-4235-9976-059c820c18b7	28f7e6734615f41bc0366dee5c563f09	Т	33	99	720	1280	True	149
c5452c4a-8330-4ba2-ba10-0a04482b27f9	adfe9c8ea85db4e65f36572669cbfed5	Т	22	51	1920	1080	True	103
ccc7cd67-27b9-4c41-a966-3cd75f89dc3f	e9df86cd8713f2fa9f2077a2197c7136	Т	34	138	1920	1080	True	173
31a939bd-ce63-48d2-b54d-36adda2abffc	dc96b1d1a840878c4ad209500dea570b	Т	22	68	920	1920	True	118
0f0e5ffc-266d-4336-a904-3eec858a342b	5cfa6de910fe7b0af5f422d0df9f06d5	Т	28	83	1920	1080	False	115
540926df-a0fb-4046-9a9f-c9fc058b3f40	f3cf3f9bb709ce2bee3da304a4ccb427	Т	33	76	1920	1080	True	156
7c6b44d3-605e-4af2-93f9-797f480ff1e5	32f4bb8542738fa1980831515d2949ea	Т	14	63	1920	1080	True	87
98fd2225b56467059d6693c65cff2890	27901	Т	37	114	1920	1080	True	155
3abe2bda6c3631dcf0b0a3b2d34cdc3a	28593	Т	23	65	1280	720	True	92
74388e73c871311248833140647668c1	29229	Т	57	128	1920	1080	True	179
126b5f2a4a4afa5fbc525bf08d0af136	30009	Т	49	79	1280	720	True	169
9383ed4480762dec8b85ed790ef650a2	27658	Т	57	114	1920	1080	False	155
72057a8bd9d7b433cb8eb6ea978330ec	29970	Т	9	48	1920	1080	True	79
9d0627952227652ee6a9ac11e8dc1a52	23309	Т	20	62	1280	720	True	64
96407da67e4ddfd8b08778c833ae63a8	13790	Т	42	70	1280	720	True	100
d2075c3ddf6835f6714e31b6a3492e68	24438	Т	25	88	1280	720	True	137
50335b866cffd00c77b019c5129d8df4	21759	Т	24	76	1920	1080	True	124
24fb2af9981d893612259adbc14b87c7	29318	Т	47	89	1280	720	True	131
b9e53fa5a3ab12e72e46419031295de1	29898	Т	37	72	720	960	True	75
5bbe61cced7283c01ae2deaa469585ad	29751	Т	21	67	1920	1080	True	110
6963cf6e216472f0360bef2b3fdae851	22109	Т	39	93	1280	720	True	96
f4356671bbe8c7e3c0a3c9c54e5b713e	21288	Т	0	45	1280	720	True	46
a44213710ef6d2e44c5d15e6931f1f4d	29673	Т	36	96	1920	1080	True	169
c9a4d103d433c797e1343aee13ad7630	29762	Т	35	122	1280	720	True	160
79e794a7674beaf81621d92248d59ba6	21271	Т	52	114	1280	720	True	157
43232d4a6612f4d062148a64863e21de	27399	Т	11	71	1920	1080	True	103
23e3d86d-9a4a-4da2-8ef1-deb0079d9ddf	efc86825b9a40bcdcc9b54ab81aab3fe	Т	17	66	1920	1080	True	69
4ca3302e-ed59-4baf-a4b8-155606079c26	2d5120991a63d659f0eef6123f092100	Т	12	56	1080	1920	True	78
e83fccbf-e86d-4cc9-bd77-3d939dbaac36	0c3d5473fba13210722e53374b736416	Т	20	57	1920	1080	True	102
1d26c9a8-b10b-470e-ae7a-26881f96a129	49b45af05ac6192685bee4e29cdf1e48	Т	18	51	1080	1920	True	97
d0d350c0-3cc9-4923-9142-5483c46f0401	e8a84a6ab0e41fc41afea94dd06f7fd9	Т	32	82	1080	1920	True	145
9b8840f8-fe3b-4f92-a7ae-8a8b66e63ee1	53c3af7712ee8220b2faed1a55a82eca	Т	19	64	1080	1920	True	108
93cb685f-b437-4321-a1af-282c4425c666	194612f32f5297e4699c2c0beb9b336a	Т	27	61	1920	1080	True	108
d93609b8-7eda-4ab8-9919-b410a95b54d1	b6dbf3d8d6ed9fb9283b687910f6e829	Т	19	55	1920	1080	True	101
88fece1a-9aca-42df-b58e-f0aeca4ecbce	e4bd328bca8e6f51bd6f4f019692b666	Т	25	52	1440	1440	True	101
2e5ab8e1-7f71-439d-adac-75b8c1b4781e	33b317c5a26046cafcd795a2fe4e919e	Т	26	50	1080	1920	True	94
d29d6c61-5db2-49bd-b7f3-cd49bff7752a	d6349cdcc76fc803d1a544fe2c18f298	Т	49	98	1920	1080	True	190
09a411ce-a0d4-4172-9c55-5dd8db29e666	570c2405d58fe08bce66f55c42bc36b0	Т	23	63	1080	1920	True	105
1b9648ba-131c-4e09-8763-4cee05d5a4d2	3018b64d2c938f5b6a0826dfdf486f2c	Т	17	76	1920	1080	True	107
ae1fe9f4-dc7e-4f3a-a1be-d8253e37fe82	3cf00ecfe200a3990d42c6464286d6fb	Т	34	65	1920	1080	True	145
6e4a2d57-7f3f-4266-978b-1b25b24d55df	4b8f634baac82dd96142fa1220b79759	Т	19	63	1080	1920	True	103
7341e5c5-cfbb-4c6c-be0b-6ac864172573	c80b4e57f158f28299b2a89694c42329	Т	24	60	1920	1080	True	142
75bc3e4b-e846-4023-9677-895f5a742da6	55ac05bf18204955c640591070dd1118	Т	25	56	1920	1080	True	114
bc65ccc3-0e72-4394-a8e8-fbb356583f08	7c0fb4e90495815f55cb0deb35cbc95e	Т	12	63	1920	1080	True	110
d6a08562-82b4-4072-b7bc-3650483ed467	bd4e2755d88d8d835a07df3c78cdfc3c	Т	20	53	1920	1080	True	88
281a4f42-0ede-43bc-989e-c7063fafaadc	362b7038ed4bd4b527fce434f14d2aaf	Т	23	73	1920	1080	True	112
64291c8a-e9f2-4eac-86fb-5fc7cf40444f	95d5ca4d8706b85bfe8447cc7e83c86a	Т	10	54	1920	822	False	92
9ecc4042-39eb-48e1-8e3a-d4eaa8cada99	e97c55b450c4b2ae48a165e349f0f3eb	Т	30	76	1920	1080	True	126
9bc65154-cc4d-4d37-90b7-4646515df024	0f7aee11724db9ef1f9df422f7443e28	Т	50	102	1920	1080	True	140
45038aa9-de6b-4523-a9f1-1ba80949ad26	b34ac47997680835ece485b13845fefd	Т	10	64	1920	1080	True	94
87500f00-5291-4e52-92b4-f15eb3d88289	bd6e2ad7ab53ceb7b8de9a1842844071	Т	39	77	1920	1080	True	159
77047dd2-8173-4b5d-937f-7500d4352382	7c989fdb633be7453228f7c650097205	Т	26	68	1920	1080	True	95
3c27e489-f1e1-4d6a-947f-89136f415476	6753ca229e01b1c71053cb265fd93013	Т	41	89	1440	1080	True	118
a45514d3-b269-4967-98b3-542d94e14d28	a8a635e6eaa8edb003c5a2b1cef789b5	Т	22	61	1440	1440	True	102
1c2d0558-85e7-4019-94e3-4a22c92d1643	ff169f3bbab458308b88188be3657125	Т	8	56	1920	1080	True	122
19c3cad8-3a9a-4e57-adfe-5f9b4e759a4f	37bed46cc436da755b02db4bda5fd1e2	Т	38	73	1920	1080	True	131
aba351472c25eff47a69216c7289e88d	29674	Т	15	57	1920	1080	True	75
7a14c921dab98d92d2efa66465ba05f7	29804	Т	13	89	1920	1080	True	128
72b9d106b8fb387d39c9ccf7398d284b	21710	Т	16	83	1920	1080	False	116
96ef7d99-ab29-42f8-aafa-31132f9b9fcb	9a0784a99ea13a8b06cb103c2c8c7f0f	У	16	57	1920	1080	True	58
f5d433fa-72df-4784-a001-40eb2c401546	185bd3a81d9d618518d10abebf0d17a8	У	32	97	1920	1080	False	146
5b6ee65b-4072-4960-857b-c1e1d14e95c2	0ab4f8e463cdded2e59d6001f4e1b487	У	19	65	1080	1920	False	79
d15b2eab-486e-41a9-9f99-44ace9c67a6b	46dd04a1caa75ed3082b573cb5a3ad26	У	10	54	1920	1080	False	99
a15d5a97-f903-4aef-9163-5d7253c5436b	a95892dae1d320bd8b08cbca6a127cd8	У	15	55	1080	1920	False	61
c1a2af7f-7b1f-4425-b505-cc2074693703	1860c7f3605089bf0eff0c4e72c7add4	У	40	96	1440	1440	True	135
ede9dd22-942a-4b5f-99b1-e6123523dd69	ca6b767f0cccf093ba737ae2fc4fec3d	У	15	49	1920	1080	True	50
c3aea41d-6eb8-4331-8a46-ede38977c52f	95af8e702c909eee7145c6dc1a3d756b	У	6	51	1280	720	False	69
3dbb1d1e-5260-44ff-9bdd-f88c504a802a	db573f94204e56e0cf3fc2ea000e5bdc	У	2	44	1280	720	False	111
eaeefbc8-434d-440e-8316-abaa4b9c5f64	fc6e5caa3dc328e7558b072e6607e399	У	25	62	1920	1080	False	86
2a9d7247-5065-4097-a384-6e34fa5b9d0a	50334f2a79561498829a34a2c90984b1	У	70	129	1920	1080	False	235
ae95690c-1795-450f-85b8-dfb352136357	0211b488644476dd0fec656ccb9b74fc	У	34	72	1080	1920	False	112
385a05a5-9147-4f06-9748-e5c0ee32eb0c	9f9b13d8e63bd774b4ad1bd14f56147d	У	20	57	720	1280	False	93
01fa7da8-c742-4727-86b9-f180b00d6f4d	2d84da20c251acaeb3186642fcb04f2e	У	28	64	1920	1080	False	106
3ce59d47-5107-480c-90ec-d246713fea67	0041ec866777f12c384b64d8cd636277	У	22	61	1920	1080	False	91
14faf56c-80c7-4df7-859d-51b82564bea6	b07a773bcb10b4f14f33d2b0e8ec58ba	У	48	115	720	1280	False	151
db8edcfe-8387-4872-942c-6d2a3223bb81	f5b82a9c82f6d870ec253e4c3fa96d83	У	12	62	1920	1080	False	110
20370973-ef19-44c0-a038-7b5379a19e5f	0df9d6e419cb18069e696edaa170ba87	У	26	77	1920	864	True	115
78363a54-4d11-4f8d-aa63-ec6c31c2824b	4299b8ccf39ace57287b463fbe4a489b	У	16	54	1920	960	True	79
e0ce2846-6e18-45e4-9bcf-022d7d0f3a55	12c7911f38c7113ce13c71dbd785ce22	У	19	65	1920	1080	True	86
c53c7564-53a1-48d8-9c33-2fd344484448	f2dc6eab563f93d86629c1cfe479f09d	У	16	47	1440	1440	True	78
8a755bbc-5ed9-4ae8-a247-9525e66bf08d	4d26ad833542291c50de9ce88fb4f64a	У	10	67	1920	1080	False	125
a5d5b377-6023-4665-bd92-4a63f3644580	87fe0712fdd150ecc8d02cbbb2e047d6	У	12	95	1280	720	True	96
5fea4f5b-7799-4ae3-9cfe-c6b43aa713ce	68f27043789bb049757486b0ed1cbaab	У	61	100	720	1280	True	104
c22b3b3d-9607-4e96-ae35-c5abad9bfccf	bcf5a67e65444f6c1d3119b5d6c3558b	У	8	46	1920	1080	True	82
9ace877d-0a45-4cbf-acea-f0a235a6f166	c05c242d2524d1de48c68f1667cd7b6b	У	10	55	1920	1080	True	98
50539948-e334-405b-98db-f93f29c6d96c	0ceb69ca37aa3e44528c7ce03c329479	У	28	77	1920	1080	True	126
17b1080c-c02e-470c-8dfd-149c3c897d28	a2d3f7227726ed3846d9bac38734e85b	У	26	75	1280	720	True	125
87d36dce-8a20-4625-aaa0-7e64cbd89970	63db05b188249dbd9ce7cc98fe205e1f	У	41	86	1920	1080	True	157
f1adede9-c291-46af-9aa8-78feae156c9d	32f4bb8542738fa1980831515d2949ea	У	5	53	1920	1080	True	80
bc76c536-7b70-4a3c-9bd4-6cb79f54dbc7	a85134b72f825ac9569e44e9ae53b128	У	27	79	1920	1080	True	117
196b55b4-c9b5-46b3-a451-8889da169a98	8c34c33a92e42220b2e080bdb388d532	У	16	46	1920	1080	True	78
379bdbc8-1d69-4489-b61d-f4beaa14c573	362b7038ed4bd4b527fce434f14d2aaf	У	26	68	1920	1080	True	107
3304b117-e47e-4cd5-a011-6fd1e8ff24d7	27032346b8d1e263473c0451843a8a6a	У	29	89	1080	1920	True	109
9c8157d2-0f8c-47e9-a1ed-76f78f801e76	6520ea9b92b24339fb538be29b315e0b	У	16	40	1920	1080	True	82
f2c625d8-b8d7-4737-8e9f-8e6ab89e0c48	23f5ca29e3183e356572642263a836ac	У	20	62	720	1280	True	88
2cae1637-3bf4-471f-b54f-42a934c93a1e	b6bc47e76a066769495f3a22455713b5	У	15	46	1280	720	True	80
a1ec8c2d-bac4-4919-a949-1171c57c1ae6	c8f885a4da648650dbecffbb38258989	У	22	71	1920	1080	True	124
37e367b2-8f10-441f-8212-b50ed8f9d2b5	e9df86cd8713f2fa9f2077a2197c7136	У	28	127	1920	1080	True	167
87e0ad38-7817-43f0-9a37-282f6590e0ac	a8dc3ffc818b23319cea1757602ad8e8	У	12	56	1280	720	True	97
ff934106-524e-4ec9-b6e9-bd2bd391fb9b	aa12bfdceb971561727e86d34aff35ac	У	21	83	1920	1080	True	116
43ee58b5-cc71-474d-a948-6ef1ac71c5b7	d5a3d6c977e8ce1cd3a4eac0908d4d7d	У	49	93	1920	1080	True	129
26eb5325-7d44-48a4-998d-73df0a7e999a	e97c55b450c4b2ae48a165e349f0f3eb	У	48	97	1920	1080	True	147
b14510c8-1bbc-490d-926c-5d4d405330fa	a8b89f85a363edca5d0cfa080065f2d6	У	8	36	1920	1080	True	68
59dc25a1-fa18-4a9d-a463-5be25586702e	5157e3a35e682f9dfdf638bc6b73a319	У	10	42	1280	720	True	86
dfa5e921-728e-4fca-860d-40f58443de5a	5cfa6de910fe7b0af5f422d0df9f06d5	У	48	108	1920	1080	False	138
3f2dff0b-174b-4d71-9fbb-8f1d9eb012b1	abd669cafd4f2078708e1cb1846e1bd6	У	45	104	1920	1080	True	159
9dd0beb497377e56fe446671177e88b5	29479	У	4	43	1920	1080	True	62
299ec91b6303e5b17755d763edd2c22b	27901	У	31	106	1920	1080	True	148
fed4096b60a9ba0e7cb641cbe12d63d5	28593	У	24	74	1280	720	True	122
9f526a468fbe32c205ea0a5984e1ea39	29229	У	37	117	1920	1080	True	167
a46fb1ae23116deec145a11fec391795	30009	У	40	77	1280	720	True	157
79d50f568b3d17ac84e94e4260e6cf39	27658	У	50	109	1920	1080	False	147
abdf0fcab47b2c54d646eecfe26af376	29970	У	1	42	1920	1080	True	79
848ef541ba0b73a83b3fd42a804fcf4b	24438	У	10	78	1280	720	True	131
f46494cd950fdb5feb2c72a9eac55c54	23309	У	22	73	1280	720	True	74
3db9fd86af377a845dedc5b4dd68f6dd	21759	У	37	121	1920	1080	True	168
0f450055987ebf11451912d99d737ad4	29318	У	45	93	1280	720	True	128
220ee8853cac6e877a8f5e9ebcee457f	29898	У	31	72	720	960	True	88
30a85da44961d6eff0929470fd8beebf	29751	У	16	65	1920	1080	True	98
548fe6f55d93d21e6e99bb40d872c69d	29673	У	38	88	1920	1080	True	154
2f3a51f8d2d99dadbafdfc953fc680f3	27086	У	24	61	1920	1080	True	116
661ba336bea72061880d41805c8e132f	29762	У	27	209	1280	720	True	242
0de4c685239e00ab5b624ec05bf9ccf4	21271	У	56	119	1280	720	True	160
899e62d09c2e2431b7a709624b507de1	27399	У	11	63	1920	1080	True	97
6a6e0b55-5b61-4e3c-87d7-54bc72d1618c	52003757d6b63a3ee7a71f36f5a9a17b	У	1	60	1920	1080	True	98
f102eaff-db2b-4277-9a2a-c35743c4669a	40ad51b49892dca94b905eca8926568a	У	9	73	1920	1080	True	112
d5dfcdd9-6776-4cfe-9a77-f1be0920d8f7	efc86825b9a40bcdcc9b54ab81aab3fe	У	17	59	1920	1080	True	79
8879000e-ab0e-41e1-a7d1-b84504767a68	4aef7889ad6cd118ce4dab1e3b998a01	У	6	34	1920	1080	True	70
037db953-7667-4a0b-89b7-9b23e74597b5	2d5120991a63d659f0eef6123f092100	У	25	68	1920	1080	True	123
64a44d88-f751-49d9-8b98-8d681bf8249a	b4e852a75cacf8642412dfc05e2126a3	У	0	43	1920	1080	True	79
c4a14b1a-2e1f-4b60-96c8-a1b652c49f4f	0c3d5473fba13210722e53374b736416	У	21	58	1920	1080	True	91
8b96dad6-a829-4d2b-a8a7-8328d2c357c9	49b45af05ac6192685bee4e29cdf1e48	У	25	66	1080	1920	True	105
af87bc68-f659-4cca-b903-3ba55c3ee947	53c3af7712ee8220b2faed1a55a82eca	У	14	50	1080	1920	True	85
26a3cb9f-568a-47fd-8e69-8f0d46556560	194612f32f5297e4699c2c0beb9b336a	У	29	57	1920	1080	True	104
6eb149ca-4561-41c7-a5d1-7be47dd038d7	48bc83c415e12683f469d16027829654	У	17	63	1920	1080	True	107
b7c4102f-705f-4ca8-859f-6800db429718	b6dbf3d8d6ed9fb9283b687910f6e829	У	12	63	1920	1080	True	96
0aac2531-655a-4fb8-81f9-9d733ee5b722	e4bd328bca8e6f51bd6f4f019692b666	У	13	69	1440	1440	True	105
d5ad10f0-4fff-4ab0-89ee-9ad77a7e73df	33b317c5a26046cafcd795a2fe4e919e	У	19	46	1080	1920	True	92
3e19e439-2044-4f2e-9e76-5f4ddc59e6a8	76aa633fcb2bec4e6b0852635a8af57c	У	19	71	1920	1080	True	109
eddf4558-dcb7-4d5a-bd60-286b1de44df1	6ca843830e5d2608f5d486f02e37dad9	У	8	50	1920	1080	True	55
4da3cd00-df1e-4833-9228-f3aa4ce6a545	570c2405d58fe08bce66f55c42bc36b0	У	27	68	1080	1920	True	110
83cb1efd-1139-4ebe-b1cd-f4227c0b26d8	04af3ba065bb7423e0685ebe180751c1	У	39	86	1920	1440	True	94
27fb02c1-9199-48e4-a0de-c7a9d2da8b49	3018b64d2c938f5b6a0826dfdf486f2c	У	21	70	1920	1080	True	124
720147a5-6295-4c87-9ec1-6c6bf0385df1	3cf00ecfe200a3990d42c6464286d6fb	У	48	84	1920	1080	True	140
5ca605c0-a391-4f5b-82dc-6265b527db8a	324cdee3d2550397efb761d8fff48139	У	10	63	1920	1080	True	105
21a20b8e-84fe-48d0-9108-a6c86f50c34c	c80b4e57f158f28299b2a89694c42329	У	22	60	1920	1080	True	129
25d6fea2-d986-4296-bfbd-1db63d4881cb	3ef4548431002f9f8fd7f39987be22c1	У	27	66	1920	1080	True	114
c0bb7d8b-0294-4662-b0c3-7d52191f75b6	f15c4e5b9dfe541cf7e6c05733b579e2	У	17	56	1920	1080	True	102
cae4c427-cbf4-4f20-b9c0-ccdb91b80ac5	55ac05bf18204955c640591070dd1118	У	18	66	1920	1150	True	106
4d0ce828-b309-4335-b10e-b5ac260b412b	f3cf3f9bb709ce2bee3da304a4ccb427	У	35	70	1920	1080	True	147
3e5e2da1-d223-4988-8966-7cc41be3287d	bd4e2755d88d8d835a07df3c78cdfc3c	У	7	46	1920	1080	True	78
d3da3c57-64ea-4b61-8cd5-c4a56b02339b	95d5ca4d8706b85bfe8447cc7e83c86a	У	4	38	1920	822	False	83
5a3f66ea-25d2-4a3f-8bf6-5801bac89c4c	86ec735f573ae6c36a9dbf9e5bfd4eaf	У	56	92	1920	1080	True	185
91bec574-9420-4cd9-8d81-bc8b4e8b9a77	1cdaed3814fe5a4bfa9baa5d3f94ecc4	У	44	75	1080	1920	False	113
70fe6c50-2492-4776-bec2-3f185a0ae96b	0f7aee11724db9ef1f9df422f7443e28	У	40	86	1920	1080	True	129
cbc29d66-73dd-4030-b876-cec991afb5d4	b34ac47997680835ece485b13845fefd	У	13	70	1920	1080	True	103
84683772-7d1c-4205-aaec-85de254d01d6	bd6e2ad7ab53ceb7b8de9a1842844071	У	36	71	1920	1080	True	134
c461c797-35ae-4f35-a036-ed42e6b9861f	b56726d7b447d88e526f7da2e9e0e520	У	11	52	1920	1080	True	75
977b0b19-c96c-4381-8fc9-851f50b3616f	83624345fa124849e833a8664f21f3ea	У	32	76	1920	1080	True	104
e3750de1-2612-4cfe-9d94-e2a5eda8cd25	7c989fdb633be7453228f7c650097205	У	20	68	1920	1080	True	91
7b34c651-10e1-4faa-8a5e-024b03d9b1c4	6753ca229e01b1c71053cb265fd93013	У	24	77	1440	1080	True	112
14a79d98-b65c-4847-83e4-d29512c07a4b	7faa41c4cf0a2602a23390de23574993	У	46	98	1080	1920	True	188
6dc95795-35d8-4dd0-96d6-6616c121d6eb	a8a635e6eaa8edb003c5a2b1cef789b5	У	19	52	1440	1440	True	93
ab0b6c20-5f21-4f01-9298-424285e30e9c	d01fdbbbd69ec8c4914397ba4abb899c	У	28	65	1920	1080	True	111
ace4326f-1ded-4104-a477-f16532a88da4	cba981340353ec309f352b09a3ada196	У	23	70	1920	1080	True	172
240b8a1f-5158-443b-b293-a74a07fbdb87	adfe9c8ea85db4e65f36572669cbfed5	У	13	58	1920	1080	True	118
86c82eaa-efef-406c-9c42-1cf545b6ef03	08b8fc47e7a869751c13f64a922e6c15	У	3	46	1920	822	True	72
1a4e9088-a89a-4403-8b18-22345d8efb82	28d653d3548e4508aaa6acbb5dfbeb64	У	79	117	1920	1080	True	172
7fa3468d-107d-407d-9c24-c33dfacb11d4	ab460ff83e8c5b13a705a9e2081023c2	У	33	86	1920	1080	True	134
d3ed7570b03ef502ba58db3b6eea9b9f	21710	У	18	74	1920	1080	False	112
7c51c4b6763eef8e4360e2a164a0464c	29585	У	4	47	1920	1080	True	74
d42c3759-d4dc-420a-ae17-390442b86bd9	9a0784a99ea13a8b06cb103c2c8c7f0f	Ф	17	68	1920	1080	True	69
f2584ae6-660a-444d-8178-e32378d1b592	185bd3a81d9d618518d10abebf0d17a8	Ф	31	90	1920	1080	False	129
2acb8e77-4aba-4202-a99a-0d88f4df45d0	46dd04a1caa75ed3082b573cb5a3ad26	Ф	13	59	1920	1080	False	89
610fda92-d926-47ef-a616-4d4d7fb10231	fc6e5caa3dc328e7558b072e6607e399	Ф	22	69	1920	1080	False	116
f07d46ad-707e-4942-b088-ecfb2d6b6e26	1860c7f3605089bf0eff0c4e72c7add4	Ф	26	91	1440	1440	True	130
842b917a-5c71-4ec0-b1ca-6149493f08b1	ca6b767f0cccf093ba737ae2fc4fec3d	Ф	16	70	1920	1080	True	71
3d282d36-bc83-46f4-b17d-6ecab70a7bcb	95af8e702c909eee7145c6dc1a3d756b	Ф	6	53	1280	720	False	64
dcf91819-330f-4419-9ef8-658308a15c46	db573f94204e56e0cf3fc2ea000e5bdc	Ф	0	43	1280	720	False	84
967a86a0-05b4-4c5c-9db0-b28d1c7dba82	a95892dae1d320bd8b08cbca6a127cd8	Ф	13	45	1080	1920	False	53
b1dc51c9-6afc-4753-8f12-d4bc94e01d69	0211b488644476dd0fec656ccb9b74fc	Ф	7	71	1920	1080	False	107
cc6df572-b6ba-4d32-82b8-659fb88b399b	50334f2a79561498829a34a2c90984b1	Ф	43	164	1920	1080	False	243
b0c8ca9d-d107-4a95-ab67-c8e4231b144d	d2b4042ec6d8505a41b809e64d5adb7c	Ф	6	65	1920	1080	True	82
e682ac11-193b-4cc4-a253-ec341744dfc0	0ab4f8e463cdded2e59d6001f4e1b487	Ф	7	66	1080	1920	False	85
473f86f1-19c4-4fd4-b709-3d060edb661c	9f9b13d8e63bd774b4ad1bd14f56147d	Ф	7	50	720	1280	False	75
9b2f6195-7362-4d17-be74-79d855f38ee5	2d84da20c251acaeb3186642fcb04f2e	Ф	26	66	1920	1080	False	108
63f0688e-566b-4fe4-a8a3-12b887530cbe	ba230d5b794c9a7350356eddd3e9929c	Ф	2	47	1920	960	True	48
43087537-a643-4438-a4bf-5861aeeebea5	f5b82a9c82f6d870ec253e4c3fa96d83	Ф	15	73	1920	1080	False	113
d623c0d6-b96e-4f8e-8ac9-a3f73f160b1b	0041ec866777f12c384b64d8cd636277	Ф	8	58	1920	1080	False	88
9e2c5f70-eb61-4c53-bd8a-e8a6b10a6eaa	b07a773bcb10b4f14f33d2b0e8ec58ba	Ф	43	100	720	1280	False	127
6cb92a44-09fd-4261-bea6-eef61984e2ae	0df9d6e419cb18069e696edaa170ba87	Ф	17	59	1920	864	True	138
ad3eac3f-253c-4327-9b2d-dcf4d9e4b48c	4299b8ccf39ace57287b463fbe4a489b	Ф	23	63	1920	960	True	89
a3ca912b-fa5d-422c-9276-fbde7a33c2ae	12c7911f38c7113ce13c71dbd785ce22	Ф	12	63	1920	1080	True	92
689c2a3e-bde4-4b4d-9844-0b657a42b074	f2dc6eab563f93d86629c1cfe479f09d	Ф	28	65	1440	1440	True	91
22182b75-07e7-4fae-a453-563ed0b2a437	4d26ad833542291c50de9ce88fb4f64a	Ф	15	68	1920	1080	False	134
b9a67747-bb91-4cc3-90e1-36cda36c2b59	87fe0712fdd150ecc8d02cbbb2e047d6	Ф	14	93	1280	720	True	96
7da98db9-a753-4dbd-8d2d-d504ac4aec95	68f27043789bb049757486b0ed1cbaab	Ф	57	115	720	1280	True	118
03356ce4-48b6-44d9-95b2-6bfb6f46d135	b4e852a75cacf8642412dfc05e2126a3	Ф	8	60	1920	1080	True	86
76ab8052-15b7-4e1a-85bd-965089e21994	feea6c22175f962ab28452f7314d1bc0	Ф	21	65	720	1280	True	94
6b04fa6c-5d1d-44bd-9a17-01a29ecbc619	324cdee3d2550397efb761d8fff48139	Ф	20	81	1920	1080	True	117
816ceaad-ebf3-4b1f-8dbf-164fb12085e8	52003757d6b63a3ee7a71f36f5a9a17b	Ф	3	64	1920	1080	True	97
7b6d6ea5-dbd9-4e33-8c5f-d808503f5191	4aef7889ad6cd118ce4dab1e3b998a01	Ф	4	42	1920	1080	True	73
a2a4c24f-a131-465e-b63d-8e03193a77ce	76aa633fcb2bec4e6b0852635a8af57c	Ф	8	70	1920	1080	True	110
e80d0bd1-ecad-4884-93b5-a5ec84901aac	fb1007e5ffe149cc08bccaf8eda2ce31	Ф	29	77	1280	720	True	153
e69dfcb0-2103-4054-bdf4-f0b608d8e185	aa12bfdceb971561727e86d34aff35ac	Ф	16	63	1920	1080	True	100
9618194d-79a9-4715-9bda-ece87b57324b	ab460ff83e8c5b13a705a9e2081023c2	Ф	4	56	1920	880	True	104
9464ef86-c8eb-453f-8868-b736a93197f6	3ef4548431002f9f8fd7f39987be22c1	Ф	17	65	1920	1080	True	94
4898fce6-3249-43e6-8ab5-d4f31d4bf33f	40ad51b49892dca94b905eca8926568a	Ф	5	70	1920	1080	True	118
41a59215-7f00-4734-851c-ab90fcfce0b2	3cf00ecfe200a3990d42c6464286d6fb	Ф	31	71	1920	1080	True	131
f3f76cf6-c7cb-42f6-8154-c2b87ff01e9e	33b317c5a26046cafcd795a2fe4e919e	Ф	26	61	1080	1920	True	106
18a5f132-40d2-4b3b-a413-3f4dc2457d2d	81c0cdc37caa67e7ddf8e06c0a4443c8	Ф	19	117	1920	880	True	161
f1a58049-c38f-40f8-9ef9-c4b26629dd31	83624345fa124849e833a8664f21f3ea	Ф	0	67	1920	1080	True	76
af1c6c38-1180-4c65-8c10-ff5ca0f703e9	a8dc3ffc818b23319cea1757602ad8e8	Ф	15	50	1280	720	True	95
930ffb99-4cf1-44a1-a559-b5f381cf996f	32f4bb8542738fa1980831515d2949ea	Ф	6	47	1920	1080	True	78
fd14ab72-be1b-48dc-b91d-5abd89c92352	a85134b72f825ac9569e44e9ae53b128	Ф	19	83	1080	1920	True	125
755f32fa-d114-42f8-b12d-1e7e590e6049	8c34c33a92e42220b2e080bdb388d532	Ф	11	51	1920	1080	True	78
2359ae1b-4d2a-482d-9aca-2870e89d809d	27032346b8d1e263473c0451843a8a6a	Ф	16	74	1080	1920	True	92
9d4ebc57-bcfd-436b-b8bd-69a742db04db	362b7038ed4bd4b527fce434f14d2aaf	Ф	18	56	1920	1080	True	89
6606ceba-5dfe-4035-b660-adb769a7636f	6520ea9b92b24339fb538be29b315e0b	Ф	22	50	1920	1080	True	79
f0ec03f7-0c9a-4e25-9e25-505e01f5219d	1cdaed3814fe5a4bfa9baa5d3f94ecc4	Ф	49	73	1080	1920	False	109
99ca2163-0f48-446d-b56c-85e2706b3015	b6bc47e76a066769495f3a22455713b5	Ф	14	62	1280	720	True	89
0bbf59e2-3749-48b9-a448-5183896bcb43	23f5ca29e3183e356572642263a836ac	Ф	2	71	720	1280	True	118
47368b90-c145-414d-aace-4e7a3846d0f4	c8f885a4da648650dbecffbb38258989	Ф	28	77	1920	1080	True	131
e8768ab1-85a9-424f-b475-4894e5027cdf	2916c8f459bac1870fe3897d0340b148	Ф	19	75	720	1280	True	105
0fdf61a6-af34-4d3f-94de-e74be27d7c07	138356c62cb9cd6168ec85fd31dbb1de	Ф	21	76	1920	1080	True	108
b3d74c62-001b-4fc5-b98d-441930dda67a	d5a3d6c977e8ce1cd3a4eac0908d4d7d	Ф	10	57	1920	1080	True	95
e89d37ef-d960-4741-b2fb-e8bd728a82ce	2fa7bff4283637452ca0e2575a1815be	Ф	9	71	1920	1080	True	95
26a5e3c9-6ea9-402a-89c4-f5675f38a684	e9df86cd8713f2fa9f2077a2197c7136	Ф	42	112	1920	1080	True	180
c841f6aa-e566-4918-a375-c551af38a81f	f3cf3f9bb709ce2bee3da304a4ccb427	Ф	37	75	1920	1080	True	158
c1ec3c21-06ae-4e8f-a441-196875dfffda	28f7e6734615f41bc0366dee5c563f09	Ф	32	77	720	1280	True	117
729f1430-c73f-4900-9d39-15995110daca	911876c4ffc0dd4cf21f61ea1acf5a0b	Ф	38	78	1920	880	True	118
8f80a150-e602-4ee3-9ddb-71283ca81d8f	0f7aee11724db9ef1f9df422f7443e28	Ф	36	73	1920	1080	True	119
e9b49bf5-c56a-4157-ad23-5dec04bb2cd4	5cfa6de910fe7b0af5f422d0df9f06d5	Ф	11	49	1920	1080	False	86
e8c32c9849eafc3ab377e7bca2d31ea6	27901	Ф	32	89	1920	1080	True	144
9822f546328e1bbc5360eed8d1cf91cd	29585	Ф	9	53	1920	1080	True	81
8cd782658a9fd3d02291f4f26f1566a4	28593	Ф	31	85	1280	720	True	124
524248c04b30f2b01d82cbba30c337c4	30009	Ф	46	127	1280	720	True	180
c1687c0d2884546c7971d09ffd47c45f	29970	Ф	7	46	1920	1080	True	79
71f3c80e78f2bd60f18258678c56bc9c	27658	Ф	42	105	1920	1080	False	137
2d7cdfb596e1ccfd6a3bf98ac4881139	24438	Ф	31	90	1280	720	True	166
99ab6a85304a06a7434d575ceaf04c88	29674	Ф	13	43	1080	1920	True	53
ffa5b0288812eff8b680ba3f7cf2e34e	23309	Ф	21	82	1280	720	True	83
a3c3857f4294d145f4c00f9c094710b9	29673	Ф	13	95	1920	1080	True	155
7e56caaec1357759905d48f0adfd0df7	21759	Ф	25	91	1920	1080	True	208
16f34c9189d7d5a26d648ea41bb18607	29318	Ф	50	95	1280	720	True	135
00b6a969f5d91a0c179252c471edfdbc	29898	Ф	25	115	720	960	True	139
4614fe1ed30e89f76a7395ebf40680cb	29751	Ф	4	41	1920	1080	True	84
4ea204163caed2632a1906716ffd6705	22109	Ф	21	85	1280	720	True	95
7e3a054a7b4978f68bc94c5f7305294c	13790	Ф	31	97	720	1280	True	98
469409ead6c5c8b2c77e76890f484161	21288	Ф	21	78	1280	720	True	79
64dd56e87cff293d610b6eb5b75a56f9	29229	Ф	30	91	1920	1080	True	171
554c76f2ad3aa97d582a10c632445bce	27086	Ф	18	54	1920	1080	True	106
d1fa851fcd1f34229d817eb3863ac1ce	21271	Ф	51	109	1280	720	True	155
7af2a8024d5fe2bf98f775f6735d08ea	27399	Ф	13	85	1920	1080	True	118
cff3f15d-598a-49dc-9fc5-e4f2302f4fbc	efc86825b9a40bcdcc9b54ab81aab3fe	Ф	9	66	1920	1080	True	86
31ac7371-0d12-447d-835e-2845033b0b0b	2d5120991a63d659f0eef6123f092100	Ф	13	54	1080	1920	True	90
ded85344-afe6-45e6-a2e0-34e677fe890d	0c3d5473fba13210722e53374b736416	Ф	24	68	1920	1080	True	101
ae2a3ee9-c33a-4b33-889c-3cea3429fc84	49b45af05ac6192685bee4e29cdf1e48	Ф	22	59	1080	1920	True	111
71392b26-beed-4102-a2f0-7374434821fc	53c3af7712ee8220b2faed1a55a82eca	Ф	12	49	1080	1920	True	93
06291db9-9bc8-4d47-b441-4f8b0c5df63a	194612f32f5297e4699c2c0beb9b336a	Ф	28	76	1920	1080	True	110
871f1667-a7fe-4965-9fb2-eabbd2a4a93b	48bc83c415e12683f469d16027829654	Ф	24	65	1920	1080	True	128
18c9ba42-cef3-40cc-bdd1-0eb25eaccbe7	b6dbf3d8d6ed9fb9283b687910f6e829	Ф	16	53	1920	1080	True	90
22471023-0f36-461f-86e8-42607bc650d3	e4bd328bca8e6f51bd6f4f019692b666	Ф	32	63	1440	1440	True	110
baad1426-0b20-4619-a102-194ab0ea0784	d6349cdcc76fc803d1a544fe2c18f298	Ф	35	91	1920	1080	True	173
b6c1f6d8-63a7-422c-84bd-7159f7ce0272	04af3ba065bb7423e0685ebe180751c1	Ф	26	65	1920	1440	True	73
c41cc0c2-9968-4018-9b07-b881951c3af9	c80b4e57f158f28299b2a89694c42329	Ф	34	80	1920	1080	True	123
5c52a842-bbea-411a-8663-06fd3db751ec	f15c4e5b9dfe541cf7e6c05733b579e2	Ф	14	78	1920	1080	True	87
5f77f066-59f5-43c3-83a7-17747309437d	55ac05bf18204955c640591070dd1118	Ф	26	59	1920	1130	True	109
984072c7-3f2c-4ba8-afac-3e4c67d3d491	7c0fb4e90495815f55cb0deb35cbc95e	Ф	10	46	1920	1080	True	86
b2d4fb7a-f9a7-4efd-b602-e328e6faa299	95d5ca4d8706b85bfe8447cc7e83c86a	Ф	5	50	1920	822	False	94
f21630c5-66c2-4847-b70c-0af0cf876448	86ec735f573ae6c36a9dbf9e5bfd4eaf	Ф	59	125	1920	1080	True	188
4baabfcd-639e-4ade-bf86-70faf56c79b8	e97c55b450c4b2ae48a165e349f0f3eb	Ф	25	87	1920	1080	True	175
85a79382-214d-4800-adb5-f384643cb35f	c2f39049d2c1d9527683ed47b4fb6ad7	Ф	8	38	1920	1080	True	52
27ec8850-7a1c-4f0a-a8c3-bd50dd8f1c8a	b34ac47997680835ece485b13845fefd	Ф	15	52	1920	1080	True	106
728f81ec-8a41-4fd1-ba7d-388adf9d35d7	ff169f3bbab458308b88188be3657125	Ф	9	33	1080	1920	True	102
e8100e95-e8ea-477c-b3c1-224fcd1ca24e	bd6e2ad7ab53ceb7b8de9a1842844071	Ф	35	74	1920	1080	True	129
f848ce64-810c-44c2-bd58-7c6081942308	7c989fdb633be7453228f7c650097205	Ф	32	77	1920	1080	True	104
da6034f1-0935-47ad-8a47-3151fded7f61	6753ca229e01b1c71053cb265fd93013	Ф	26	90	1440	1080	True	122
e72edeb0-9acf-4f4e-8050-fd2589ba2767	7faa41c4cf0a2602a23390de23574993	Ф	36	90	1080	1920	True	166
f1b65d92-4f6a-40e0-a158-e7861046eb7b	a8a635e6eaa8edb003c5a2b1cef789b5	Ф	23	57	1440	1440	True	98
5200a286-6699-41ed-993c-b04905609076	d01fdbbbd69ec8c4914397ba4abb899c	Ф	28	83	1920	1080	True	168
42fc8fda-af98-4015-9c0c-aa45765d6a43	adfe9c8ea85db4e65f36572669cbfed5	Ф	7	69	1920	1080	True	120
27c8ab56-a92c-40ab-93bc-de6c6dafe5e6	08b8fc47e7a869751c13f64a922e6c15	Ф	3	48	1920	822	True	72
b2bba8f4-d386-46a8-966b-320e728db106	0089d92a5ca862773a296198e7eb7856	Ф	28	60	1920	1080	True	95
34692964-b3cb-4b38-8aa0-882869d4153f	28d653d3548e4508aaa6acbb5dfbeb64	Ф	64	101	1920	1080	True	158
b52eea3bb5645941e9f8a08d76c3e089	21710	Ф	15	76	1920	1080	False	113
4779fdc6-2d87-4617-8071-e883baee7aed	ca6b767f0cccf093ba737ae2fc4fec3d	Х	26	90	1920	1080	True	109
f67c1ae9-a289-412d-aceb-0390a2592b8d	9a0784a99ea13a8b06cb103c2c8c7f0f	Х	33	96	1920	1080	True	98
23e658a3-80ba-4366-9031-2ddbcd554300	185bd3a81d9d618518d10abebf0d17a8	Х	30	105	1920	1080	False	148
baa978fb-cb1f-40e6-abaf-9f4916cc16e1	0ab4f8e463cdded2e59d6001f4e1b487	Х	10	63	1080	1920	False	94
bc669be7-d25e-4235-88bc-899be22b8ec5	46dd04a1caa75ed3082b573cb5a3ad26	Х	9	55	1920	1080	False	86
a5d0da0e-46bf-4578-b086-b8173387fe01	1860c7f3605089bf0eff0c4e72c7add4	Х	33	102	1440	1440	True	120
59cbf994-7b34-4c53-a4a4-b4b1a3169a0e	95af8e702c909eee7145c6dc1a3d756b	Х	2	50	1280	720	False	76
71eb172e-999b-4ba2-8548-15918322b9f7	db573f94204e56e0cf3fc2ea000e5bdc	Х	2	46	1280	720	False	116
9a31639a-6bd8-4131-a292-afc08b1984a8	fc6e5caa3dc328e7558b072e6607e399	Х	29	72	1920	1080	False	87
3ae2a7b8-d36b-489d-a05c-7fee1b93c37a	a95892dae1d320bd8b08cbca6a127cd8	Х	9	54	1266	1920	False	61
453229b4-c008-40b3-b506-cdecc44514c3	50334f2a79561498829a34a2c90984b1	Х	117	197	1920	1080	False	304
a8b7c2d5-8998-4413-af71-959cda43a830	0211b488644476dd0fec656ccb9b74fc	Х	21	63	1080	1920	False	97
adfc856b-d134-4511-b070-a603282adb1b	9f9b13d8e63bd774b4ad1bd14f56147d	Х	15	60	720	1280	False	84
4cb1f6e0-bcb5-4ed7-996b-34043c7e6edd	2d84da20c251acaeb3186642fcb04f2e	Х	18	59	1920	1080	False	91
8931d909-a363-489b-84b7-af5474e75d85	13c4baf863bfb1aa4ac638650e508d3b	Х	16	53	1080	1920	True	72
e788f123-355b-4589-ad48-a57bd02aef6c	ba230d5b794c9a7350356eddd3e9929c	Х	11	72	1920	960	True	77
5cdc3e22-dd98-4a33-87a7-21e7a09bd2c9	53c3af7712ee8220b2faed1a55a82eca	Х	22	97	1920	1080	True	120
1bd06314-0555-4e42-b9ae-d34c84b1b9fe	0041ec866777f12c384b64d8cd636277	Х	9	56	1920	1080	False	89
8c5bb429-3774-4d47-8f50-65989f4a68aa	f5b82a9c82f6d870ec253e4c3fa96d83	Х	6	50	1920	1080	False	92
f936868d-691a-4b0d-a90f-5a3ab801a255	b07a773bcb10b4f14f33d2b0e8ec58ba	Х	67	108	720	1280	False	170
084411d6-5a5e-4b2e-869b-cdb388354b58	4299b8ccf39ace57287b463fbe4a489b	Х	29	58	1920	960	True	93
83fdd500-609b-4b59-832a-fa813e43637e	0df9d6e419cb18069e696edaa170ba87	Х	31	91	1920	864	True	168
54b3e297-4d66-4b65-ae10-7ad90cb7aff2	12c7911f38c7113ce13c71dbd785ce22	Х	10	47	1920	1080	True	84
13ad7e7d-e621-4336-b534-d7a323b13863	f2dc6eab563f93d86629c1cfe479f09d	Х	18	52	1440	1440	True	79
6daed1cf-58de-46b5-8910-da22a093862d	4d26ad833542291c50de9ce88fb4f64a	Х	6	61	1920	1080	False	112
74f03104-d519-4018-b37f-c32e0d347063	3dd2ce2659aada17b976390004ebe322	Х	0	35	1920	886	True	65
db942333-8457-46e2-bacc-18f459703cba	87fe0712fdd150ecc8d02cbbb2e047d6	Х	8	47	1280	720	True	86
740f76ad-2e4e-406e-9c11-9dfc5f5a295c	b4e852a75cacf8642412dfc05e2126a3	Х	14	69	1920	1080	True	106
01c2f5a8-a743-4ff1-a88e-1b5a78c4f2d7	76aa633fcb2bec4e6b0852635a8af57c	Х	11	58	1920	1080	True	105
5fb05546-b564-4621-b26d-043da8e8df31	ab460ff83e8c5b13a705a9e2081023c2	Х	9	69	1920	880	True	128
58941926-6f8d-4f73-b3ca-b3bd64763350	324cdee3d2550397efb761d8fff48139	Х	17	55	1920	1080	True	109
e4c614ac-757a-4094-bc71-4b521760dd18	08b8fc47e7a869751c13f64a922e6c15	Х	19	66	1920	1080	True	194
c6f22aeb-83f1-447c-8e9d-3875bde4a2b6	194612f32f5297e4699c2c0beb9b336a	Х	29	85	1920	1080	True	129
d5a388e8-4b46-4dbd-b41d-91e0c1b4a2d3	81c0cdc37caa67e7ddf8e06c0a4443c8	Х	58	128	1920	880	True	174
a1917fba-829e-4867-807f-f6c6d06f05ff	3cf00ecfe200a3990d42c6464286d6fb	Х	28	85	1920	1080	True	143
df82d0aa-73b1-43c5-a77c-269fdf34e602	52003757d6b63a3ee7a71f36f5a9a17b	Х	13	57	1920	1080	True	112
93573c47-1c2e-4676-b948-956e19f915b7	a8dc3ffc818b23319cea1757602ad8e8	Х	7	40	1280	720	True	79
376d2e5d-7a37-489e-94ae-881833c10860	feea6c22175f962ab28452f7314d1bc0	Х	34	79	720	1280	True	102
b4ebffe4-bad9-4eae-975e-a6219bdeec79	0c3d5473fba13210722e53374b736416	Х	3	45	1280	720	True	79
eae58f2f-2537-4484-b16a-c65fd024bb20	0ceb69ca37aa3e44528c7ce03c329479	Х	46	85	1920	1080	True	160
daa8c38d-7df1-416f-98cb-051cf6f6cde9	efc86825b9a40bcdcc9b54ab81aab3fe	Х	11	48	1920	1080	True	61
60aa98d0-cbfb-410e-8cef-29d2ea5d4c83	48bc83c415e12683f469d16027829654	Х	26	80	1920	1080	True	110
df0cb8af-52a9-438c-b282-ad7394f7dc29	33b317c5a26046cafcd795a2fe4e919e	Х	23	47	1080	1920	True	95
66465dd0-16b7-49a1-8856-e15f59a186de	aa12bfdceb971561727e86d34aff35ac	Х	37	79	1920	1080	True	147
9e5305a7-78a4-4f94-a482-d82d35e1cadb	32f4bb8542738fa1980831515d2949ea	Х	6	46	1920	1080	True	73
225e0deb-570e-478e-8649-f808c51e555a	a85134b72f825ac9569e44e9ae53b128	Х	22	78	1920	1080	True	113
be5ea296-ea0b-4215-8844-b17715f1fc8c	8c34c33a92e42220b2e080bdb388d532	Х	18	49	1920	1080	True	70
e6a73d87-0567-4dd6-9356-66fdbf57f605	362b7038ed4bd4b527fce434f14d2aaf	Х	11	68	1920	1080	True	95
bcc32710-5c49-4a75-b1c0-b050ad371510	27032346b8d1e263473c0451843a8a6a	Х	14	38	1080	1920	True	95
5eabd87e-6f7f-4600-a6ea-b3a746911c5f	6520ea9b92b24339fb538be29b315e0b	Х	28	58	1920	1080	True	97
7b3467e7-ced3-4033-b3dc-b0c1e63a1f6e	23f5ca29e3183e356572642263a836ac	Х	0	76	720	1280	True	112
55f3cbf7-d146-419c-9bba-14bb9be806a5	1cdaed3814fe5a4bfa9baa5d3f94ecc4	Х	30	71	1080	1920	False	93
a234e365-4e7b-4ec6-8819-d6f85276e0d0	b6bc47e76a066769495f3a22455713b5	Х	22	46	1280	720	True	77
87dfd913-293b-4a95-aad9-7b4a36d494a4	c8f885a4da648650dbecffbb38258989	Х	21	55	1920	1080	True	108
210b5fb4-6c69-4c4d-b4cd-b631f5649541	911876c4ffc0dd4cf21f61ea1acf5a0b	Х	50	81	1920	880	True	129
5a8c8d8d-0d4e-4cc0-bc17-ddf92867a6de	2916c8f459bac1870fe3897d0340b148	Х	21	58	720	1280	True	102
32d298eb-6a4e-422c-91e4-b5acb244669c	138356c62cb9cd6168ec85fd31dbb1de	Х	43	84	1920	1080	True	135
5dea7d23-1a68-4c52-90dd-8b4de6b68381	5cfa6de910fe7b0af5f422d0df9f06d5	Х	10	54	1920	1080	False	79
b4dfae52-bfe8-4bb0-95a2-9c337a0745ca	28f7e6734615f41bc0366dee5c563f09	Х	24	63	720	1280	True	111
1e0cb1b6-545b-46ca-b9d5-5e4e959d9484	d5a3d6c977e8ce1cd3a4eac0908d4d7d	Х	6	60	1920	1080	True	91
2e03c0a7-008c-4fb9-9e23-c9d242560b75	a8b89f85a363edca5d0cfa080065f2d6	Х	2	44	1920	1080	True	45
d11ee093-8de8-4d75-9499-7aa97825f2ac	635ab4108b0d6b87bef3f30a318d8df9	Х	32	103	1920	1080	True	161
24507150-e3f5-4f25-a54e-9f3e1143527e	0f7aee11724db9ef1f9df422f7443e28	Х	40	95	1920	1080	True	132
ecfc2f91-9fc0-41dd-8f1d-91edc46dc06b	818443c6d5ec52cadcc568181daa74f9	Х	37	88	720	1280	True	143
3815156bb70105b103cb2f3e63824d56	27901	Х	40	123	1920	1080	True	164
c93959cb743d812f31ed814667ee45ca	29585	Х	1	38	1920	1080	True	70
ea963d4a43917c8c674b4d1acb046741	28593	Х	22	67	1280	720	True	119
282464ef4e1af08f62c2508766ed79bf	29229	Х	47	115	1920	1080	True	159
b3bbd744d20662680502c613fe112f3a	30009	Х	67	123	1280	720	True	180
9579ce4b020c16f228f47e99248f53da	27658	Х	59	116	1920	1080	False	172
bf99c2b18557013270aceba4ddc74ddc	29970	Х	0	39	1920	1080	True	78
d898c8f65fff950d6ca34045532a6ce6	24438	Х	14	68	1280	720	True	116
8e06709b70d18e38ad35cda3a5a3cde2	23309	Х	42	85	1280	720	True	86
ea7b23207fc54aed785c8cff03bf4537	21759	Х	20	68	1920	1080	True	120
6e359e3bcea23b7ff21965e527d85368	29318	Х	36	90	1280	720	True	116
704ba04b100836ab729c2f574f4dc400	29673	Х	40	109	1920	1080	True	187
68158b8c9c7b560334a22b4f62e34811	29283	Х	68	145	1280	720	True	191
8156a44f962a79fe8eea4d1c613462aa	29898	Х	22	56	720	960	True	65
7c6077d1ddbb315c3cde634b3eaf420e	29751	Х	16	74	1920	1080	True	111
eda421aeae20b585aad239c14431f1a2	22109	Х	33	87	1280	720	True	95
3dba7165be111ec5aab702a0d50f5832	13790	Х	33	83	720	1280	True	107
67b725ddb97e37b6444a88e505a5809d	21288	Х	17	78	1280	720	True	80
a32623dc58cd315f272b7d354ca065e8	27086	Х	22	70	1920	1080	True	120
e0178160dc41098ecd3b92d728035025	29762	Х	24	140	1280	720	True	177
7bcb8d18e3809004ae4febcec1428ee0	21271	Х	65	116	1280	720	True	157
bfa826affe787060985ebe02b3da9d5b	27399	Х	1	53	1920	1080	True	82
a7fb55bb-ce31-4b85-9cee-db88b1429762	c3bc70b01dcc8b515891a4d097719b0f	Х	111	146	1920	1080	True	220
9f88a910-9942-48d2-8f38-e17a62b913bb	66fa4ac3cee2c7216ab45480a7486c76	Х	11	58	1920	1080	True	102
ec442726-93dc-4233-94eb-b50a6d841432	40ad51b49892dca94b905eca8926568a	Х	1	70	1920	1080	True	111
cb2c5f82-b03e-4e4f-bfb4-07962cc8212e	4aef7889ad6cd118ce4dab1e3b998a01	Х	3	31	1920	1080	True	76
32818cf6-1d25-4860-8fc0-fe1b79f13df6	2d5120991a63d659f0eef6123f092100	Х	16	62	1080	1920	True	113
1002f7fd-bf26-40e6-a1a3-2457288ce753	49b45af05ac6192685bee4e29cdf1e48	Х	11	54	1080	1920	True	93
f065eef9-f927-407d-b2ec-b23cd306cd05	b6dbf3d8d6ed9fb9283b687910f6e829	Х	16	52	1920	1080	True	89
7db48205-50c6-4c61-9772-c98ec5fecace	e4bd328bca8e6f51bd6f4f019692b666	Х	29	56	1440	1440	True	93
6e39a26d-68c1-4bc3-bd26-9dcf4e55e766	6ca843830e5d2608f5d486f02e37dad9	Х	16	61	1920	1080	True	71
7c820aa2-ed6a-4b0b-9c9d-1a0663bfa422	d6349cdcc76fc803d1a544fe2c18f298	Х	39	91	1920	1080	True	175
f4f84965-7d61-4139-90f1-c2b0a239b0d7	570c2405d58fe08bce66f55c42bc36b0	Х	22	64	1080	1920	True	118
3a26b7f9-da0a-479a-b411-9cf7b84e7295	3018b64d2c938f5b6a0826dfdf486f2c	Х	23	62	1920	1080	True	109
ed5c6345-5f39-4937-9999-85338cdc586b	4b8f634baac82dd96142fa1220b79759	Х	27	73	1080	1920	True	117
e5a5b1c1-254d-4f09-8542-72a14a0cadec	04af3ba065bb7423e0685ebe180751c1	Х	23	65	1920	1440	True	73
4c0b7493-9d55-46d0-8bb0-53dbab7d2503	c80b4e57f158f28299b2a89694c42329	Х	29	74	1920	1080	True	149
4f47d049-3b1e-4041-8330-78f0ab421476	e9df86cd8713f2fa9f2077a2197c7136	Х	26	74	1920	1080	True	157
43eba0b2-2be2-4deb-b5bd-4d02902da6f1	3ef4548431002f9f8fd7f39987be22c1	Х	25	61	1920	1080	True	102
895396ff-f646-458d-a887-a0c68a0e525a	f15c4e5b9dfe541cf7e6c05733b579e2	Х	9	55	1920	1080	True	72
a71201c8-a756-4b46-9465-b79ae5b1ddf4	f3cf3f9bb709ce2bee3da304a4ccb427	Х	37	75	1920	1080	True	149
43276bfd-ee59-4739-bba9-cb02e799dd0a	bd4e2755d88d8d835a07df3c78cdfc3c	Х	11	46	1920	1080	True	73
c760fe7c-ec5a-4060-86ff-e64e47933457	95d5ca4d8706b85bfe8447cc7e83c86a	Х	6	39	1920	822	False	79
8ef978cc-7637-46a4-8940-6c06753d4852	86ec735f573ae6c36a9dbf9e5bfd4eaf	Х	55	93	1920	1080	True	197
58c3dad9-7b49-4c2b-8277-ae4be0bda726	e97c55b450c4b2ae48a165e349f0f3eb	Х	20	72	1920	1080	True	116
1d8e57db-dfff-4f8f-b967-a0c96ef86616	c2f39049d2c1d9527683ed47b4fb6ad7	Х	5	38	1920	1080	True	49
550e8f97-7f04-4749-b2b8-4340c00b33d7	b34ac47997680835ece485b13845fefd	Х	18	62	1920	1080	True	100
b35d66c1-c5cb-4167-abc0-b580fa5034a3	83624345fa124849e833a8664f21f3ea	Х	32	67	1920	1080	True	118
361a4590-95c7-4c6c-96ef-d12a0bc402e0	bd22df5de9c7373f6182446d80e4eef3	Х	29	83	1920	1080	True	116
ec45856f-f197-44a6-9068-892ea5b17b9b	7c989fdb633be7453228f7c650097205	Х	20	63	1920	1080	True	89
96ffe6aa-5d55-4517-82d3-9a729b323470	7faa41c4cf0a2602a23390de23574993	Х	48	92	1080	1920	True	162
614269ae-9fe2-4c56-8a47-aaa22ff90afb	a8a635e6eaa8edb003c5a2b1cef789b5	Х	31	65	1440	1440	True	109
ffe4e611-741f-4e6a-898f-1f8de18fdb55	ff169f3bbab458308b88188be3657125	Х	8	67	1920	1080	True	130
53afff5f-2b34-415f-a4eb-75b84eb35ece	adfe9c8ea85db4e65f36572669cbfed5	Х	7	46	1920	1080	True	95
e7db74103a1e1a16b4bb73058b8043c7	29674	Х	14	43	1920	1080	True	55
a1732df2915e29cbb6fa18956c94c3f5	21710	Х	14	65	1920	1080	False	104
8f0bbba2-5519-4ce0-9584-cd904dcb30c8	ca6b767f0cccf093ba737ae2fc4fec3d	Ц	5	62	1920	1080	True	73
cf6845ac-9e02-49b4-8d2b-f56c789f973a	95af8e702c909eee7145c6dc1a3d756b	Ц	16	67	1280	720	False	91
2d7d138a-17e8-44d1-9013-c8fc761713ee	9a0784a99ea13a8b06cb103c2c8c7f0f	Ц	20	77	1920	1080	True	78
03737e2c-f912-493b-ad40-8320ee9fdf30	185bd3a81d9d618518d10abebf0d17a8	Ц	28	113	1920	1080	False	145
9771b4ab-36db-4675-b900-d976d8c3d62f	46dd04a1caa75ed3082b573cb5a3ad26	Ц	14	70	1920	1080	False	101
542a6379-25fe-4992-bb8a-1d2eccebb658	1860c7f3605089bf0eff0c4e72c7add4	Ц	21	66	1440	1440	True	81
810f5023-eb96-45c4-99fe-c5bb015bbcf3	db573f94204e56e0cf3fc2ea000e5bdc	Ц	1	49	1280	720	False	107
adc03c9e-cee1-4230-a1ce-dddbba17b4e5	fc6e5caa3dc328e7558b072e6607e399	Ц	14	55	1920	1080	False	77
0fe7bde0-adbe-430b-a65e-87e60551fd2f	50334f2a79561498829a34a2c90984b1	Ц	57	106	1920	1080	False	199
b3ed8c72-c9eb-4309-9f01-92d828f42829	0211b488644476dd0fec656ccb9b74fc	Ц	38	92	1080	1920	False	122
0adc3881-34c2-40cb-aaf9-ee2487a5b9c0	0ab4f8e463cdded2e59d6001f4e1b487	Ц	0	50	1080	1920	False	72
d8eaba20-b3d5-42d2-9ef8-18f585f07f68	9f9b13d8e63bd774b4ad1bd14f56147d	Ц	24	59	720	1280	False	89
3e47125e-1e98-4307-b2e4-ef05caafd54b	2d84da20c251acaeb3186642fcb04f2e	Ц	18	56	1920	1080	False	89
8c04f78e-c9ab-43e1-8e2c-37bf4306251b	0041ec866777f12c384b64d8cd636277	Ц	11	64	1920	1080	False	92
f1c55654-1ab7-4a9a-9e49-d337d9885312	b07a773bcb10b4f14f33d2b0e8ec58ba	Ц	66	126	720	1280	False	157
2b7dfc0a-eb2c-4d26-82d6-33b86393115b	f5b82a9c82f6d870ec253e4c3fa96d83	Ц	11	74	1920	1080	False	120
3a75c747-e9b5-45d5-b2a9-52915c8f935c	4299b8ccf39ace57287b463fbe4a489b	Ц	22	61	1920	960	True	89
92be78c0-bdd1-4d3b-a5c8-6dba6bf373d6	12c7911f38c7113ce13c71dbd785ce22	Ц	14	50	1920	1080	True	88
6359aa61-06fb-4379-a029-9a31b0306b2b	f2dc6eab563f93d86629c1cfe479f09d	Ц	15	60	1440	1440	True	75
9c226ccc-8153-4caf-9da9-935a7eeded50	4d26ad833542291c50de9ce88fb4f64a	Ц	11	65	1920	1080	False	129
ef40aa7e-18e2-4b80-a444-3b0611268688	3dd2ce2659aada17b976390004ebe322	Ц	0	32	1920	886	True	67
8b485965-035c-42e9-b4cd-d7ae83403e25	87fe0712fdd150ecc8d02cbbb2e047d6	Ц	20	89	1280	720	True	90
d03fc456-d264-45ae-b925-edcc5f21bfda	68f27043789bb049757486b0ed1cbaab	Ц	62	101	720	1280	True	111
04824c9f-2aa6-4a11-a36f-c7b9c52d04e5	b4e852a75cacf8642412dfc05e2126a3	Ц	13	56	1920	1080	True	82
4b7e666a-bb91-4f39-9be0-c87ba02da4e5	feea6c22175f962ab28452f7314d1bc0	Ц	29	82	720	1280	True	102
0f041772-11d0-4597-a366-0325b21270ff	324cdee3d2550397efb761d8fff48139	Ц	20	59	1920	1080	True	95
54c2eff8-587e-4f98-88f5-1970ccd2a83d	c05c242d2524d1de48c68f1667cd7b6b	Ц	2	52	1920	1080	True	80
4450f9a4-843f-4f39-8808-7a02d8a9f9e6	abd669cafd4f2078708e1cb1846e1bd6	Ц	41	110	1920	1080	True	161
b0d47727-236e-4b8f-aa81-9f84d53028dc	52003757d6b63a3ee7a71f36f5a9a17b	Ц	0	56	1920	1080	True	87
35b2bb08-36f6-41e3-b6f6-bb04bc586149	76aa633fcb2bec4e6b0852635a8af57c	Ц	12	65	1920	1080	True	98
17c8e863-6707-453f-beab-b105b75f035b	4aef7889ad6cd118ce4dab1e3b998a01	Ц	4	43	1920	1080	True	83
913267bd-2a3f-4a28-b16a-1b6d1e1459db	e9df86cd8713f2fa9f2077a2197c7136	Ц	22	80	1920	1080	True	126
259554be-797e-485b-9f3b-e6d2e7df52f9	fb1007e5ffe149cc08bccaf8eda2ce31	Ц	23	70	1280	720	True	133
07faf697-bfd1-4e34-9fb0-7c2fb38a1e1b	40ad51b49892dca94b905eca8926568a	Ц	7	68	1920	1080	True	110
3804a0fb-a7b4-4cb4-b62d-48b8099eea46	d5a3d6c977e8ce1cd3a4eac0908d4d7d	Ц	17	80	1920	1080	True	117
2bc542b6-8094-4794-b796-d0eff4e2a86a	81c0cdc37caa67e7ddf8e06c0a4443c8	Ц	38	104	1920	880	True	142
05e53819-62a5-48a4-bf97-b11a52808baf	aa12bfdceb971561727e86d34aff35ac	Ц	12	57	1920	1080	True	87
11b43ddf-e817-4b02-a6c0-e01acb526ff7	ab460ff83e8c5b13a705a9e2081023c2	Ц	8	45	1920	880	True	84
dc894c47-da29-4fb9-af22-07e91777b7c1	2d5120991a63d659f0eef6123f092100	Ц	20	65	1920	1080	True	128
939884bb-5896-4a4c-a225-9c2a8857c36c	08b8fc47e7a869751c13f64a922e6c15	Ц	46	114	1920	1080	True	179
c0539e8f-7901-4b38-84e2-1367e05f9b93	7c989fdb633be7453228f7c650097205	Ц	38	78	1920	1080	True	109
52160fd5-f534-4d31-be72-b5c41b47c29f	32f4bb8542738fa1980831515d2949ea	Ц	17	65	1920	1080	True	98
48e37002-08e4-48a2-bfae-0a8cb60a1eed	8c34c33a92e42220b2e080bdb388d532	Ц	18	56	1920	1080	True	98
fa6ad4db-1291-4f7d-a43c-915a10cd0acc	23f5ca29e3183e356572642263a836ac	Ц	23	81	720	1280	True	164
6595bbe4-8c64-41bb-b124-d3f6b2d503e1	362b7038ed4bd4b527fce434f14d2aaf	Ц	16	60	1920	1080	True	87
fc190cb7-0f19-4f48-ba06-c9e9489058d3	27032346b8d1e263473c0451843a8a6a	Ц	18	81	1080	1920	True	106
745d231b-f0f8-4de0-a0e7-1a2a9d5d9f28	6520ea9b92b24339fb538be29b315e0b	Ц	23	60	1920	1080	True	98
6cc42bd9-fe38-4948-86b6-5da29036a173	bd4e2755d88d8d835a07df3c78cdfc3c	Ц	15	57	1920	1080	True	84
1819aacd-b30b-4c1b-a076-e279ed91d7ae	911876c4ffc0dd4cf21f61ea1acf5a0b	Ц	40	94	1920	880	True	139
0dfa4cc2-66e3-48a7-9239-a24baa80f615	1cdaed3814fe5a4bfa9baa5d3f94ecc4	Ц	21	56	1080	1920	False	89
8994e6ae-79a2-4efa-9bc3-1e0f6b2669f9	f3cf3f9bb709ce2bee3da304a4ccb427	Ц	39	78	1920	1080	True	176
16a22050-49cc-45bd-b248-989254e36504	0c954cec2fd8884fff2ceeb41bd1b89d	Ц	27	83	1440	1440	True	98
b7a29e4d-bac3-45cf-86f5-862194d70b7d	a050ef5cb26b9d7f2ccdbedd1411ffa9	Ц	24	72	1280	720	True	115
e9617c7b-8261-4d70-957a-73c2ff2f659e	a8b89f85a363edca5d0cfa080065f2d6	Ц	1	45	1920	1080	True	62
1dda08a8-dcd6-49e1-983c-69cca0ae0384	28f7e6734615f41bc0366dee5c563f09	Ц	26	67	720	1280	True	115
3c4b4e37-42b8-452b-985d-c8ab52815fc2	c8f885a4da648650dbecffbb38258989	Ц	23	55	1920	1080	True	102
dc1505f2-deb0-4035-890e-53a21437d7ad	a85134b72f825ac9569e44e9ae53b128	Ц	23	64	1080	1920	True	95
2f462ff226077a6b3912d985d9c6b6ca	27901	Ц	40	89	1920	1080	True	138
1a16dfe632c4ba9895ba2dc84e3e45a6	29585	Ц	2	35	1920	1080	True	62
f588d2ca9ce31efd2e306f554381c273	28593	Ц	35	79	1280	720	True	104
54d355fc33f90141b334cc7688d148df	30009	Ц	69	120	1280	720	True	199
928aeb95fa92df9a7fc8541905bf98a4	13790	Ц	37	67	1280	720	True	96
0f446ac9d58c1ba169fb58b5afa573a9	23309	Ц	30	102	1280	720	True	106
c0b473a5c349a5dfc3ee4936ffd2512a	27658	Ц	36	88	1920	1080	False	99
d9dfb2e307c91d4b7f9d796aa7d5048f	29673	Ц	18	77	1920	1080	True	124
b3a21a41bd259a721b29d81d5aa9b177	21759	Ц	34	82	1920	1080	True	130
0fa918c7f64fd010fcd0706c2e494b47	29318	Ц	46	110	1280	720	True	140
30c4386c0035c0ef6004e253417e72d4	29229	Ц	48	99	1920	1080	True	166
f0a99ce7dc428f589a6638b209ab9b13	29898	Ц	32	87	720	960	True	119
03edf9142b46e55ff8d0407e9b2cbf0c	29751	Ц	16	57	1920	1080	True	90
7ec704b503fc00afc5729aca15ff88dc	22109	Ц	26	85	1280	720	True	93
c0db2ff2dfc7720b6d5c793010acd3d4	21288	Ц	23	85	1280	720	True	86
0c80f52cf42dcafb3629822e212db49e	21271	Ц	46	122	1280	720	True	162
36dff50d74139c906e330bc2e8b14e80	27399	Ц	28	73	1920	1080	True	100
a82d7d30-6d56-4700-b50c-68fdf2a331b6	efc86825b9a40bcdcc9b54ab81aab3fe	Ц	19	64	1920	1080	True	65
3dd04c39-588a-47ae-8588-b07216526ae6	9a2c7d5a1fb72ad258ab16abf6ae9147	Ц	70	124	1920	1080	True	196
7f8ded74-29d8-40b7-b4ab-6593326ea83f	0c3d5473fba13210722e53374b736416	Ц	20	49	1920	1080	True	91
259c2c3b-881a-4d4b-bc12-6d1d44aae911	49b45af05ac6192685bee4e29cdf1e48	Ц	10	56	1080	1920	True	86
df8bbdfc-75bf-414f-83f5-3b7016d89375	7faa41c4cf0a2602a23390de23574993	Ц	60	103	1080	1920	True	145
7648abd7-4821-436b-a33c-0a73af2ebd42	e8a84a6ab0e41fc41afea94dd06f7fd9	Ц	28	71	1080	1920	True	72
9d31c129-cd3d-4aa1-813c-d2e43be5da35	53c3af7712ee8220b2faed1a55a82eca	Ц	16	42	1080	1920	True	87
04833713-161a-427e-804c-f033c38a35b6	48bc83c415e12683f469d16027829654	Ц	22	68	1920	1080	True	113
2c9274d2-3e3c-484f-b240-a844e3c22a48	b6dbf3d8d6ed9fb9283b687910f6e829	Ц	9	56	1920	1080	True	91
d3e6abb6-8833-4867-a55d-f8a7d269ff9c	e4bd328bca8e6f51bd6f4f019692b666	Ц	31	62	1440	1440	True	97
68904cf0-ad5e-40c2-824c-7070d5ac4cd7	33b317c5a26046cafcd795a2fe4e919e	Ц	18	49	1080	1920	True	86
e8ed065f-4ecf-4343-a1a0-40bdf33d2401	6ca843830e5d2608f5d486f02e37dad9	Ц	4	45	1920	1080	True	49
7ebeb8fb-6d8d-4dd8-81d3-0ee77d259d78	d6349cdcc76fc803d1a544fe2c18f298	Ц	33	83	1920	1080	True	125
02a5f78c-53a6-4826-8bb7-2bf0d0e6dd2f	3018b64d2c938f5b6a0826dfdf486f2c	Ц	17	84	1920	1080	True	124
7788e5ad-d588-4998-976e-4a6d65949f8a	3cf00ecfe200a3990d42c6464286d6fb	Ц	42	84	1920	1080	True	162
b3ea18ac-63fd-4962-81e9-4316325be529	4b8f634baac82dd96142fa1220b79759	Ц	18	66	1080	1920	True	106
4e2f8171-4d99-4650-8ecf-6387bb3c6d94	04af3ba065bb7423e0685ebe180751c1	Ц	25	63	1920	1440	True	71
5bd6707f-0713-44a4-804d-24a61a0cf2e1	c80b4e57f158f28299b2a89694c42329	Ц	23	57	1920	1080	True	155
d673c326-4f27-4860-a25a-9fa006b9b9cb	3ef4548431002f9f8fd7f39987be22c1	Ц	28	57	1920	1080	True	105
7ee67b27-5edd-4ecf-aa8b-cf0b8fcdb325	a95892dae1d320bd8b08cbca6a127cd8	Ц	7	40	1080	1920	False	76
b0004958-83f5-46d5-b770-1f660a1ef2e1	55ac05bf18204955c640591070dd1118	Ц	26	61	1920	1190	True	113
f1653726-0af8-4160-ae63-f1a002b28e41	5cfa6de910fe7b0af5f422d0df9f06d5	Ц	24	71	1920	1080	False	110
52e6d101-bffb-442f-a680-efa7c92e803b	7c0fb4e90495815f55cb0deb35cbc95e	Ц	13	46	1920	1080	True	79
27c335c9-a350-4c3a-9f86-d37894c63ef7	86ec735f573ae6c36a9dbf9e5bfd4eaf	Ц	61	97	1920	1080	True	169
f2a55e6f-fcad-43f0-a704-f077d6abbf91	95d5ca4d8706b85bfe8447cc7e83c86a	Ц	4	38	1920	822	False	87
1ffea74b-13e8-4da1-860f-a67cda6339d3	138356c62cb9cd6168ec85fd31dbb1de	Ц	23	80	1920	1080	True	109
c1cf626a-6268-44d6-9f47-4605af3e4c19	0f7aee11724db9ef1f9df422f7443e28	Ц	43	95	1920	1080	True	197
74b04c32-a0d6-41ac-a393-dd1c9b07da82	e97c55b450c4b2ae48a165e349f0f3eb	Ц	25	85	1920	1080	True	136
19b588e5-8d95-4af4-a6dc-0da33859ad9a	c2f39049d2c1d9527683ed47b4fb6ad7	Ц	6	30	1920	1080	True	54
f1e3b52c-f23e-497e-ab91-6b086bee03ae	b34ac47997680835ece485b13845fefd	Ц	11	60	1920	1080	True	91
a6ebb123-5b56-4e67-8258-8c6b58c760c2	ff169f3bbab458308b88188be3657125	Ц	34	82	1920	1080	True	125
9b21ab7e-7eba-46ca-9797-c27531165690	bd6e2ad7ab53ceb7b8de9a1842844071	Ц	46	87	1920	1080	True	152
705731b0-87db-450f-b535-1ac0b9b7a195	6753ca229e01b1c71053cb265fd93013	Ц	35	85	1440	1080	True	115
f1beb796-7d2d-42f7-9eed-97ed30ec1907	a8a635e6eaa8edb003c5a2b1cef789b5	Ц	23	56	1440	1440	True	101
7c5f82f4-fd09-4ae3-8254-242cf99628ed	adfe9c8ea85db4e65f36572669cbfed5	Ц	5	44	1920	1080	True	103
6030a84c46ec2e9c87997cddfc8f92a1	29970	Ц	3	42	1920	1080	True	79
08a366391abcd60398c85b625bd15476	21710	Ц	16	83	1920	1080	False	108
bd7272ed-1850-48f1-a2a8-c8fed523dc37	185bd3a81d9d618518d10abebf0d17a8	Ч	33	117	1920	1080	False	156
49d6f6d8-5377-4493-a169-c620bc7a5573	9a0784a99ea13a8b06cb103c2c8c7f0f	Ч	57	120	1920	1080	True	121
0ba51215-74da-4381-9728-18376ad37696	1860c7f3605089bf0eff0c4e72c7add4	Ч	18	74	1440	1440	True	104
cf3b74e1-3a83-44e7-ad73-5d2825c6b446	46dd04a1caa75ed3082b573cb5a3ad26	Ч	14	61	1920	1080	False	101
50afb2c0-58d6-4d91-a3b3-26b145914424	ca6b767f0cccf093ba737ae2fc4fec3d	Ч	6	48	1920	1080	True	49
1df5773d-8be3-4fe5-a425-ae8950db6835	95af8e702c909eee7145c6dc1a3d756b	Ч	9	61	1280	720	False	82
9e2fba94-493c-42fd-ba1c-ff6b7eccada5	db573f94204e56e0cf3fc2ea000e5bdc	Ч	3	47	1280	720	False	99
62aee3cf-5daf-4959-b320-4761dc3ddc49	fc6e5caa3dc328e7558b072e6607e399	Ч	36	76	1920	1080	False	102
b2c922dd-45ce-4a01-bfeb-ea76c8d131f8	a95892dae1d320bd8b08cbca6a127cd8	Ч	6	40	1080	1920	False	52
74bdadc0-b81c-4429-b4bc-355b0bbbf6fd	0211b488644476dd0fec656ccb9b74fc	Ч	11	64	1920	1080	False	93
7b6da984-584a-499c-812f-627922294d40	50334f2a79561498829a34a2c90984b1	Ч	45	113	1920	1080	False	217
4c418fc1-aedc-414c-bea8-5f39aad76df9	0ab4f8e463cdded2e59d6001f4e1b487	Ч	28	88	1080	1920	False	105
a2c0524a-2421-4ad3-9fc8-e5bfad855608	9f9b13d8e63bd774b4ad1bd14f56147d	Ч	9	44	720	1280	False	76
04810709-798e-4600-a943-1b95fc6a1397	2d84da20c251acaeb3186642fcb04f2e	Ч	33	76	1920	1080	False	115
bdab599f-2847-4450-9a50-6fcff8ad830c	13c4baf863bfb1aa4ac638650e508d3b	Ч	15	68	1080	1920	True	123
e161c26f-b099-4cd2-a567-2bd1fabc052f	b07a773bcb10b4f14f33d2b0e8ec58ba	Ч	62	120	720	1280	False	148
20b98509-7526-496f-b20e-dba3b907bbf7	b56726d7b447d88e526f7da2e9e0e520	Ч	5	36	1920	1080	True	59
9db7eb1d-6f8d-4272-a2d6-a2d872b0d09b	f5b82a9c82f6d870ec253e4c3fa96d83	Ч	19	87	1920	1080	False	130
d5133f20-a6df-40f3-8219-a2143fc7afd3	0041ec866777f12c384b64d8cd636277	Ч	28	86	1920	1080	False	127
e8043e7c-ca87-485a-b75b-dd1a548cf590	4299b8ccf39ace57287b463fbe4a489b	Ч	24	66	1920	960	True	93
dc01469c-74c4-4b30-9374-87a671dbb778	0df9d6e419cb18069e696edaa170ba87	Ч	26	93	1920	864	True	99
a6f02169-6922-4cd4-9489-74122505b5c0	f2dc6eab563f93d86629c1cfe479f09d	Ч	17	56	1440	1440	True	83
044257c4-a9eb-40d9-9416-ea997e5d1cf0	4d26ad833542291c50de9ce88fb4f64a	Ч	16	66	1920	1080	False	138
627b2e0a-ec90-46e3-8230-f6dc922e6b4c	3dd2ce2659aada17b976390004ebe322	Ч	0	34	1920	886	True	68
723b2705-e6d6-4766-a028-2d19ece847fa	87fe0712fdd150ecc8d02cbbb2e047d6	Ч	14	94	1280	720	True	94
be0e6755-eb36-4dac-98bb-4d1a920cd3cf	68f27043789bb049757486b0ed1cbaab	Ч	56	95	720	1280	True	100
9358cbd4-78a9-4acd-97a6-30e2ada2b8d0	b4e852a75cacf8642412dfc05e2126a3	Ч	12	87	1920	1080	True	125
bd9387e9-338f-499b-b158-75b99275213d	76aa633fcb2bec4e6b0852635a8af57c	Ч	13	55	1920	1080	True	103
fd97443f-3b12-417c-88f1-d2e4701f3695	ab460ff83e8c5b13a705a9e2081023c2	Ч	10	80	1920	880	True	134
e89f1412-f1a1-4f8a-94f7-51a3459e5a62	feea6c22175f962ab28452f7314d1bc0	Ч	38	94	720	1280	True	163
0a77e4eb-475c-4b6f-8386-0b9b3de6b71d	3cf00ecfe200a3990d42c6464286d6fb	Ч	30	100	1920	1080	True	155
4e7a0b23-6acf-47b4-b0a9-f36010221ac0	e97c55b450c4b2ae48a165e349f0f3eb	Ч	52	134	1920	1080	True	189
bbc18a7b-c432-4160-aaf3-efee8d2ebc19	a8dc3ffc818b23319cea1757602ad8e8	Ч	14	50	1280	720	True	97
a18bc49c-2c14-4377-aab5-d54b601c431a	52003757d6b63a3ee7a71f36f5a9a17b	Ч	15	70	1920	1080	True	108
ee2ca822-4ff9-4e5a-8726-5e1d69e95e18	0c3d5473fba13210722e53374b736416	Ч	8	53	1280	720	True	85
08f2a777-048a-42f2-9d71-5aa1d8c2c74f	48bc83c415e12683f469d16027829654	Ч	12	52	1080	1920	True	83
15f81f0b-90ed-460e-accd-e3dbdd385646	0ceb69ca37aa3e44528c7ce03c329479	Ч	35	85	1920	1080	True	142
7121f597-f7fd-4913-a603-4b1b7ddae819	efc86825b9a40bcdcc9b54ab81aab3fe	Ч	15	62	1080	1920	True	66
38c5e226-dcf1-4d75-8af0-e32611d5b718	aa12bfdceb971561727e86d34aff35ac	Ч	24	88	1920	1080	True	129
39f5d63b-d152-4fd1-9188-5ead2811e347	d5a3d6c977e8ce1cd3a4eac0908d4d7d	Ч	5	78	1920	1080	True	130
abc978c3-cfdb-4291-9116-4a2036ec99d4	32f4bb8542738fa1980831515d2949ea	Ч	16	79	1920	1080	True	116
7c3ae9ad-3e77-47e3-8d70-a8aada8f583d	27032346b8d1e263473c0451843a8a6a	Ч	21	83	1080	1920	True	108
f1ef9d99-a63f-4ed7-8395-76702fe09084	8c34c33a92e42220b2e080bdb388d532	Ч	16	53	1920	1080	True	73
d1a34059-e3b4-48dc-a8e2-2a1f5c177d87	362b7038ed4bd4b527fce434f14d2aaf	Ч	32	69	1920	1080	True	106
69c67890-4bc5-481f-b590-c4d0802b048f	6520ea9b92b24339fb538be29b315e0b	Ч	33	67	1920	1080	True	122
2ea93b7a-ecb7-47b2-8d06-2e649b9f6576	bd4e2755d88d8d835a07df3c78cdfc3c	Ч	14	64	1920	1080	True	99
e5548c31-8a0a-4b14-a38d-cf6e57e8c627	911876c4ffc0dd4cf21f61ea1acf5a0b	Ч	57	109	1920	880	True	161
e4db9d42-9e1f-4411-94e1-f53c4d25e8fb	95d5ca4d8706b85bfe8447cc7e83c86a	Ч	43	141	1920	1080	False	200
e8907a1b-1acc-49f8-b71d-6c0a067eb075	1cdaed3814fe5a4bfa9baa5d3f94ecc4	Ч	26	71	1080	1920	False	97
5507acfc-49b2-4491-98da-09045b6bc102	f3cf3f9bb709ce2bee3da304a4ccb427	Ч	75	125	1920	1080	True	238
4c8d0596-fb4a-4d50-8740-e380c91e05dd	5cfa6de910fe7b0af5f422d0df9f06d5	Ч	18	77	1920	1080	False	109
ee318909-1896-4e2e-b90e-89b7aaa3455d	a050ef5cb26b9d7f2ccdbedd1411ffa9	Ч	24	62	1280	720	True	92
c1dd1440-e0a3-41f3-8136-5eaff0541b3f	0c954cec2fd8884fff2ceeb41bd1b89d	Ч	28	78	1320	1264	True	117
e6b22c10-83a0-445c-8c11-184cdb95f7c0	a85134b72f825ac9569e44e9ae53b128	Ч	38	93	1920	1080	True	130
4c6a48edd14fefb1b93f7a572adc9018	27901	Ч	40	96	1920	1080	True	147
12e21dc137eb4831bb268f85d84ae66c	28593	Ч	38	88	1280	720	True	130
5b8d40dedb51a95237758b1296b45321	29229	Ч	50	129	1920	1080	True	166
d86057411abec02639041af3d100a43a	30009	Ч	53	124	1280	720	True	173
63504b7f802f2e75994e58dd69fe3594	13790	Ч	31	69	1280	720	True	92
fdc9f5e0f967a6ec18f58ab9a66b60b8	23309	Ч	38	89	1280	720	True	90
35bc806a12f13d29292847e6cff918d6	29283	Ч	52	106	1280	720	True	157
d2b855657a16be615e4b0d0f52ae20a2	21759	Ч	27	71	1920	1080	True	125
c00cc13824bd3bba7a06dbe3e376ab75	29318	Ч	50	115	1280	720	True	142
bc10724e416f2c185b7611942bd08bd1	29673	Ч	26	95	1920	1080	True	155
d895a673de5a80eec4b3650f441016c2	29898	Ч	20	64	720	960	True	76
db0d8126296fd93f0e50a9064ef25b68	29751	Ч	13	64	1920	1080	True	98
9c96e233b288bbad866076a079159c13	22109	Ч	30	78	1280	720	True	92
954478709c88877f4c9df9c304f81bc8	27086	Ч	37	80	1920	1080	True	132
78c9a15aa4d5e69402d13e1719c075d2	21271	Ч	54	117	1280	720	True	160
8c6964a77009b8b25e4f1c0b0a4e42dd	27399	Ч	2	50	1920	1080	True	82
c7b2115c-8729-4f96-ab7b-6ac6f9574441	40ad51b49892dca94b905eca8926568a	Ч	0	72	1920	1080	True	110
aa9ee74b-981e-436b-a67a-5f479b6e658f	33b317c5a26046cafcd795a2fe4e919e	Ч	20	63	1080	1920	True	94
39503db1-47f7-4d9a-abaf-538cadbb6aea	4aef7889ad6cd118ce4dab1e3b998a01	Ч	2	35	1920	1080	True	71
84a4cae1-93b8-4237-9a5e-0277e5da952b	2d5120991a63d659f0eef6123f092100	Ч	5	47	1080	1920	True	69
93e3940a-d759-44b7-a79f-c1947eb5dc32	49b45af05ac6192685bee4e29cdf1e48	Ч	41	72	1080	1920	True	120
48954b62-851a-4968-8762-360adbc69337	53c3af7712ee8220b2faed1a55a82eca	Ч	22	54	1080	1920	True	93
ed61f04f-1603-4e79-9800-eddb4ca5ef41	194612f32f5297e4699c2c0beb9b336a	Ч	18	73	1920	1080	True	113
ef69ced9-4ec9-4645-9be4-ea1a44d568bb	b6dbf3d8d6ed9fb9283b687910f6e829	Ч	26	76	1920	1080	True	117
a1fe0b7a-3008-4bb7-8a31-402a3582a30f	6ca843830e5d2608f5d486f02e37dad9	Ч	8	54	1920	1080	True	59
99947a8d-1f7e-4ddf-9676-49b22547801d	570c2405d58fe08bce66f55c42bc36b0	Ч	20	79	1080	1920	True	110
1874352b-17fb-4d2e-8327-8a705da62865	04af3ba065bb7423e0685ebe180751c1	Ч	26	71	1920	1440	True	80
4a923875-f420-40da-a56e-f197bbee3bf0	3018b64d2c938f5b6a0826dfdf486f2c	Ч	25	60	1920	1080	True	116
b61162c3-8faa-46bd-9424-1bef1c6df2f8	4b8f634baac82dd96142fa1220b79759	Ч	13	52	1080	1920	True	101
3b2b767f-fdb5-43cd-82e1-342d652918bc	c80b4e57f158f28299b2a89694c42329	Ч	18	74	1920	1080	True	140
fb54e084-c0f2-49f3-a634-736d966e40ee	e9df86cd8713f2fa9f2077a2197c7136	Ч	19	73	1920	1080	True	171
54b6a2b2-f7a4-4d1b-8a85-9417840e483b	3ef4548431002f9f8fd7f39987be22c1	Ч	23	61	1920	1080	True	96
5672e910-7129-42c1-b0d3-2e0003c6b739	f15c4e5b9dfe541cf7e6c05733b579e2	Ч	16	83	1920	1080	True	114
22a95f1a-5ad5-47aa-8278-20c0d8e640b2	55ac05bf18204955c640591070dd1118	Ч	13	74	1920	1162	True	86
2c847be1-4787-4c55-8536-297eeaafed6f	7c0fb4e90495815f55cb0deb35cbc95e	Ч	19	46	1920	1080	True	81
d47c7764-6951-4feb-bab2-996c0b22ac42	0f7aee11724db9ef1f9df422f7443e28	Ч	27	75	1920	1080	True	148
089802f3-3420-41a1-9245-9bbec0952b7d	c2f39049d2c1d9527683ed47b4fb6ad7	Ч	8	41	1920	1080	True	53
7e7a5986-47f8-4ad1-9065-e6ccdbe65d1b	b34ac47997680835ece485b13845fefd	Ч	23	67	1920	1080	True	101
8d610a30-7b15-43d9-a273-76cffd495853	bd6e2ad7ab53ceb7b8de9a1842844071	Ч	29	77	1920	1080	True	130
1ba8da62-738c-4997-9222-578e4b527a96	bd22df5de9c7373f6182446d80e4eef3	Ч	37	94	1920	1080	True	136
c0a53392-8780-4916-b875-1bfb826e42ee	420e55e9cc86ffe6ca183d41d80ee67c	Ч	13	55	1742	1080	True	85
244c49f7-3062-4b5f-8829-e58dea0f4764	83624345fa124849e833a8664f21f3ea	Ч	24	61	1920	1080	True	114
1c200a11-644d-41f2-8482-e63054c0ebbe	6753ca229e01b1c71053cb265fd93013	Ч	18	78	1440	1080	True	96
3f45a159-0359-4912-a292-bd7b6953c250	adfe9c8ea85db4e65f36572669cbfed5	Ч	9	47	1920	1080	True	94
99f2c966-b666-416c-9556-651fe2885649	28d653d3548e4508aaa6acbb5dfbeb64	Ч	72	112	1920	1080	True	171
d1bc2de3-5dcd-4a23-84c3-ee9e1a4704e7	0089d92a5ca862773a296198e7eb7856	Ч	25	63	1080	1920	True	103
c137dd3082afdd3d11c60f1fa73a66f3	27658	Ч	63	122	1920	1080	False	154
3cff6661e17e678690e53074dcfa24dc	29970	Ч	4	61	1920	1080	True	79
d69571c9555fdf9304e1d3d1076b3ba6	29804	Ч	19	77	1920	1080	True	121
1465de186b119323235688f60b0bf8b9	30057	Ч	6	64	1920	1080	True	97
c8c2d3a029522526baa3b0d7b77f17c1	21710	Ч	18	74	1920	1080	False	120
4587d638-798a-4a76-8f63-d2e9d9395943	9a0784a99ea13a8b06cb103c2c8c7f0f	Ш	11	78	1920	1080	True	78
4aca7348-36a8-461c-97dc-ab913552dc16	ca6b767f0cccf093ba737ae2fc4fec3d	Ш	13	81	1920	1080	True	104
b51a318d-67a7-4cab-ab07-25bb2ae930a4	185bd3a81d9d618518d10abebf0d17a8	Ш	35	112	1920	1080	False	151
6da59b2b-2756-4754-ba3c-60dccea7b5f2	a95892dae1d320bd8b08cbca6a127cd8	Ш	8	63	1080	1920	False	75
fdbcc5f4-d0ff-4933-bfb8-1f08e43254ed	46dd04a1caa75ed3082b573cb5a3ad26	Ш	3	42	1920	1080	False	66
9bedbda4-de14-471f-a5e8-c8900ea020b1	1860c7f3605089bf0eff0c4e72c7add4	Ш	32	109	1440	1440	True	135
19614c38-11a7-4ba4-9f60-0cd1cd665193	95af8e702c909eee7145c6dc1a3d756b	Ш	5	55	1280	720	False	69
a984c6e3-c3f6-44a1-8ea0-fc4178355a80	db573f94204e56e0cf3fc2ea000e5bdc	Ш	4	57	1280	720	False	102
94c72919-0cc7-456d-bc31-03bed9eac2d6	fc6e5caa3dc328e7558b072e6607e399	Ш	10	46	1920	1080	False	63
bdd51d11-6273-433d-b6a8-078d3bb3e2ce	50334f2a79561498829a34a2c90984b1	Ш	35	101	1920	1080	False	198
46786768-c0f9-4320-a2bb-c39c75f15545	0211b488644476dd0fec656ccb9b74fc	Ш	18	77	1080	1920	False	112
fabf9851-b02e-42ad-b9ae-c3b5c0517028	0ab4f8e463cdded2e59d6001f4e1b487	Ш	15	72	1080	1920	False	92
07467701-1eb5-4eb6-ad4b-7cff2d61a346	9f9b13d8e63bd774b4ad1bd14f56147d	Ш	12	57	720	1280	False	78
dba9cde9-bba5-4a9e-ab2f-3b576935ed05	2d84da20c251acaeb3186642fcb04f2e	Ш	17	97	1920	1080	False	131
1cd1d6ee-19f1-4085-b852-e216842afc73	ba230d5b794c9a7350356eddd3e9929c	Ш	17	76	1920	960	True	79
c0db4a97-d256-4d69-b922-d5ae79e4a2f4	53c3af7712ee8220b2faed1a55a82eca	Ш	18	70	1920	1080	True	99
9c8bf666-50fe-4cfe-9db5-1ece6492bea1	0041ec866777f12c384b64d8cd636277	Ш	6	51	1920	1080	False	81
b458ea12-4097-426e-8f13-9976f62c87db	b07a773bcb10b4f14f33d2b0e8ec58ba	Ш	63	130	720	1280	False	157
a3c99bb2-c2a2-4b85-85e3-8a0c3c98748c	f5b82a9c82f6d870ec253e4c3fa96d83	Ш	4	82	1920	1080	False	155
0970b39f-0d16-4e21-a41e-750eb4991706	0df9d6e419cb18069e696edaa170ba87	Ш	9	90	1920	864	True	170
bcae1334-dce1-4da3-9224-b02ad82fbc1d	4299b8ccf39ace57287b463fbe4a489b	Ш	21	59	1920	960	True	86
f22bc990-ea47-4107-8858-0357e71e0539	12c7911f38c7113ce13c71dbd785ce22	Ш	10	46	1920	1080	True	80
a9474f6f-af39-45da-b793-94d789724351	f2dc6eab563f93d86629c1cfe479f09d	Ш	14	67	1440	1440	True	80
7747a470-fdaf-4260-9259-788fcb939f34	4d26ad833542291c50de9ce88fb4f64a	Ш	14	68	1920	1080	False	136
71495f0a-aab3-40c5-9569-aebf6f641ab0	3dd2ce2659aada17b976390004ebe322	Ш	0	34	1920	886	True	64
223a5133-8f66-4609-ab34-6c16e2c29530	87fe0712fdd150ecc8d02cbbb2e047d6	Ш	10	48	1280	720	True	48
4e6fc1e2-b4b3-4546-9f7b-e3cdab2b9a42	68f27043789bb049757486b0ed1cbaab	Ш	56	92	720	1280	True	96
88ea3ebe-a777-4d25-8e25-f1a6111ab327	b4e852a75cacf8642412dfc05e2126a3	Ш	55	112	1920	1080	True	153
4600965c-f8b8-4733-b4c0-3c4b19c1131b	a8dc3ffc818b23319cea1757602ad8e8	Ш	10	60	1280	720	True	104
4c9dfb64-bed5-42eb-b5c6-17b3ba898128	abd669cafd4f2078708e1cb1846e1bd6	Ш	66	109	1920	1080	True	173
a154e1ee-9039-4f1b-8f13-51ea0d17c3f7	feea6c22175f962ab28452f7314d1bc0	Ш	23	80	720	1280	True	103
d9802965-b888-4330-82b0-7f3d843aa6f9	324cdee3d2550397efb761d8fff48139	Ш	3	61	1920	1080	True	92
dfe2d1a0-b887-4d6b-a1b8-6b927b7710cf	6fefb7617d77222efd121f4a2d6a79d6	Ш	39	105	720	1280	True	140
45695415-3402-46da-9dd4-9efbb332c827	fb1007e5ffe149cc08bccaf8eda2ce31	Ш	24	79	1280	720	True	147
68e1f610-77af-487d-ae4c-5f6e28e2fad3	52003757d6b63a3ee7a71f36f5a9a17b	Ш	0	43	1920	1080	True	90
721b9e8d-31c1-4487-8e1b-cac36f87af1d	76aa633fcb2bec4e6b0852635a8af57c	Ш	5	61	1920	1080	True	105
59386bf6-4899-464b-90d9-37f18c8d41f5	81c0cdc37caa67e7ddf8e06c0a4443c8	Ш	19	66	1920	880	True	117
5d73e701-b2ae-46f1-a00a-2cb7aa7c1013	0ceb69ca37aa3e44528c7ce03c329479	Ш	48	86	1920	1080	True	148
f63a00af-466b-4ddb-b03f-e0a369f85eae	33b317c5a26046cafcd795a2fe4e919e	Ш	27	56	1080	1920	True	104
77351eff-22bc-4d3f-80f6-da82d920c73a	08b8fc47e7a869751c13f64a922e6c15	Ш	44	126	1920	1080	True	183
2c734596-cdd3-4f81-8fec-99a09076503b	63db05b188249dbd9ce7cc98fe205e1f	Ш	37	101	1920	1080	True	183
51e3a854-0d71-4cea-b435-eccfc27c18d2	420e55e9cc86ffe6ca183d41d80ee67c	Ш	10	59	1920	1080	True	66
e5fdc3c1-fb3f-4008-9592-8d5ad3324d29	32f4bb8542738fa1980831515d2949ea	Ш	9	66	1920	1080	True	89
a1a48ebe-a030-4be3-a09b-5f477c45f771	27032346b8d1e263473c0451843a8a6a	Ш	25	73	1080	1920	True	103
a634f9a9-6c91-4957-80e8-07899cc31245	8c34c33a92e42220b2e080bdb388d532	Ш	35	82	1920	1080	True	114
463987c4-eebc-4807-afbf-151d143c9645	23f5ca29e3183e356572642263a836ac	Ш	0	59	720	1280	True	89
e1b72ecb-615d-472d-b104-09ae99bc1855	362b7038ed4bd4b527fce434f14d2aaf	Ш	19	65	1920	1080	True	93
5f8db219-4f4a-479d-aade-3b745977a64e	b6bc47e76a066769495f3a22455713b5	Ш	13	49	1280	720	True	125
32bb0563-2f20-4406-aea0-e522d5f3d62b	1cdaed3814fe5a4bfa9baa5d3f94ecc4	Ш	58	86	1080	1920	False	117
ba435867-aeef-4f9f-b392-079584a64ff4	bd4e2755d88d8d835a07df3c78cdfc3c	Ш	18	82	1920	1080	True	113
efafb56d-8364-4430-9d1f-dde3f1f2aba4	911876c4ffc0dd4cf21f61ea1acf5a0b	Ш	35	83	1920	880	True	125
cc07de7b-09bc-4f1e-995b-391d96419026	0c3d5473fba13210722e53374b736416	Ш	19	61	1920	1080	True	102
99352abe-ee72-4bfd-a6c8-cfe33702ab1e	95d5ca4d8706b85bfe8447cc7e83c86a	Ш	40	172	1920	1080	False	236
b633e806-ccd4-4e02-82f8-61d98301c9b8	d5a3d6c977e8ce1cd3a4eac0908d4d7d	Ш	24	115	1920	1080	True	154
24a5074e-cca8-4a8a-a414-4d010f663fbc	e9df86cd8713f2fa9f2077a2197c7136	Ш	36	163	1920	1080	True	215
7b4e6f5c-6afe-4623-9e89-fe4126deeb0e	b34ac47997680835ece485b13845fefd	Ш	32	64	1920	1080	True	115
ebd9316e-fedb-4a78-897d-97699b1b4cd2	c8f885a4da648650dbecffbb38258989	Ш	21	82	1920	1080	True	128
d26a8290-d2cd-44a0-b8ac-531d7e5aef8c	2916c8f459bac1870fe3897d0340b148	Ш	25	81	720	1280	True	122
665a885e-bd7d-4253-9710-8fdb5ba45a98	a85134b72f825ac9569e44e9ae53b128	Ш	21	69	1920	1080	True	101
40bc894ef93d676b6f4bdcbc8ec22d8a	27901	Ш	44	101	1920	1080	True	152
3e1af78b2f05cfb905f9682c34ecfd06	29585	Ш	2	37	1920	1080	True	73
c10d8cf6221e2c67733d04dd179dd83b	28593	Ш	18	58	1280	720	True	88
bb652c6cc72ad5ca399886d951456138	29229	Ш	44	144	1920	1080	True	211
789761340d156ee0767b61d1023daee6	30009	Ш	64	121	1280	720	True	177
b530370a16477cd68964173aed83a1e6	13790	Ш	31	68	1280	720	True	96
04290397e200af89952d982294ecd3a6	23309	Ш	26	87	1280	720	True	87
31dfe1fbe9643f9fbd4ce5cd0db454a9	29674	Ш	9	39	1920	1080	True	61
61f6a0e36a7aba719832c46e5282864b	29283	Ш	51	92	1280	720	True	139
8f032dd66aa0ad9b0cefc43c3781d609	21759	Ш	36	86	1920	1080	True	149
bf40e1ded53b7eb27cb9cbe3017f2b2e	29318	Ш	41	86	1280	720	True	128
c1633954f43353596cefff8291150a70	29673	Ш	39	104	1920	1080	True	209
b7992052063e7f8ca21f6b5a1853a683	29898	Ш	25	84	720	960	True	132
07fa9797f95b7431834122d0086c6c72	29751	Ш	15	64	1920	1080	True	99
ea8229b0e1a41a2aabbe7d01bafa34cb	22109	Ш	34	95	1280	720	True	96
0ac07f4ce29f67b7379d1da94f270f27	29970	Ш	18	55	1920	1080	True	79
05c0883daaa0f47f80011fff1c2c1498	21288	Ш	18	65	1280	720	True	73
b957fd5c9a79259836efe32641a1096d	27086	Ш	16	78	1920	1080	True	114
2ab22c9505219a8911695fdc9ee3349f	29762	Ш	19	67	1280	720	True	103
1a40f25633f4d6d8e79950a01a8061fa	21271	Ш	69	132	1280	720	True	167
90935ca72c9d6351ef716eb0bad41b72	27399	Ш	1	37	1920	1080	True	61
edc79711-db75-487f-885d-e6b1d629b771	efc86825b9a40bcdcc9b54ab81aab3fe	Ш	20	64	1920	1080	True	67
c1194a93-9bb1-46d6-a9ee-48b8d6c4f822	4aef7889ad6cd118ce4dab1e3b998a01	Ш	2	31	1920	1080	True	71
9f37d842-75da-463d-b654-465062f471ac	2d5120991a63d659f0eef6123f092100	Ш	0	37	1080	1920	True	87
11217ca8-94f9-4a3d-9c41-017806265eb8	49b45af05ac6192685bee4e29cdf1e48	Ш	11	49	1080	1920	True	89
af4af9a6-fb8c-445e-936d-2b61b1844d77	194612f32f5297e4699c2c0beb9b336a	Ш	27	76	1920	1080	True	115
05d2f188-1b76-4fb0-b9ae-9ef253fd6463	48bc83c415e12683f469d16027829654	Ш	15	59	1920	1080	True	106
0e23a91a-066f-4cd6-9bb2-f755d2bdfa9b	b6dbf3d8d6ed9fb9283b687910f6e829	Ш	14	62	1920	1080	True	93
22e5b147-832e-4abd-aac5-dc1a97f3d7d3	e4bd328bca8e6f51bd6f4f019692b666	Ш	44	80	1440	1440	True	113
7f2f1617-1e9b-4006-8f5d-37bd3f41da2a	d6349cdcc76fc803d1a544fe2c18f298	Ш	32	70	1920	1080	True	170
b0fe31eb-e466-4534-91eb-da84becb901b	570c2405d58fe08bce66f55c42bc36b0	Ш	24	71	1080	1920	True	96
68e01938-d59f-4abf-9537-be36e21721c9	3018b64d2c938f5b6a0826dfdf486f2c	Ш	15	68	1920	1080	True	106
7f1d41ae-bbb0-4c9f-9ffe-1620f90d140f	aa12bfdceb971561727e86d34aff35ac	Ш	5	71	1920	1080	True	114
66eeb020-16eb-43e6-8ebd-509653affb8e	3cf00ecfe200a3990d42c6464286d6fb	Ш	44	89	1920	1080	True	142
8cb85a03-e139-4510-a78e-b8e809840ebe	4b8f634baac82dd96142fa1220b79759	Ш	19	58	1080	1920	True	89
4996cc8c-d5f6-4b96-8896-172b742f6bbc	04af3ba065bb7423e0685ebe180751c1	Ш	22	91	1920	1080	True	121
1e77bdb9-cc4e-4399-b09b-7c2879056f52	c80b4e57f158f28299b2a89694c42329	Ш	28	80	1920	1080	True	147
3ea2218b-0f83-4151-ae30-ecb37d87ea69	3ef4548431002f9f8fd7f39987be22c1	Ш	22	69	1920	1080	True	100
e7ca42c5-c620-4535-9568-b39378c616e1	55ac05bf18204955c640591070dd1118	Ш	28	98	1920	1178	True	129
d3814a78-61a0-4a3c-95f5-7861298f5dc9	5cfa6de910fe7b0af5f422d0df9f06d5	Ш	25	98	1920	1080	False	122
40dd804e-ae9d-4e0e-8c0d-03b463d72e49	7c0fb4e90495815f55cb0deb35cbc95e	Ш	15	49	1920	1080	True	83
2d4fcd95-3bf5-42de-92d6-cec955b197c3	f3cf3f9bb709ce2bee3da304a4ccb427	Ш	33	69	1920	1080	True	144
90d1277f-4a42-4f55-959f-79f1b218b104	86ec735f573ae6c36a9dbf9e5bfd4eaf	Ш	54	127	1920	1080	True	181
7c25553c-8b63-4e93-8b35-c0e32d73ee5c	e97c55b450c4b2ae48a165e349f0f3eb	Ш	27	69	1920	1080	True	138
36f2e284-43ac-4283-add8-2f2bfd9c87de	0f7aee11724db9ef1f9df422f7443e28	Ш	51	90	1920	1080	True	156
8695aa9d-da49-463f-bdeb-9157c1da4530	bd6e2ad7ab53ceb7b8de9a1842844071	Ш	40	93	1920	1080	True	146
e7fcb862-5f95-436d-b15c-61f8473a2549	7c989fdb633be7453228f7c650097205	Ш	23	62	1920	1080	True	90
c15eb7ad-1357-444e-b518-85e1827ddd4a	83624345fa124849e833a8664f21f3ea	Ш	22	69	1920	1080	True	91
78bfd49a-5b03-4fe7-b31c-774d636cf0cc	6753ca229e01b1c71053cb265fd93013	Ш	11	79	1440	1080	True	114
be39214e-4e0a-41db-9d96-98698dcb1f4a	7faa41c4cf0a2602a23390de23574993	Ш	38	84	1080	1920	True	190
ffb91de1-44e2-4e90-a186-99c848777ee0	a8a635e6eaa8edb003c5a2b1cef789b5	Ш	11	47	1440	1440	True	82
18a5193e-6719-4b53-a091-4bff1e5706e5	ff169f3bbab458308b88188be3657125	Ш	28	80	1920	1080	True	125
b06f3ed0-3a8b-46d9-af48-51ed2cc7a6ed	6520ea9b92b24339fb538be29b315e0b	Ш	17	56	1920	1080	True	79
84dbc417-3af1-400b-accd-0b7f562537bc	adfe9c8ea85db4e65f36572669cbfed5	Ш	7	39	1920	1080	True	90
039514f5-9ed8-49b9-b71c-a7d62031df77	28d653d3548e4508aaa6acbb5dfbeb64	Ш	88	124	1920	1080	True	182
2899a1b3-7692-42d2-83de-b3da50da3705	ab460ff83e8c5b13a705a9e2081023c2	Ш	34	78	1920	1080	True	123
3e988ff6963a2445e9fb5a65b184fcf5	21710	Ш	16	83	1920	1080	False	116
04c2dca4-30cc-4dda-99c8-f5e84be0e365	185bd3a81d9d618518d10abebf0d17a8	Щ	36	108	1920	1080	False	152
fe7737f0-d1d9-4f3c-a5a4-6d9a8b7104fd	9a0784a99ea13a8b06cb103c2c8c7f0f	Щ	17	71	1920	1080	True	73
36838761-362c-4dac-8ac0-0e4bdd593b88	0ab4f8e463cdded2e59d6001f4e1b487	Щ	13	60	1080	1920	False	78
d259aa8f-5152-441f-bfc1-580ca24665b9	46dd04a1caa75ed3082b573cb5a3ad26	Щ	2	67	1920	1080	False	86
0c05b393-e8fa-4989-a35c-633beb5ff432	a95892dae1d320bd8b08cbca6a127cd8	Щ	19	49	1080	1920	False	53
9e04dffc-5eae-4314-86b3-61bb4f18cecf	fc6e5caa3dc328e7558b072e6607e399	Щ	22	54	1920	1080	False	81
84c903d2-9c6a-4406-8fb8-7ac94579086c	ca6b767f0cccf093ba737ae2fc4fec3d	Щ	17	61	1920	1080	True	65
c37e0ba1-7a93-482b-b2f7-5becfb87d7c8	95af8e702c909eee7145c6dc1a3d756b	Щ	0	45	1280	720	False	60
dfbd7d09-04bb-442a-a807-8375defa95b0	db573f94204e56e0cf3fc2ea000e5bdc	Щ	5	51	1280	720	False	115
919c7cdb-1565-4d60-ab08-fc4246c51417	0211b488644476dd0fec656ccb9b74fc	Щ	19	62	1920	1080	False	93
26a1e3d3-a593-4b62-ad48-bee060eee5cb	50334f2a79561498829a34a2c90984b1	Щ	56	116	1920	1080	False	225
7ae577a5-d18e-467a-8431-18b458a062c3	9f9b13d8e63bd774b4ad1bd14f56147d	Щ	10	49	720	1280	False	84
78d15d8a-8bf6-4103-86ea-bf9f0896cb0a	2d84da20c251acaeb3186642fcb04f2e	Щ	32	70	1920	1080	False	111
2fc1c844-6d69-49c7-9085-12da01c6905b	13c4baf863bfb1aa4ac638650e508d3b	Щ	15	48	1080	1920	True	56
ea524124-96a0-49be-b427-9e95d7b8a64b	b07a773bcb10b4f14f33d2b0e8ec58ba	Щ	7	77	720	1280	False	112
8083aa21-ff46-4f01-a06f-6f211edd8334	f5b82a9c82f6d870ec253e4c3fa96d83	Щ	11	84	1920	1080	False	139
e2fe9caf-80ad-48f6-bf85-95936903f5e8	0041ec866777f12c384b64d8cd636277	Щ	11	63	1920	1080	False	101
c1abecc9-2162-4306-aaa2-1c2648e6e648	0df9d6e419cb18069e696edaa170ba87	Щ	13	75	1920	864	True	138
8d226c11-414b-403b-a0fe-a829f09d06a5	12c7911f38c7113ce13c71dbd785ce22	Щ	20	74	1920	1080	True	109
26991e2b-7e73-494a-9034-ba4c67d5100d	f2dc6eab563f93d86629c1cfe479f09d	Щ	23	63	1440	1440	True	81
00b4626c-8125-4288-a2be-002d76f5e3d6	4d26ad833542291c50de9ce88fb4f64a	Щ	26	73	1920	1080	False	158
20ce55ed-f665-4565-8037-f58d30634c05	87fe0712fdd150ecc8d02cbbb2e047d6	Щ	14	90	1280	720	True	91
cf920eb9-f8f5-4027-842c-16e6b9a87577	68f27043789bb049757486b0ed1cbaab	Щ	56	97	720	1280	True	125
8f61eb38-342d-4dc4-afb0-f7d10d2b1ebf	63db05b188249dbd9ce7cc98fe205e1f	Щ	44	100	1920	1080	True	165
3a5b7ece-3833-406a-a2f1-cd6f4cfd5386	0ceb69ca37aa3e44528c7ce03c329479	Щ	55	104	1920	1080	True	164
18386be6-f72f-4123-a032-7291681ff027	b4e852a75cacf8642412dfc05e2126a3	Щ	3	59	1920	1080	True	95
06aeae88-7c6c-4bb4-922e-b0bd2c932ae7	324cdee3d2550397efb761d8fff48139	Щ	10	76	1920	1080	True	103
14213ebb-8758-4631-ac75-dff6ebaac983	feea6c22175f962ab28452f7314d1bc0	Щ	21	74	720	1280	True	100
63283e6b-ec6c-42db-a38b-b6eed7e774d8	ab460ff83e8c5b13a705a9e2081023c2	Щ	13	49	1920	880	True	81
61148d7e-21b7-4436-84c7-f68b3745e9c4	52003757d6b63a3ee7a71f36f5a9a17b	Щ	1	61	1920	1080	True	100
38a920f1-dcf4-4341-aae2-3aa056f97879	76aa633fcb2bec4e6b0852635a8af57c	Щ	9	49	1920	1080	True	89
e3068e39-9c6d-4230-a762-77c42d55266a	a8dc3ffc818b23319cea1757602ad8e8	Щ	8	53	1280	720	True	101
eb0ab2cd-627b-47d6-8aab-f79cb11d0e72	c05c242d2524d1de48c68f1667cd7b6b	Щ	0	51	1920	1080	True	71
a91006f8-6505-47c3-86c9-60927cef97f8	96004c3e655c98e436ff552dbe51c3c8	Щ	32	90	1920	1080	True	152
bed1ac0b-3db6-4a27-8612-9df9997a4d6f	33b317c5a26046cafcd795a2fe4e919e	Щ	20	41	1080	1920	True	86
09a1715d-3ee8-4a26-a447-8a39e1cca9d8	0c3d5473fba13210722e53374b736416	Щ	16	79	1280	720	True	102
8b9722dc-454d-421e-88ac-554ce8a258c3	abd669cafd4f2078708e1cb1846e1bd6	Щ	46	127	1920	1080	True	170
81dc3ea7-9e54-4237-8de3-ddb24a945ace	32f4bb8542738fa1980831515d2949ea	Щ	4	40	1920	1080	True	72
b84117e6-990a-427d-b5ac-530bb55f4390	a85134b72f825ac9569e44e9ae53b128	Щ	24	71	1920	1080	True	106
b15a9775-0f7a-45a9-b4e5-68afbc027c6d	8c34c33a92e42220b2e080bdb388d532	Щ	22	58	1920	1080	True	82
fd25e40d-7d1c-4422-9c52-d4681ecd25e0	0c954cec2fd8884fff2ceeb41bd1b89d	Щ	28	100	1292	862	True	116
7f023e69-c7f6-4f29-9db5-46495c5d8e68	b6bc47e76a066769495f3a22455713b5	Щ	19	56	1280	720	True	82
929f7600-eb03-4947-85c1-f9d596ce5841	362b7038ed4bd4b527fce434f14d2aaf	Щ	30	64	1920	1080	True	115
70e94af4-9432-4625-9458-23fca2315927	b34ac47997680835ece485b13845fefd	Щ	25	64	1920	1080	True	118
242ace75-03b7-4498-b025-bfd07f5580cd	0f7aee11724db9ef1f9df422f7443e28	Щ	43	87	1920	1080	True	125
b4767c81-5488-46d9-8c51-5c2daa212476	a5f261810c66a72ed1d61890eefe1672	Щ	40	80	1280	720	True	110
89f28c1e-baa1-4371-a4d9-813f61645708	a8b89f85a363edca5d0cfa080065f2d6	Щ	11	57	1920	1080	True	65
133504c2-ff0f-44bd-b247-4603f69f20ff	d5a3d6c977e8ce1cd3a4eac0908d4d7d	Щ	21	58	1920	1080	True	107
2ca4c216-82b1-4d87-a486-56a67f9a6a50	911876c4ffc0dd4cf21f61ea1acf5a0b	Щ	43	90	1920	880	True	137
d5dbd629-e290-461c-bf6a-288af280102a	138356c62cb9cd6168ec85fd31dbb1de	Щ	2	74	1920	1080	True	109
91dc48f6-c03d-497c-ad53-efafea2debef	6520ea9b92b24339fb538be29b315e0b	Щ	6	36	1920	1080	True	64
4bb6eb1d15352f42994c9a7bf864688a	27901	Щ	43	93	1920	1080	True	133
e1d9f0ab4637806339b74467a70c5310	29585	Щ	9	41	1920	1080	True	75
2387421926d7bde022e94d0471bc4637	28593	Щ	36	99	1280	720	True	167
abdcf259f1245a88fd190b116f94bee1	29751	Щ	7	61	1920	1080	True	94
59bd2b2a36b6fc8d82d5db9eaba5b1ae	30009	Щ	55	91	1280	720	True	174
a494dce509041694aa7d15746e5c0654	23309	Щ	11	59	1280	720	True	62
979025e85e46aa7e5911fe07889537b3	21759	Щ	29	73	1920	1080	True	119
504bccd2844c2711f946a53418928149	29898	Щ	23	84	720	960	True	86
d791f01eed8e6bbfdb42a63bed6a040f	22109	Щ	30	84	1280	720	True	90
431672900932eef6e6181515e07190a8	29970	Щ	10	56	1920	1080	True	80
a2f74b931b899e30ad3b65b1df1e22e1	29673	Щ	34	87	1920	1080	True	157
8b55f6abccd78a60b8c18eb25b87125b	27086	Щ	13	53	1920	1080	True	92
0ab0697dd19ac55389722a9d14d9cdb0	29229	Щ	45	98	1920	1080	True	178
9fbdb6dec7cf68a6039c5e6f78084b15	21271	Щ	59	117	1280	720	True	151
1a37fb12239b92bb3c01deec373f4c18	27399	Щ	8	68	1920	1080	True	98
87d17bed-6c06-4e4d-b9f4-164dfd40ab3a	40ad51b49892dca94b905eca8926568a	Щ	9	57	1920	1080	True	92
23b0c8d1-1f38-4c2e-a291-2fbd88f0fa38	efc86825b9a40bcdcc9b54ab81aab3fe	Щ	14	72	1920	1080	True	75
7475b6cc-7930-49fc-a958-7b55ce6b4346	4aef7889ad6cd118ce4dab1e3b998a01	Щ	19	54	1920	1080	True	98
520a173c-9608-4ae4-a525-07701f53c500	2d5120991a63d659f0eef6123f092100	Щ	0	37	1080	1920	True	78
fe986729-81f3-4fcc-a573-7a9f48f134c9	49b45af05ac6192685bee4e29cdf1e48	Щ	29	71	1080	1920	True	122
25a89852-a0ce-4d29-9019-6ac405345841	08b8fc47e7a869751c13f64a922e6c15	Щ	55	129	1920	1080	True	231
f16d1170-9f59-4921-b5f1-cf0949ff2ac8	e8a84a6ab0e41fc41afea94dd06f7fd9	Щ	25	68	1080	1920	True	85
76d4250b-626d-4999-8821-b27dcf4dc182	53c3af7712ee8220b2faed1a55a82eca	Щ	15	50	1080	1920	True	90
a5720b9c-c465-49ad-9855-e667cefb214c	194612f32f5297e4699c2c0beb9b336a	Щ	24	74	1920	1080	True	111
e493b0c6-3cd4-41f0-a4e5-aa558de0e73b	48bc83c415e12683f469d16027829654	Щ	19	66	1920	1080	True	110
ba79014b-1e84-426c-9dd6-50e311ea908e	b6dbf3d8d6ed9fb9283b687910f6e829	Щ	18	72	1920	1080	True	137
7333135e-b804-41cb-adcd-3f65d1d8fb78	e4bd328bca8e6f51bd6f4f019692b666	Щ	42	74	1440	1440	True	106
a2316b1e-ff5f-4961-8fcd-01322b9d8070	4299b8ccf39ace57287b463fbe4a489b	Щ	24	67	1920	960	True	107
0bc91880-dff3-480d-8759-c9ab321cd393	6ca843830e5d2608f5d486f02e37dad9	Щ	6	47	1920	1080	True	60
57efded5-6364-46f0-b2a3-75beb01a8bbd	3018b64d2c938f5b6a0826dfdf486f2c	Щ	18	86	1920	1080	True	118
c7add282-9348-40e6-a0d5-4dff9be57e10	3cf00ecfe200a3990d42c6464286d6fb	Щ	39	89	1920	1080	True	128
de83549b-a23e-47fa-99ca-620cd02831a1	4b8f634baac82dd96142fa1220b79759	Щ	25	57	1080	1920	True	102
7a8a412f-6efa-4e4a-9a8c-a9eb057f5d27	c80b4e57f158f28299b2a89694c42329	Щ	24	69	1920	1080	True	128
2ea24bf6-8911-47cb-a41e-86cd00f66603	3ef4548431002f9f8fd7f39987be22c1	Щ	20	64	1920	1080	True	104
552a6817-5b10-4f9c-bf7a-437e9e3be402	5cfa6de910fe7b0af5f422d0df9f06d5	Щ	26	58	1920	1080	False	112
e5b2bf42-c636-4d1a-a04d-4491bf0c5a4e	7c0fb4e90495815f55cb0deb35cbc95e	Щ	12	46	1920	1080	True	101
60dcf0eb-8c86-4fa6-8afa-a4a01e07670c	f3cf3f9bb709ce2bee3da304a4ccb427	Щ	45	83	1920	1080	True	148
099abdd8-50e3-4d2b-9fb2-42c43be6b239	bd4e2755d88d8d835a07df3c78cdfc3c	Щ	10	42	1920	1080	True	72
24339b8f-876d-4a27-9a9e-68523ddb8e5b	95d5ca4d8706b85bfe8447cc7e83c86a	Щ	3	42	1920	822	False	89
b5070fbc-3f47-4d94-a9fa-5a59848a2936	c2f39049d2c1d9527683ed47b4fb6ad7	Щ	8	50	1920	1080	True	68
0c929542-cafe-4667-8339-c1116c5151e7	bd6e2ad7ab53ceb7b8de9a1842844071	Щ	41	81	1920	1080	True	148
f38fbdd1-95eb-48eb-a447-4eb203f831aa	7c989fdb633be7453228f7c650097205	Щ	12	57	1920	1080	True	78
8504140e-634d-4d64-b62d-9c8b7187c805	83624345fa124849e833a8664f21f3ea	Щ	33	97	1920	1080	True	119
dfc6dd4f-884e-4ebd-abf2-d0898d998314	6753ca229e01b1c71053cb265fd93013	Щ	25	80	1440	1080	True	111
797ed171-b663-4d04-b710-00e24f708673	630a57fb2f40debe5a2c782349c9a26f	Щ	21	65	1920	1080	True	104
79f9c72a-3179-4948-b7e8-c1cd44bd3788	7faa41c4cf0a2602a23390de23574993	Щ	39	91	1080	1920	True	154
6c471123-6dc3-4395-af3d-d95d64b86190	ff169f3bbab458308b88188be3657125	Щ	9	46	1920	1080	True	117
bb7132c7-ba99-4f58-8692-afdbffda7fe8	1cdaed3814fe5a4bfa9baa5d3f94ecc4	Щ	35	78	1080	1920	False	112
468d3889d0afd6cb4b13c8b6a1e285e7	29674	Щ	3	40	1920	1080	True	53
1b26d44fd145fd8ce8dc99ce278d4a17	21710	Щ	13	75	1920	1080	False	105
70ebaad1-6cf2-470e-952b-5ce2ffec7030	a95892dae1d320bd8b08cbca6a127cd8	Ъ	11	42	1080	1920	False	46
bdc0edde-530a-498d-9ad0-771c54221426	9a0784a99ea13a8b06cb103c2c8c7f0f	Ъ	1	71	1920	1080	True	73
95b13c61-afa4-4b56-92a9-64f42fe9f572	185bd3a81d9d618518d10abebf0d17a8	Ъ	25	90	1920	1080	False	136
35d8ff5d-46ef-4a19-b6e4-ba32bc3a0ebb	46dd04a1caa75ed3082b573cb5a3ad26	Ъ	14	46	1920	1080	False	87
c8d71372-6e38-4718-be95-ce1301fcafe1	1860c7f3605089bf0eff0c4e72c7add4	Ъ	22	82	1440	1440	True	101
c34d06ed-e030-493c-a038-0bb52ea755af	fc6e5caa3dc328e7558b072e6607e399	Ъ	26	71	1920	1080	False	86
d88bab89-57e7-4917-99c7-5b775df99fdd	95af8e702c909eee7145c6dc1a3d756b	Ъ	2	58	1280	720	False	73
d91a297a-e8f1-4c90-8095-4e02dc7094b1	db573f94204e56e0cf3fc2ea000e5bdc	Ъ	0	39	1280	720	False	88
4e9a6788-4d44-4030-8ab9-8f2feeb36a16	0211b488644476dd0fec656ccb9b74fc	Ъ	13	55	1920	1080	False	85
e83ad104-4ccd-462a-90b7-8e00e780732f	50334f2a79561498829a34a2c90984b1	Ъ	19	68	1920	1080	False	174
39bb24f4-a95d-4e93-b3d5-df04adb2a1aa	2d84da20c251acaeb3186642fcb04f2e	Ъ	11	41	1920	1080	False	80
5efb2261-62ab-434e-b7d8-0b18ed731281	d2b4042ec6d8505a41b809e64d5adb7c	Ъ	31	59	1920	1080	True	78
1ecb8e1f-1987-4a20-9bb8-cc54b1670a0b	0ab4f8e463cdded2e59d6001f4e1b487	Ъ	6	46	1080	1920	False	68
5c3cae3c-23f5-49ee-9f79-31e3ce09089e	9f9b13d8e63bd774b4ad1bd14f56147d	Ъ	22	56	720	1280	False	91
f14a8803-d004-4a61-a2fb-707a0063f144	13c4baf863bfb1aa4ac638650e508d3b	Ъ	8	51	1080	1920	True	81
a6aff6c0-0ba4-4239-9aa7-3d5362946f5a	ba230d5b794c9a7350356eddd3e9929c	Ъ	14	55	1920	960	True	74
8abed65c-2b2f-4902-bac0-01fb5c6abc17	0041ec866777f12c384b64d8cd636277	Ъ	17	67	1920	1080	False	97
332e269b-b116-4a4c-aeb1-c80ef96a05a4	b07a773bcb10b4f14f33d2b0e8ec58ba	Ъ	36	90	720	1280	False	137
902d38e3-9cb0-47d8-b6f0-619133433fb4	f5b82a9c82f6d870ec253e4c3fa96d83	Ъ	15	69	1920	1080	False	127
bcad3e80-5dff-4207-b62c-aeca9585826b	0df9d6e419cb18069e696edaa170ba87	Ъ	23	110	1920	864	True	156
db1a7356-5c50-4684-b913-c6aa444b61cf	4299b8ccf39ace57287b463fbe4a489b	Ъ	19	70	1920	960	True	94
2720da39-f733-44fe-b757-1611085c12aa	4d26ad833542291c50de9ce88fb4f64a	Ъ	20	74	1920	1080	False	147
73783669-3a61-4421-a575-08a301879321	3dd2ce2659aada17b976390004ebe322	Ъ	1	31	1920	886	True	59
9442e65b-e16e-4339-95f4-095aa85b64a0	87fe0712fdd150ecc8d02cbbb2e047d6	Ъ	13	64	1280	720	True	73
bb09e99f-bf8f-455e-9cff-a5353afd0a71	b4e852a75cacf8642412dfc05e2126a3	Ъ	5	58	1920	1080	True	88
df245752-cb71-4bf2-9c13-acce5114b7c4	324cdee3d2550397efb761d8fff48139	Ъ	0	56	1920	1080	True	86
4f69a1ff-771d-4709-9f38-51a4c78edca2	feea6c22175f962ab28452f7314d1bc0	Ъ	25	85	720	1280	True	105
2f4b12f0-e503-4445-af74-44f81308629c	6fefb7617d77222efd121f4a2d6a79d6	Ъ	14	58	720	1280	True	109
51e118a3-b65d-419d-936a-a047a9c3bc92	ab460ff83e8c5b13a705a9e2081023c2	Ъ	10	52	1920	880	True	68
6270b90b-03ba-4180-839a-f725a03a3d37	52003757d6b63a3ee7a71f36f5a9a17b	Ъ	0	56	1920	1080	True	85
d6f9cf04-c82b-4000-952a-d7e5f1b3f40d	abd669cafd4f2078708e1cb1846e1bd6	Ъ	53	105	1920	1080	True	164
7f0753fe-d982-46ed-93e5-12f578bbd2bd	a8dc3ffc818b23319cea1757602ad8e8	Ъ	5	48	1280	720	True	89
6464fd56-9cf0-4d52-a70c-e81a0852df3f	76aa633fcb2bec4e6b0852635a8af57c	Ъ	4	62	1920	1080	True	107
ac1044ae-aeca-4d08-bd7e-20004c7b278f	c05c242d2524d1de48c68f1667cd7b6b	Ъ	5	57	1920	1080	True	82
cf39ca9d-f894-43b2-97cd-8aa5081b97c6	81c0cdc37caa67e7ddf8e06c0a4443c8	Ъ	38	94	1920	880	True	149
fd7352ef-4d47-4385-9402-ce486bc43713	33b317c5a26046cafcd795a2fe4e919e	Ъ	22	67	1080	1920	True	110
fa4c452a-55ac-4232-91d3-34d86d8e7198	96004c3e655c98e436ff552dbe51c3c8	Ъ	34	117	1920	1080	True	179
5c85d56d-03e1-4da5-85e5-9f415dd96e50	194612f32f5297e4699c2c0beb9b336a	Ъ	18	63	1920	1080	True	91
d1c72c24-4319-419f-b910-b5f25ce74109	32f4bb8542738fa1980831515d2949ea	Ъ	10	66	1920	1080	True	98
cf448c1b-cedc-4256-966f-7ce9860dab85	8c34c33a92e42220b2e080bdb388d532	Ъ	19	58	1920	1080	True	90
31d96873-3964-4939-8508-a2fa04c7ec83	23f5ca29e3183e356572642263a836ac	Ъ	7	57	720	1280	True	84
2c335fd4-d8d1-4032-92e5-b4e16c088fd7	27032346b8d1e263473c0451843a8a6a	Ъ	8	66	1080	1920	True	85
fbeed92f-6d7d-438b-b904-a8f667fb1ee9	6520ea9b92b24339fb538be29b315e0b	Ъ	37	87	1920	1080	True	128
565735ad-eaa7-48a5-a594-8a56d4b0ad2b	e9df86cd8713f2fa9f2077a2197c7136	Ъ	29	117	1920	1080	True	156
55105eaa-42fc-4adf-b298-96de7e99ae75	1cdaed3814fe5a4bfa9baa5d3f94ecc4	Ъ	30	76	1080	1920	False	111
6aee0752-e48d-4682-aafb-0c98c87c7bcf	911876c4ffc0dd4cf21f61ea1acf5a0b	Ъ	35	81	1920	880	True	123
13484f5c-28d9-4f13-b0b8-4a32a5c848f1	f3cf3f9bb709ce2bee3da304a4ccb427	Ъ	43	81	1920	1080	True	193
3fece56b-49cb-430d-9b0d-b706ba8d3bf5	0c954cec2fd8884fff2ceeb41bd1b89d	Ъ	5	55	1440	1440	True	71
a7676c61-816a-4318-a04a-45e969710c9f	a050ef5cb26b9d7f2ccdbedd1411ffa9	Ъ	22	64	1280	720	True	101
6d65c3f2-7ea3-4ea0-a1b0-15d5e3dadc7b	a8b89f85a363edca5d0cfa080065f2d6	Ъ	5	53	1920	1080	True	81
05212813-a2d1-43f5-9923-ffb214e91d48	a5f261810c66a72ed1d61890eefe1672	Ъ	22	64	1280	720	True	95
6eaea41c-c7f8-41fe-88db-4d735fd33069	d5a3d6c977e8ce1cd3a4eac0908d4d7d	Ъ	1	54	1920	1080	True	93
d987e8fd-0272-49f6-8b34-a94deb2299d7	c8f885a4da648650dbecffbb38258989	Ъ	21	49	1920	1080	True	108
19a6366f-5cf2-4509-a4b7-9569497de4d8	635ab4108b0d6b87bef3f30a318d8df9	Ъ	21	84	1920	1080	True	141
43ce999a-8cd2-4dc1-ac50-c26d3571146e	a85134b72f825ac9569e44e9ae53b128	Ъ	21	72	1080	1920	True	109
7bd4cfd8c5dca200fdb661d381b8aa39	29585	Ъ	1	47	1920	1080	True	88
6b1548f6f4736d674d80098f2a4160c3	13790	Ъ	23	67	1280	720	True	89
cad5a933dda2c7dc8024b0c2f92c2f6b	23309	Ъ	22	82	1280	720	True	84
eb1c7ab3e9c5ea94f50dc3243774c2a5	29970	Ъ	7	41	1920	1080	True	78
a23e9057d87e4f4768993d4f7912a207	29673	Ъ	44	101	1920	1080	True	168
5e995d001936c908ae02f315a8d6ba4c	21759	Ъ	34	88	1920	1080	True	145
8916ac2a67323ac4bae9e2be1ef5d41d	22109	Ъ	0	52	1920	1080	True	53
7525f5f6807df8ee3f4a423dc5c37d58	27086	Ъ	26	73	1920	1080	True	144
313a2f1ceb9b7534bf109ce2a152367b	29229	Ъ	13	83	1920	1080	True	145
f9bc5f71f9b06cdd06ff510aedf47e37	29318	Ъ	52	117	1280	720	True	118
52b002956864325d5285b0ec65a8d457	27901	Ъ	7	53	1920	1080	True	94
7fa03ee66eebc8017b9454a1882d193e	29751	Ъ	21	51	1920	1080	True	89
9d12394c40cae6a62424bc675554aae9	21288	Ъ	9	65	1280	720	True	99
ebc3efc98906140af080282448999d9e	21271	Ъ	84	146	1280	720	True	212
31a9e381ba70a583eefbebdb80e9fc61	27399	Ъ	13	64	1920	1080	True	92
843684a2-76fd-4c8d-a73a-844e2307c7df	c3bc70b01dcc8b515891a4d097719b0f	Ъ	80	111	1920	1080	True	199
18fd6285-d4bb-445c-98fb-ca137cb9be66	40ad51b49892dca94b905eca8926568a	Ъ	5	76	1920	1080	True	110
2c643364-826f-46c8-b7c6-34042e9c1462	efc86825b9a40bcdcc9b54ab81aab3fe	Ъ	22	74	1920	1080	True	88
38960de5-ed3c-485f-a08c-9fe9652699ef	4aef7889ad6cd118ce4dab1e3b998a01	Ъ	4	37	1920	1080	True	79
335efa21-ea8a-4183-92c7-a1205ab42b7d	2d5120991a63d659f0eef6123f092100	Ъ	2	43	1920	1080	True	71
e460958f-6efc-43b6-a21d-458c140b6f1a	f2dc6eab563f93d86629c1cfe479f09d	Ъ	25	70	1440	1440	True	91
6db9275e-9a2f-43c2-ae74-e40c0e1908cf	0c3d5473fba13210722e53374b736416	Ъ	25	69	1920	1080	True	105
40e2a3dd-0b25-48c5-8066-6249c09e4fa0	e8a84a6ab0e41fc41afea94dd06f7fd9	Ъ	27	58	1080	1920	True	66
997bda30-ade6-4a94-879f-2f503cf25d4e	49b45af05ac6192685bee4e29cdf1e48	Ъ	6	54	1080	1920	True	101
920488bb-c284-4afc-b6ae-790266425b57	53c3af7712ee8220b2faed1a55a82eca	Ъ	8	34	1080	1920	True	73
72d41d70-ad64-4140-89b2-ba8eb2247b54	48bc83c415e12683f469d16027829654	Ъ	26	64	1920	1080	True	110
25acd0ac-f2ef-445d-8cd9-bcb99ab8e523	b6dbf3d8d6ed9fb9283b687910f6e829	Ъ	16	51	1920	1080	True	92
99b94e22-ccce-45c4-9811-f7ed5624d461	e4bd328bca8e6f51bd6f4f019692b666	Ъ	34	69	1440	1440	True	103
991545de-bc05-4a65-b2ad-fa162dee2aaa	6ca843830e5d2608f5d486f02e37dad9	Ъ	7	55	1920	1080	True	63
de31beb3-587b-4f6b-9b2d-3ff24b78476d	570c2405d58fe08bce66f55c42bc36b0	Ъ	23	56	1080	1920	True	93
48efea27-5d9a-4da5-be82-9d973247fd55	aa12bfdceb971561727e86d34aff35ac	Ъ	11	60	1920	1080	True	103
2ded036e-7ac6-4827-ad97-1c9a01984542	4b8f634baac82dd96142fa1220b79759	Ъ	26	61	1080	1920	True	99
a9536c58-3cd4-4c81-8074-5d86c206973c	c80b4e57f158f28299b2a89694c42329	Ъ	26	82	1920	1080	True	143
185e50ba-bc6e-4c5e-9e5e-a3ca8d71f051	3ef4548431002f9f8fd7f39987be22c1	Ъ	20	54	1920	1080	True	95
0a53c65e-6bc4-4ae2-9c2f-c93128c7eb95	f15c4e5b9dfe541cf7e6c05733b579e2	Ъ	10	86	1920	1080	True	87
52cb52dc-fd46-46c3-987b-ba454abb7264	55ac05bf18204955c640591070dd1118	Ъ	22	57	1920	1324	True	121
aa211a3e-1352-4db4-bb5d-a2c648274ca4	5cfa6de910fe7b0af5f422d0df9f06d5	Ъ	20	62	1920	1080	False	106
6e1da662-51ae-4d71-821d-7855b695185c	362b7038ed4bd4b527fce434f14d2aaf	Ъ	10	55	1920	1080	True	86
7ac7c1f7-a685-42e0-ad1e-50bc7c11f9af	86ec735f573ae6c36a9dbf9e5bfd4eaf	Ъ	44	84	1920	1080	True	161
adc36957-c67c-4d06-96d8-406d24dd0f5c	95d5ca4d8706b85bfe8447cc7e83c86a	Ъ	8	46	1920	822	False	95
8d79373a-2210-4161-9402-9a334904cc4b	138356c62cb9cd6168ec85fd31dbb1de	Ъ	19	72	1920	1080	True	101
04d049b0-31d1-4792-8611-7751e2ea7f5c	e97c55b450c4b2ae48a165e349f0f3eb	Ъ	49	86	1920	1080	True	147
0c79ae30-7986-459a-aabd-84531a3428cc	c2f39049d2c1d9527683ed47b4fb6ad7	Ъ	0	37	1920	1080	True	45
570ac390-9b08-4383-bc72-d22121d63033	b34ac47997680835ece485b13845fefd	Ъ	12	60	1920	1080	True	89
829986ea-89f0-4ade-96cb-7eda5de0583f	bd6e2ad7ab53ceb7b8de9a1842844071	Ъ	41	95	1920	1080	True	154
57e88e5f-0dd5-4b09-8a27-383c43c3360e	6753ca229e01b1c71053cb265fd93013	Ъ	27	75	1440	1080	True	105
69af924d-c13d-4bd6-8e59-38bec7945755	d01fdbbbd69ec8c4914397ba4abb899c	Ъ	33	93	1920	1080	True	168
3b3c2510-cada-48b1-9d0f-dd8b7cea8991	7faa41c4cf0a2602a23390de23574993	Ъ	27	77	1080	1920	True	173
7c72c196-e34d-4204-abaf-ef1ac08894e8	a8a635e6eaa8edb003c5a2b1cef789b5	Ъ	18	55	1440	1440	True	90
f38eef3d-7ec8-489c-8149-e449e165e07e	cba981340353ec309f352b09a3ada196	Ъ	27	67	1920	1080	True	153
1e2a683a-9ff4-4db4-bff1-287d65506711	ff169f3bbab458308b88188be3657125	Ъ	20	77	1920	1080	True	139
32cc6535-25b4-428c-b4cd-22750e36228e	adfe9c8ea85db4e65f36572669cbfed5	Ъ	6	49	1920	1080	True	105
51423ff2-aa81-4fee-9485-6b79dffd1e4d	3cf00ecfe200a3990d42c6464286d6fb	Ъ	16	62	1920	1080	True	102
386f5c547f0ff03f72fc42948252dd0f	27658	Ъ	54	101	1920	1080	False	130
88b5125655d9092cbebadc1c899c4f4a	29674	Ъ	6	47	1920	1080	True	59
9b99cb4b16c09ef11ad8f92f75d832a2	29804	Ъ	21	69	1920	1080	True	101
87b80181e7c9bbb469e34705178ba46e	21710	Ъ	15	71	1920	1080	False	122
641af0f9-4871-47dc-ac46-7687bb2739bf	9a0784a99ea13a8b06cb103c2c8c7f0f	Ы	17	80	1920	1080	True	81
81c2f22e-c54c-4a90-8f01-0708ff59edbd	ca6b767f0cccf093ba737ae2fc4fec3d	Ы	7	88	1920	1080	True	105
06000f55-6f8e-404b-a01c-a32f4a384590	185bd3a81d9d618518d10abebf0d17a8	Ы	29	99	1920	1080	False	135
a4ae7cc7-136e-4ab0-93ec-48fd14392320	1860c7f3605089bf0eff0c4e72c7add4	Ы	12	83	1440	1440	True	110
fb1acbb8-ae1d-4671-8b1e-c9543d9a717e	46dd04a1caa75ed3082b573cb5a3ad26	Ы	14	92	1920	1080	False	117
4ba0071f-a14e-40b1-89d7-fdbbf6ebadcb	fc6e5caa3dc328e7558b072e6607e399	Ы	20	70	1920	1080	False	84
4d122251-53f7-4ebe-b753-78d0059b83fc	95af8e702c909eee7145c6dc1a3d756b	Ы	0	47	1280	720	False	56
32af28bb-f118-4c0e-8449-5731d48f8517	a95892dae1d320bd8b08cbca6a127cd8	Ы	4	33	1080	1920	False	42
09392ee3-d864-4f25-8f55-d9997f9a5d28	db573f94204e56e0cf3fc2ea000e5bdc	Ы	18	71	1280	720	False	121
665e5a3e-b00a-464c-9769-135dade02dd4	0211b488644476dd0fec656ccb9b74fc	Ы	9	49	1920	1080	False	74
daa97a0a-eba2-4040-8422-d4ba8e5ff640	50334f2a79561498829a34a2c90984b1	Ы	41	105	1920	1080	False	191
6dc7691f-94d3-44ee-924c-bd0c5abfdbe5	2d84da20c251acaeb3186642fcb04f2e	Ы	23	81	1920	1080	False	113
b95c9d46-c555-4ecd-95b8-e525d9edc220	0ab4f8e463cdded2e59d6001f4e1b487	Ы	24	60	1080	1920	False	69
e0ce25ef-2c74-40b6-b581-f7bcf86c7589	9f9b13d8e63bd774b4ad1bd14f56147d	Ы	30	62	720	1280	False	97
7c7ba61e-daed-4c93-b74b-09aab52c7a27	13c4baf863bfb1aa4ac638650e508d3b	Ы	29	75	1080	1920	True	112
625ba4bb-11d4-4b65-b626-30c647255b2c	ba230d5b794c9a7350356eddd3e9929c	Ы	1	44	1920	960	True	45
a6995e90-d388-4230-90f6-8bffd3df356c	53c3af7712ee8220b2faed1a55a82eca	Ы	12	94	1920	1080	True	117
c6757935-aaaa-4961-8453-61e9db72398b	0041ec866777f12c384b64d8cd636277	Ы	19	58	1920	1080	False	100
47827246-6f58-45aa-9606-6f6ad535a957	b07a773bcb10b4f14f33d2b0e8ec58ba	Ы	17	47	720	1280	False	108
2a136fd8-6e29-4595-ae05-bb5b1ed14461	f5b82a9c82f6d870ec253e4c3fa96d83	Ы	9	47	1920	1080	False	87
18a93fd8-ae17-4f3a-abe2-0fa500c6a0cf	0df9d6e419cb18069e696edaa170ba87	Ы	8	52	1920	864	True	92
ac060f07-56ec-4ffb-bc15-a6991ac1bc4e	4299b8ccf39ace57287b463fbe4a489b	Ы	18	41	1920	960	True	85
b222f6d0-7d14-43c0-a919-b3b31b3c3c0e	12c7911f38c7113ce13c71dbd785ce22	Ы	25	55	1920	1080	True	107
ee41b5c0-1104-4bec-869e-4b09405e442e	f2dc6eab563f93d86629c1cfe479f09d	Ы	17	50	1440	1440	True	68
d8f0fdeb-9fed-4cb1-9e19-eeacbf51b05c	4d26ad833542291c50de9ce88fb4f64a	Ы	13	75	1920	1080	False	125
ebb9c32f-118c-4729-96c9-8e4fe2a4c1c1	3dd2ce2659aada17b976390004ebe322	Ы	0	41	1920	886	True	71
fc1de5bf-f710-4381-8ce2-f23c3ed60098	68f27043789bb049757486b0ed1cbaab	Ы	60	99	720	1280	True	100
8dc1b655-c2fb-4f9c-b1c6-4cca1e94eb2d	b4e852a75cacf8642412dfc05e2126a3	Ы	23	106	1920	1080	True	151
39626dc0-568d-4d2f-9171-764e36c73ffc	324cdee3d2550397efb761d8fff48139	Ы	1	32	1920	1080	True	62
1ada978c-b064-4d1f-bf18-66b7897eb41a	feea6c22175f962ab28452f7314d1bc0	Ы	20	82	720	1280	True	101
cbf71758-20c7-44f8-8cda-663656b09144	abd669cafd4f2078708e1cb1846e1bd6	Ы	41	127	1920	1080	True	161
e8e2bc6d-2cf9-46ef-a9ee-45399e57b5f9	6fefb7617d77222efd121f4a2d6a79d6	Ы	32	114	720	1280	True	188
265c8b01-4e24-42bd-baa8-9974d5b20188	fb1007e5ffe149cc08bccaf8eda2ce31	Ы	28	73	1280	720	True	133
f4ad875d-f360-4024-aed0-b04fce387ecc	ab460ff83e8c5b13a705a9e2081023c2	Ы	0	37	1920	880	True	60
de47ad76-34cc-4e3a-a32c-7b278e3a839b	81c0cdc37caa67e7ddf8e06c0a4443c8	Ы	40	97	1920	880	True	149
168c5a49-0ce3-47bf-9bbc-86776ede2b7c	52003757d6b63a3ee7a71f36f5a9a17b	Ы	0	49	1920	1080	True	82
2fb9c341-abc8-4879-aadd-9a982ea153ba	2d5120991a63d659f0eef6123f092100	Ы	19	48	1920	1080	True	110
b8a8c4f3-b8b6-478f-ba38-13b76ce30490	76aa633fcb2bec4e6b0852635a8af57c	Ы	4	54	1920	1080	True	89
c1f41903-df8a-43f9-9745-905316b8cc60	c05c242d2524d1de48c68f1667cd7b6b	Ы	0	67	1920	1080	True	93
5ea4367f-d133-4c95-b9dc-98dfcb0a73fc	0ceb69ca37aa3e44528c7ce03c329479	Ы	39	68	1920	1080	True	128
244d1f7d-65c4-4bb0-b2dd-43e408aa9aea	a8dc3ffc818b23319cea1757602ad8e8	Ы	6	37	1280	720	True	75
97a3b14a-45e6-4263-b8b5-446f0ec7c60f	08b8fc47e7a869751c13f64a922e6c15	Ы	45	219	1920	1080	True	298
937cb63d-8ca8-47a5-9396-2471e12bdd69	63db05b188249dbd9ce7cc98fe205e1f	Ы	58	103	1920	1080	True	196
0f2be6b1-9a09-41c2-b17a-c25ee46e7891	0c3d5473fba13210722e53374b736416	Ы	1	43	1920	1080	True	72
3490fb69-8461-4833-86e0-9f18e9d441d4	27032346b8d1e263473c0451843a8a6a	Ы	9	35	1920	1080	True	74
bf70a7b2-6f85-4e40-ab2e-3fcde9afc708	32f4bb8542738fa1980831515d2949ea	Ы	10	57	1920	1080	True	91
59a5cffd-02e1-457a-bb43-f3fbfc91b752	a85134b72f825ac9569e44e9ae53b128	Ы	20	60	1920	1080	True	68
4de6ea40-01b5-4015-ad47-465659161690	8c34c33a92e42220b2e080bdb388d532	Ы	14	45	1920	1080	True	69
3256ff2c-beb8-4a3e-b4d8-f3110adbab76	362b7038ed4bd4b527fce434f14d2aaf	Ы	17	58	1920	1080	True	92
065606cf-770b-48e7-a21a-2e135cb686f1	b6bc47e76a066769495f3a22455713b5	Ы	3	30	1280	720	True	85
4d4d6d5d-5466-4253-87c0-2b0f4fb38126	6520ea9b92b24339fb538be29b315e0b	Ы	5	44	1920	1080	True	79
20bda80a-bbe9-480d-b7ab-2193fa431cd5	911876c4ffc0dd4cf21f61ea1acf5a0b	Ы	40	81	1920	880	True	124
58e5f430-5f5e-40e5-9965-7223304dccb2	1cdaed3814fe5a4bfa9baa5d3f94ecc4	Ы	19	50	1080	1920	False	103
e2883b9e-cacc-40b2-a816-7dff23a18982	bd4e2755d88d8d835a07df3c78cdfc3c	Ы	11	47	1920	1080	True	83
46316aba-2227-417e-ae6a-aeac8472b1e7	c8f885a4da648650dbecffbb38258989	Ы	16	45	1920	1080	True	92
9137655d-40d6-4401-9522-ef34382a4880	f3cf3f9bb709ce2bee3da304a4ccb427	Ы	53	94	1920	1080	True	165
46ba6bdb-dbaf-4e7a-b23a-c94000ff87d2	0c954cec2fd8884fff2ceeb41bd1b89d	Ы	11	51	1440	1440	True	86
3e93e4dd-4594-46d7-a0f3-f87549f2e2bf	e9df86cd8713f2fa9f2077a2197c7136	Ы	23	148	1920	1080	True	199
94021a72-14a6-4638-934f-2f0e9f7b4860	d5a3d6c977e8ce1cd3a4eac0908d4d7d	Ы	12	51	1920	1080	True	90
0c76ac3a-a9cb-42cc-853f-a1c25c870938	b6dbf3d8d6ed9fb9283b687910f6e829	Ы	12	44	1920	1080	True	81
b4d2c82a-0c25-46ef-9de6-bb1b3f6860ae	e97c55b450c4b2ae48a165e349f0f3eb	Ы	78	126	1920	1080	True	179
841c5529-2e6a-4085-88ba-ea5020a2b319	2916c8f459bac1870fe3897d0340b148	Ы	51	98	720	1280	True	185
d0746983-0ac9-4916-8f0d-d7837c699790	138356c62cb9cd6168ec85fd31dbb1de	Ы	16	69	1920	1080	True	94
dfdefeb8-e2e4-4b38-a8cd-af7235d93f4d	5157e3a35e682f9dfdf638bc6b73a319	Ы	9	51	720	1280	True	76
6352db2c-ad61-4b93-86ce-a9a204b8b1d1	aa12bfdceb971561727e86d34aff35ac	Ы	6	64	1920	1080	True	94
85dca501-91c2-489e-ac93-e7c8aa8ad999	28f7e6734615f41bc0366dee5c563f09	Ы	28	92	720	1280	True	116
4dc8d8e5a7d331b0f330acb017e9dd2f	29479	Ы	28	74	1920	1080	True	113
9a0372b943ac0c07a83a17f3280f6b0b	27901	Ы	21	76	1920	1080	True	121
d80121f7b4f44bc54ea66e91e007924a	29585	Ы	8	49	1920	1080	True	87
367fb9f18e8599211896c0fdff792780	28593	Ы	21	66	1280	720	True	104
2d0e54f3173ecb7398034424efd952be	30009	Ы	64	102	1280	720	True	177
ef07256dea0646fdc1bb21257b749ae1	29970	Ы	1	43	1920	1080	True	80
53b798ae8410091f2569dd2b693c507f	27658	Ы	77	129	1920	1080	False	172
521f264a42bd069ea84b59695e8796e5	27399	Ы	16	91	1920	1080	True	141
b7e75688e01304c36eb92af3ec290422	29673	Ы	45	98	1920	1080	True	180
48d1058c8a3e06229964f33b1cdce6bd	21759	Ы	22	63	1920	1080	True	116
e58240cfdcd7a5d5aef59c19caad0647	29283	Ы	27	72	1280	720	True	99
2ca52a3a12bfe036d73500d019da8e5c	29229	Ы	45	105	1920	1080	True	185
8b0254be791dfcc766bf2e6449f7244a	29318	Ы	46	96	1280	720	True	139
98b43f8fa1019ba3b152972d1cf99c7c	29898	Ы	26	71	720	960	True	95
d8a826fc85d0f8b02530ffaf244321ba	29751	Ы	8	50	1920	1080	True	89
ec2f91f7375dbeeff6a1ed359451c787	23309	Ы	16	51	1280	720	True	69
07097e8925c7a181f3e70d4119d0e436	27086	Ы	29	72	1920	1080	True	118
15f855437e7cc6b7573d55880e28c8b2	22109	Ы	35	89	1280	720	True	98
0716853ce760cf50584913bd300eb225	13790	Ы	37	87	720	1280	True	97
56f9daa64d7fda5214f0d2aa20a1c7d7	29762	Ы	12	59	1280	720	True	108
15022003da6642fbd7692850de8abce9	21271	Ы	58	126	1280	720	True	161
ba3e5a83-c757-4538-93fe-ab35428486c6	efc86825b9a40bcdcc9b54ab81aab3fe	Ы	11	56	1920	1080	True	63
264bfdc6-6d9a-40bb-b687-8fe73eb7c120	40ad51b49892dca94b905eca8926568a	Ы	8	78	1920	1080	True	113
e6603c46-a4ab-4c5c-8158-16cdf1c2f52e	4aef7889ad6cd118ce4dab1e3b998a01	Ы	5	40	1920	1080	True	76
df22ee33-dda7-4c6d-b073-bf1bbecba403	49b45af05ac6192685bee4e29cdf1e48	Ы	24	60	1080	1920	True	90
fe5e51e8-3541-444d-9779-25a4265e911b	194612f32f5297e4699c2c0beb9b336a	Ы	38	79	1920	1080	True	113
35d222ab-44b7-4b16-9705-b8e21207abfd	48bc83c415e12683f469d16027829654	Ы	13	56	1920	1080	True	102
7db9be27-71f7-40b2-9cd7-c9261b9c9825	e4bd328bca8e6f51bd6f4f019692b666	Ы	43	78	1440	1440	True	109
0956dbf1-e1e2-4c06-a40b-3f2802eae580	33b317c5a26046cafcd795a2fe4e919e	Ы	18	50	1080	1920	True	81
6f0ebef8-a08f-4881-ab11-7d5c4910c1e6	570c2405d58fe08bce66f55c42bc36b0	Ы	21	69	1080	1920	True	120
c9b72875-b93c-45b2-affd-ade575ac07e1	3018b64d2c938f5b6a0826dfdf486f2c	Ы	21	60	1920	1080	True	105
29ff3d45-fc69-4f75-ace8-c634802c6993	3cf00ecfe200a3990d42c6464286d6fb	Ы	39	84	1920	1080	True	127
2f5d47c5-532a-42b9-8078-3defbf31f958	4b8f634baac82dd96142fa1220b79759	Ы	21	50	1920	1080	True	78
42308dbb-a73a-4cf4-856f-a6b74fd74cd9	d6349cdcc76fc803d1a544fe2c18f298	Ы	37	89	1920	1080	True	149
15348e28-83f7-494e-9b9f-29cd1ccd6f9b	04af3ba065bb7423e0685ebe180751c1	Ы	32	71	1920	1440	True	83
0f310d94-3b92-4ec1-9ed6-877b7f9ec04a	3ef4548431002f9f8fd7f39987be22c1	Ы	22	54	1920	1080	True	95
c7e24178-5826-403d-84ae-48df5e732e82	55ac05bf18204955c640591070dd1118	Ы	25	57	1920	1162	True	103
afcf43a8-8d8f-43ea-8d04-34aaa7c2cda5	5cfa6de910fe7b0af5f422d0df9f06d5	Ы	23	65	1920	1080	False	110
28840703-6554-442e-8df8-1530246fc320	7c0fb4e90495815f55cb0deb35cbc95e	Ы	19	50	1920	1080	True	98
4c8747fc-73c3-468b-884f-f162fe5fa33f	95d5ca4d8706b85bfe8447cc7e83c86a	Ы	3	46	1920	822	False	87
40b1ceb7-d3e8-44eb-a6bf-3f509644ed96	86ec735f573ae6c36a9dbf9e5bfd4eaf	Ы	44	89	1920	1080	True	168
b3d8b152-9f52-44a4-870d-d1a573d094b9	c2f39049d2c1d9527683ed47b4fb6ad7	Ы	10	44	1920	1080	True	49
ab1ad37e-5140-4e47-aa9a-e324df0a2e55	0f7aee11724db9ef1f9df422f7443e28	Ы	51	98	1920	1080	True	132
d2a6d4ab-81b9-4f45-935f-082f1be8fe1a	b34ac47997680835ece485b13845fefd	Ы	6	50	1920	1080	True	81
3a6b0339-5d0a-4dbf-9110-76df42b76118	bd6e2ad7ab53ceb7b8de9a1842844071	Ы	31	72	1920	1080	True	126
740da23b-556c-4ea3-bd0e-29f0568c7942	7c989fdb633be7453228f7c650097205	Ы	16	57	1920	1080	True	77
fe9e1bfd-d5db-4f0c-8774-8502b231732b	420e55e9cc86ffe6ca183d41d80ee67c	Ы	29	69	1686	1080	True	80
c3f70ad9-a7b8-4151-a9fd-a00e56e11ba6	83624345fa124849e833a8664f21f3ea	Ы	20	71	1920	1080	True	99
e01d7347-2d94-4d25-a9c8-c6a8b8b7c75a	6753ca229e01b1c71053cb265fd93013	Ы	30	77	1440	1080	True	104
ae515df2-6598-41eb-881f-a30e975c2eda	7faa41c4cf0a2602a23390de23574993	Ы	73	129	1080	1920	True	189
b18b5d0c-40fc-45a6-8f3e-f93013172e3f	a8a635e6eaa8edb003c5a2b1cef789b5	Ы	22	55	1440	1440	True	94
5527a1ea-e225-40d7-a6a1-b57afce941c3	ff169f3bbab458308b88188be3657125	Ы	7	53	1920	1080	True	120
9f8b3120-1731-4169-a201-931a392213aa	adfe9c8ea85db4e65f36572669cbfed5	Ы	12	52	1920	1080	True	100
5e7272577472e3ff165dc4739691ee21	29674	Ы	15	55	1920	1080	True	71
5fbfa9789027d13aecea4ee37ba3a5c8	21710	Ы	18	66	1920	1080	False	111
63e80a5b-b194-4274-9add-f79749617b39	185bd3a81d9d618518d10abebf0d17a8	Ь	37	114	1920	1080	False	163
d7308d68-fbc3-4d06-9565-09dea2650c25	9a0784a99ea13a8b06cb103c2c8c7f0f	Ь	7	52	1920	1080	True	62
9766e377-f170-4126-82c1-0e83dc4966e1	46dd04a1caa75ed3082b573cb5a3ad26	Ь	7	44	1920	1080	False	88
8f24055b-96ff-44f2-9354-9b8bcf91ba64	ca6b767f0cccf093ba737ae2fc4fec3d	Ь	12	52	1920	1080	True	53
811f5fd6-fa60-4b18-880c-03f1c98d62c9	1860c7f3605089bf0eff0c4e72c7add4	Ь	3	49	1440	1440	True	83
88f7cad7-06d3-4a78-a043-993481f7bd97	95af8e702c909eee7145c6dc1a3d756b	Ь	0	43	1280	720	False	63
5823695f-901d-4958-8f61-7434acddd406	db573f94204e56e0cf3fc2ea000e5bdc	Ь	5	66	1280	720	False	116
d6710437-6dae-4bf3-8ae7-4d8782d504ba	fc6e5caa3dc328e7558b072e6607e399	Ь	12	45	1920	1080	False	97
328ffb9e-013c-4005-913b-77bae13f8141	a95892dae1d320bd8b08cbca6a127cd8	Ь	6	39	1080	1920	False	58
75c14dad-88ba-4e71-868b-2dff1095f19a	0211b488644476dd0fec656ccb9b74fc	Ь	20	64	1920	1080	False	110
543f242c-bbbc-4dcc-82e9-07d85dd275f3	d2b4042ec6d8505a41b809e64d5adb7c	Ь	22	48	1920	1080	True	72
a741fec3-ad8d-4e5b-b3fa-fecaaa504c36	0ab4f8e463cdded2e59d6001f4e1b487	Ь	29	74	1080	1920	False	96
62a288d9-b94b-4891-9637-8fa04452264d	9f9b13d8e63bd774b4ad1bd14f56147d	Ь	7	46	720	1280	False	84
3e2895c9-3bdd-4006-ae88-1f96a62ea8d9	2d84da20c251acaeb3186642fcb04f2e	Ь	23	56	1920	1080	False	100
24601a7d-a028-44af-b3fd-a479f8184f6e	13c4baf863bfb1aa4ac638650e508d3b	Ь	18	51	1080	1920	True	87
3b9460a9-9eb0-4087-ba20-85c07f0a2967	53c3af7712ee8220b2faed1a55a82eca	Ь	23	59	1920	1080	True	91
70398b4e-8204-4f1e-bac9-37c69ab4950f	0041ec866777f12c384b64d8cd636277	Ь	11	48	1920	1080	False	82
e9e566e5-5e9e-4a6c-97d7-2fb5e3e252a6	b07a773bcb10b4f14f33d2b0e8ec58ba	Ь	50	100	720	1280	False	144
7f2a4c27-8a02-499a-9a74-1a6522a454c9	f5b82a9c82f6d870ec253e4c3fa96d83	Ь	6	62	1920	1080	False	107
aa12a980-f1dd-412f-ba0f-b86e34e5ce84	50334f2a79561498829a34a2c90984b1	Ь	45	112	1920	1080	False	211
91b5201e-0d95-44a5-b71f-d39513d42f15	0df9d6e419cb18069e696edaa170ba87	Ь	33	75	1920	864	True	151
42ec226b-1ce5-4cac-98d4-4eb6c0df72f4	12c7911f38c7113ce13c71dbd785ce22	Ь	2	31	1920	1080	True	63
ee7350ae-931c-4911-b4ea-5aae1c757675	4d26ad833542291c50de9ce88fb4f64a	Ь	11	63	1920	1080	False	132
38861073-425e-4676-8be0-fc3e7e0ced43	63db05b188249dbd9ce7cc98fe205e1f	Ь	50	99	1920	1080	True	176
64e27d59-65ba-45d4-acb7-18fc9442e79c	0ceb69ca37aa3e44528c7ce03c329479	Ь	32	69	1920	1080	True	136
18ee3e40-fb78-4aac-8220-49eec7aba9d0	b4e852a75cacf8642412dfc05e2126a3	Ь	9	53	1920	1080	True	79
0f0f7f48-1b8d-4821-a58a-c65d6ee69717	52003757d6b63a3ee7a71f36f5a9a17b	Ь	1	50	1920	1080	True	81
4eabdc55-58fe-49f1-ae10-e4beb12bd3f0	76aa633fcb2bec4e6b0852635a8af57c	Ь	5	66	1920	1080	True	102
c003b4e7-965c-4d6d-a9f5-4db09bcdcf2a	ab460ff83e8c5b13a705a9e2081023c2	Ь	0	42	1920	880	True	80
d87774fc-6a42-4518-bf21-0082809d6a65	aa12bfdceb971561727e86d34aff35ac	Ь	42	73	1920	1080	True	114
d2bc8777-9661-4fca-8356-f653d2f79e6e	3ef4548431002f9f8fd7f39987be22c1	Ь	18	64	1920	1080	True	110
e0b8eca0-8c63-4ed7-b14b-2d86528706de	fb1007e5ffe149cc08bccaf8eda2ce31	Ь	13	55	1280	720	True	142
82424569-c719-43c7-98d9-40ff6a35ee61	40ad51b49892dca94b905eca8926568a	Ь	9	88	1920	1080	True	128
6e510881-b134-4fb6-b63d-28da34e08d38	324cdee3d2550397efb761d8fff48139	Ь	6	62	1920	1080	True	92
7df3d389-e225-4f2e-8c75-20b86f6a3859	4aef7889ad6cd118ce4dab1e3b998a01	Ь	9	49	1920	1080	True	84
ca489959-74d7-48c0-9944-999c61254184	f2dc6eab563f93d86629c1cfe479f09d	Ь	23	55	1440	1440	True	87
d09cd9a3-66b4-4e3a-9acc-c6e95bb9b656	3cf00ecfe200a3990d42c6464286d6fb	Ь	41	89	1920	1080	True	129
5f634a31-16e3-45fc-96f8-2b86e839a0f6	33b317c5a26046cafcd795a2fe4e919e	Ь	19	56	1080	1920	True	105
c1988f3c-37ee-423b-9a25-d96c735177d9	55ac05bf18204955c640591070dd1118	Ь	30	74	1920	1080	True	116
3767ee91-bd15-4a4b-b6a1-d000971a96ac	7c989fdb633be7453228f7c650097205	Ь	28	58	1920	1080	True	78
10889120-9bb4-446b-b41c-b6a12ac1e129	32f4bb8542738fa1980831515d2949ea	Ь	11	59	1920	1080	True	94
62af82ff-8df8-4513-a903-ea541b89eddd	27032346b8d1e263473c0451843a8a6a	Ь	16	87	1080	1920	True	104
c35298ef-19f1-4f34-92b0-46ac7883a6e4	23f5ca29e3183e356572642263a836ac	Ь	2	63	720	1280	True	65
28574495-2788-4f74-a233-febdb9b84a2d	bd4e2755d88d8d835a07df3c78cdfc3c	Ь	6	47	1920	1080	True	83
79bfe313-a329-4019-8dfe-faba200f4074	362b7038ed4bd4b527fce434f14d2aaf	Ь	19	63	1920	1080	True	102
f51c7631-9421-48f5-8421-7303c6be8334	b6bc47e76a066769495f3a22455713b5	Ь	17	63	1280	720	True	83
97493e8c-989f-48d2-9f9e-9caf9cc899ad	6520ea9b92b24339fb538be29b315e0b	Ь	12	70	1920	1080	True	98
d5ff3b61-9d3f-4702-94d5-1549670a1377	0f7aee11724db9ef1f9df422f7443e28	Ь	23	59	1920	1080	True	86
8b61b40d-6c5b-4eb7-aa62-245979af22f9	e9df86cd8713f2fa9f2077a2197c7136	Ь	26	111	1920	1080	True	165
0c864f3e-b675-432e-bfac-b61d8f19906c	a8dc3ffc818b23319cea1757602ad8e8	Ь	4	45	1280	720	True	82
a05c46bd-3067-4774-a4af-4ecfce2bdf10	1cdaed3814fe5a4bfa9baa5d3f94ecc4	Ь	50	98	1920	1080	False	143
5bf359e6-c54b-46a0-a3b5-de8e30d092a6	d5a3d6c977e8ce1cd3a4eac0908d4d7d	Ь	14	64	1920	1080	True	107
ec649451-3b6f-4800-a84c-e5f4d0c6b913	95d5ca4d8706b85bfe8447cc7e83c86a	Ь	37	125	1920	1080	False	187
0d9cd5af-012a-40b3-ac0f-c96d3f2aecf2	0c3d5473fba13210722e53374b736416	Ь	29	69	1920	1080	True	116
6a021370-fd51-45ce-8508-1e27c9fcb748	138356c62cb9cd6168ec85fd31dbb1de	Ь	26	79	1920	1080	True	120
8a99926a-417a-47cf-87a2-9ee316e48b4a	8c34c33a92e42220b2e080bdb388d532	Ь	7	38	1920	822	True	80
58225c43-810d-4300-8f87-e89f919adac9	a85134b72f825ac9569e44e9ae53b128	Ь	26	67	1920	1080	True	108
a5a9fa61-aeb6-4005-8a9e-9c86226a3c73	abd669cafd4f2078708e1cb1846e1bd6	Ь	53	96	1920	1080	True	161
a18045f37565723a410ecc5c28fcf5c8	27901	Ь	40	110	1920	1080	True	156
d07c2c3efe944a170c85947666dcf014	28593	Ь	39	94	1280	720	True	121
63af80eeebe857b803388aa902156701	30009	Ь	54	112	1280	720	True	172
92b0ecbea063058736caae7adf9e6a2f	29283	Ь	54	110	1280	720	True	170
ebb1c3d82218ceb817a4ccd79c81dc44	23309	Ь	35	77	1280	720	True	126
d1410dff404a159d36c5e9aea18700ba	27658	Ь	4	71	1920	1080	False	74
782bff6fdc0cf890d9aeaa55c7e46de9	30057	Ь	17	66	1920	1080	True	95
bb050939f51e6ba391150a31746191a9	21759	Ь	31	75	1920	1080	True	126
0865ae880d78003dcfe9d29c1f93bd50	29318	Ь	44	95	1280	720	True	152
52a5b877eb211b7dd83f98638a11e322	21288	Ь	0	59	1280	720	True	62
71f3637dc62bd019fa1f5837b0e8bca8	29673	Ь	44	124	1920	1080	True	209
bdc903d76700346ac339b9f27bc50b09	27086	Ь	27	65	1920	1080	True	120
cfe76e9c6b24d7567cbfa6e9aaa29777	27399	Ь	11	51	1920	1080	True	74
85272527-cffc-43f8-80c3-baf3ac82d93d	efc86825b9a40bcdcc9b54ab81aab3fe	Ь	18	81	1920	1080	True	110
12853ffb-3d3a-44ec-9cab-1db29fbc9e48	2d5120991a63d659f0eef6123f092100	Ь	20	63	1920	1080	True	97
5280d0e9-92d9-4b67-9d0a-1dc035a8020a	49b45af05ac6192685bee4e29cdf1e48	Ь	15	59	1080	1920	True	103
2ce70826-4e42-4b24-86e0-9dd14f7cf45b	7faa41c4cf0a2602a23390de23574993	Ь	41	87	1080	1920	True	126
d8abff0c-be53-406d-91e8-69c7ed423118	48bc83c415e12683f469d16027829654	Ь	22	64	1920	1080	True	117
f83a93a2-ec56-4cd1-b9b0-b42dc2a6fa9c	b6dbf3d8d6ed9fb9283b687910f6e829	Ь	12	55	1920	1080	True	94
8c07c1b5-037c-43cf-99c7-456b2cea6d80	e4bd328bca8e6f51bd6f4f019692b666	Ь	51	89	1440	1440	True	118
6691255d-eade-425c-b53d-2ec5b11d833f	6ca843830e5d2608f5d486f02e37dad9	Ь	17	55	1920	1080	True	70
81998e3f-6f22-493c-8b48-2b80613a40ad	570c2405d58fe08bce66f55c42bc36b0	Ь	13	62	1080	1920	True	93
292301a4-9a8f-4a8c-a26e-007d1c0560d8	04af3ba065bb7423e0685ebe180751c1	Ь	29	76	1920	1440	True	93
9a76f1c2-2502-428d-9a79-5c2f6c87530a	3018b64d2c938f5b6a0826dfdf486f2c	Ь	18	61	1920	1080	True	110
afee6ec6-a055-4af4-99c6-1389cec9d609	c80b4e57f158f28299b2a89694c42329	Ь	30	67	1920	1080	True	156
2448f2ea-a3ca-401a-b5c3-89137c8517d9	83624345fa124849e833a8664f21f3ea	Ь	21	69	1920	1080	True	108
b46f2094-f018-4e04-98ba-750e652cd783	5cfa6de910fe7b0af5f422d0df9f06d5	Ь	20	70	1920	1080	False	113
c0892cd5-e4c7-4f5b-978a-a0a787392ce5	7c0fb4e90495815f55cb0deb35cbc95e	Ь	6	45	1920	1080	True	84
8d35d8b3-0f71-4666-aa01-9b6b2d2e28b3	f3cf3f9bb709ce2bee3da304a4ccb427	Ь	31	61	1920	1080	True	160
db89fb3d-9008-40c0-91fb-c8cf088a9a61	86ec735f573ae6c36a9dbf9e5bfd4eaf	Ь	53	77	1920	1080	True	136
5a60790e-d1b1-432c-a2b6-bb5ddf4a7ec7	b34ac47997680835ece485b13845fefd	Ь	24	69	1920	1080	True	99
8ff46b64-59fe-41a7-9be7-b8285d1217c2	ff169f3bbab458308b88188be3657125	Ь	9	70	1920	1080	True	132
cc5adca1-a385-4115-82e5-fd1ed497cde2	bd6e2ad7ab53ceb7b8de9a1842844071	Ь	38	85	1920	1080	True	144
10d35011-f42b-492e-a40b-93bb71bc52b9	b56726d7b447d88e526f7da2e9e0e520	Ь	32	90	1920	1080	True	128
b7548cf8-1d10-40c3-9986-48566fe24af2	420e55e9cc86ffe6ca183d41d80ee67c	Ь	0	47	1920	1080	True	76
d35ef67f-d76a-414a-9fff-d38542844364	6753ca229e01b1c71053cb265fd93013	Ь	32	97	1440	1080	True	125
96f1b847-31bd-4d81-b19a-3f187ab6aabe	a8a635e6eaa8edb003c5a2b1cef789b5	Ь	25	64	1440	1440	True	109
53a67450-80a5-4bcb-bc90-715ed33488ef	adfe9c8ea85db4e65f36572669cbfed5	Ь	8	59	1920	1080	True	105
ec8ae33a-04ef-4012-9593-81d947c6d2e4	0089d92a5ca862773a296198e7eb7856	Ь	31	69	1920	1080	True	103
1216a92c0d7e16e30ecb022b9c4678c5	29970	Ь	0	34	1920	1080	True	79
eabd9ab85f47f14afdcb7d3fe7841155	29674	Ь	5	42	1920	1080	True	53
f5b144f06193ee3160592b909f536b61	21710	Ь	14	75	1920	1080	False	116
ed6b619b-0361-448b-82af-22222305478e	a95892dae1d320bd8b08cbca6a127cd8	Э	22	50	1080	1920	False	71
cdfcf0c0-d524-49fd-a54e-4264e0284a5b	9a0784a99ea13a8b06cb103c2c8c7f0f	Э	24	102	1920	1080	True	103
bbea6c89-d836-4d29-96f3-43b5ed04799b	185bd3a81d9d618518d10abebf0d17a8	Э	23	102	1920	1080	False	132
d48a9649-974b-4185-bff1-368b4dacd89f	46dd04a1caa75ed3082b573cb5a3ad26	Э	15	58	1920	1080	False	93
55549a3a-5db5-4711-88ea-ab677ce51dd9	ca6b767f0cccf093ba737ae2fc4fec3d	Э	24	65	1920	1080	True	66
4b8a1549-77de-4c34-aacc-ce7f2dad4dd4	95af8e702c909eee7145c6dc1a3d756b	Э	18	69	1280	720	False	85
cc4705c0-d5d3-4f11-ac33-84f2cea61bb4	1860c7f3605089bf0eff0c4e72c7add4	Э	28	101	1440	1440	True	114
3460235b-139b-42cd-905e-7c95c5fd50d4	db573f94204e56e0cf3fc2ea000e5bdc	Э	0	49	1280	720	False	94
49479bea-19fd-48bd-9500-2e9b5a09f404	fc6e5caa3dc328e7558b072e6607e399	Э	11	50	1920	1080	False	65
fc06a733-fce4-4cc1-9a10-4d98fe025fd9	0211b488644476dd0fec656ccb9b74fc	Э	9	51	1920	1080	False	78
157097bd-5cec-4aee-9ce2-9d0005ddf689	50334f2a79561498829a34a2c90984b1	Э	27	92	1920	1080	False	169
09dc3d81-be0c-4125-bbc7-fe1635c68222	2d84da20c251acaeb3186642fcb04f2e	Э	12	48	1920	1080	False	85
4531711e-91a2-4de3-b298-cb6e9973fea5	0ab4f8e463cdded2e59d6001f4e1b487	Э	12	55	1080	1920	False	76
8de2843a-5ebe-4e7b-ae16-a4a2ad2bb112	9f9b13d8e63bd774b4ad1bd14f56147d	Э	6	41	720	1280	False	68
a91f13ad-d7a2-499a-9b3c-351e829e8299	0041ec866777f12c384b64d8cd636277	Э	21	68	1920	1080	False	98
19fb9623-adda-492b-ba03-98fa835fac40	b07a773bcb10b4f14f33d2b0e8ec58ba	Э	8	100	720	1280	False	137
ba9b77a7-c398-4f1d-8aa0-69fd4ad59fdd	f5b82a9c82f6d870ec253e4c3fa96d83	Э	16	62	1920	1080	False	111
4a68b488-3dc8-4f5f-8455-248e65b4b477	4299b8ccf39ace57287b463fbe4a489b	Э	23	45	1920	960	True	82
4370fcdb-cd90-4599-8b2d-ea9613dfb99e	0df9d6e419cb18069e696edaa170ba87	Э	16	100	1920	864	True	170
f2d02c3c-bcfb-495e-96f8-b7c517d77970	f2dc6eab563f93d86629c1cfe479f09d	Э	21	50	1440	1440	True	77
381f43c1-726b-4f27-a99a-13fe2ad2962e	4d26ad833542291c50de9ce88fb4f64a	Э	16	65	1920	1080	False	139
f8c3406f-479a-4fc1-a087-fc87b948d6ac	87fe0712fdd150ecc8d02cbbb2e047d6	Э	19	95	1280	720	True	96
8120e1ca-f35b-4f89-babe-de36b8d85a12	68f27043789bb049757486b0ed1cbaab	Э	60	105	720	1280	True	135
05a95ce7-7a61-4ea9-b155-ea0469798974	76aa633fcb2bec4e6b0852635a8af57c	Э	14	56	1920	1080	True	94
c06c4d2b-e37d-4e88-b222-0c8cf74d20dd	b4e852a75cacf8642412dfc05e2126a3	Э	16	68	1920	1080	True	111
c75b7ee7-e8f7-41e7-ac33-dd66a393dae3	08b8fc47e7a869751c13f64a922e6c15	Э	40	125	1920	1080	True	178
ba2c5ef4-fc20-462f-8c84-84642b883a51	ab460ff83e8c5b13a705a9e2081023c2	Э	26	94	1920	880	True	230
2f67892c-e835-4629-b536-eb0536adfa3d	abd669cafd4f2078708e1cb1846e1bd6	Э	32	123	1920	1080	True	186
0796883c-60f0-49e7-a2da-667febc8151c	324cdee3d2550397efb761d8fff48139	Э	16	94	1920	1080	True	134
5d4163c4-d535-4a6d-bef1-32483487597e	feea6c22175f962ab28452f7314d1bc0	Э	17	51	720	1280	True	98
f63d9564-b89f-42b5-ad79-0368a0919c41	a8dc3ffc818b23319cea1757602ad8e8	Э	20	57	1280	720	True	95
8de087b6-8cc6-42fa-918b-0967e69664fa	52003757d6b63a3ee7a71f36f5a9a17b	Э	8	63	1920	1080	True	90
4f5b7750-0303-4bf5-bc12-ffd0ce627633	e97c55b450c4b2ae48a165e349f0f3eb	Э	64	116	1920	1080	True	176
e608f612-bad5-4939-a3d8-c3ffe73c613a	33b317c5a26046cafcd795a2fe4e919e	Э	36	69	1080	1920	True	120
9ae340e1-07e0-4f35-ab81-f32c0a606e06	0ceb69ca37aa3e44528c7ce03c329479	Э	47	90	1920	1080	True	159
99a2a19f-22c6-42df-a13f-a3eadf5d4a9f	0c3d5473fba13210722e53374b736416	Э	10	49	1280	720	True	82
75a4aa91-3d85-47d4-a9a8-1b1a210d1546	efc86825b9a40bcdcc9b54ab81aab3fe	Э	8	52	1920	1080	True	61
cd359e5d-273d-4404-973a-3bc12626e261	aa12bfdceb971561727e86d34aff35ac	Э	45	101	1920	1080	True	161
d00e49da-3823-49df-a38a-f99e5eab4a14	48bc83c415e12683f469d16027829654	Э	30	77	1920	1080	True	126
5c35b1e4-8ddd-4842-96a6-995c8a6317e4	32f4bb8542738fa1980831515d2949ea	Э	9	64	1920	1080	True	99
b7a726a3-78aa-4ffd-8e89-eace8fa02b6e	27032346b8d1e263473c0451843a8a6a	Э	21	74	1080	1920	True	100
f3e0489b-9a70-499c-9d4a-5f9efd55c161	a85134b72f825ac9569e44e9ae53b128	Э	23	77	1080	1920	True	124
3143166b-3112-42cf-9a39-c6e5d52636f7	8c34c33a92e42220b2e080bdb388d532	Э	15	49	1920	1080	True	86
da70d1c6-96bf-4ce7-9a04-520f3259ce81	362b7038ed4bd4b527fce434f14d2aaf	Э	24	58	1920	1080	True	95
f7c787a0-9ad8-4f04-a687-cb15c690ce17	0f7aee11724db9ef1f9df422f7443e28	Э	40	80	1920	1080	True	130
9f608b6b-2f89-46fb-8207-6af881cc62d4	6520ea9b92b24339fb538be29b315e0b	Э	27	77	1080	1920	True	105
837d97e2-df17-438c-bf84-0feb871c07e2	0c954cec2fd8884fff2ceeb41bd1b89d	Э	4	91	1316	1440	True	106
2327f83d-bb8b-4388-b4e6-1a4887973df3	a8b89f85a363edca5d0cfa080065f2d6	Э	0	36	1920	1080	True	59
311aaa80-4ae5-4ffe-b75a-267533113c70	b6bc47e76a066769495f3a22455713b5	Э	10	47	1280	720	True	78
9d41476c-0b83-454d-8d3a-09b7446dcf64	b34ac47997680835ece485b13845fefd	Э	9	48	1920	1080	True	111
3f08ed21-4114-436f-810a-4998103b9367	e9df86cd8713f2fa9f2077a2197c7136	Э	8	164	1920	1080	True	213
7674a755-5ba7-4988-b38a-4d6c28818626	95d5ca4d8706b85bfe8447cc7e83c86a	Э	55	132	1920	1080	False	188
084b352f-6689-4604-925e-c53da0a7d668	d5a3d6c977e8ce1cd3a4eac0908d4d7d	Э	7	56	1920	1080	True	96
94be1580-58d1-459f-b7d2-c08c412da322	635ab4108b0d6b87bef3f30a318d8df9	Э	31	69	1920	1080	True	156
2f353d69-28c2-4874-9792-d783dad2d3c9	c8f885a4da648650dbecffbb38258989	Э	24	74	1920	1080	True	119
43074bd1-2ee7-4e83-856a-9f49c2de6804	bd4e2755d88d8d835a07df3c78cdfc3c	Э	13	56	1920	1080	True	88
5e1bf532aa4c5f687bb33b4d4564e074	29479	Э	34	85	1920	1080	True	111
fbe6c9c02035be2892c607093b4ac06d	28593	Э	39	91	1280	720	True	151
c0979bda345a45e2d0b59fb6197ff45d	30009	Э	28	134	1280	720	True	192
4fd330df37306a9c2544c53d93179ef3	29673	Э	45	92	1920	1080	True	157
0d378317383d9a699551add0fb669c1f	21759	Э	25	70	1920	1080	True	136
eeadc91f30f1f8e29a78058ac3bad778	29229	Э	34	86	1920	1080	True	165
0cd1b4fa2009200f462a703765ee5b5e	29318	Э	56	100	1280	720	True	143
c564de0cb6765caed87818193ba8cd57	29898	Э	18	99	720	960	True	133
ffd49ba6d8765b90f20e986e597808af	29751	Э	11	65	1920	1080	True	102
3cab63b17a76adbb8b3cf6362e8f14f6	23309	Э	22	55	1280	720	True	84
bbb7440799c819412b875c53c9615516	27086	Э	29	80	1920	1080	True	112
7af4504227a7dba63e8076a90a143080	22109	Э	44	105	1280	720	True	106
6fdfe64235171bce43a9d000fa3e2fb8	29970	Э	1	33	1920	1080	True	79
d6d1e7c526b408b9bf3cf7db452a0587	13790	Э	42	97	720	1280	True	98
2e4629660f107e8d69bdd783dd97e8fc	21288	Э	12	85	1280	720	True	94
e07ba79f61383d811d5f364586fbb959	21271	Э	62	126	1280	720	True	170
9554add13f0b4fe6dd43e248fcf9738c	27399	Э	14	103	1920	1080	True	131
42e4247e-08c0-43c5-ba98-c534a7d12009	c3bc70b01dcc8b515891a4d097719b0f	Э	90	121	1920	1080	True	205
29eaa565-28f3-4cf7-a9b6-fc0670e9ebbf	66fa4ac3cee2c7216ab45480a7486c76	Э	32	75	1920	1080	True	138
b0b26da1-d93e-4566-b0d8-b27d4ef4f095	40ad51b49892dca94b905eca8926568a	Э	3	75	1920	1080	True	112
f5e3eb86-274b-4ce4-b6ad-f94928fca178	4aef7889ad6cd118ce4dab1e3b998a01	Э	13	51	1920	1080	True	83
85bc66e0-a809-4beb-adc1-c11e3d8a05d5	3ef4548431002f9f8fd7f39987be22c1	Э	9	43	1920	1080	True	83
459e487f-151e-40e6-a6bb-35538a1c99eb	2d5120991a63d659f0eef6123f092100	Э	25	64	1080	1920	True	115
1de1d82e-0891-4455-b0a7-1dfa2b5a7891	49b45af05ac6192685bee4e29cdf1e48	Э	15	68	1080	1920	True	136
4f8526d2-ca9d-4c33-98f5-381b889c7c3b	7faa41c4cf0a2602a23390de23574993	Э	59	123	1080	1920	True	165
1984b567-264d-45d0-aa94-b1b8de418e33	53c3af7712ee8220b2faed1a55a82eca	Э	17	47	1080	1920	True	99
8b19375d-dead-4a8b-b618-2322933406e3	194612f32f5297e4699c2c0beb9b336a	Э	33	66	1920	1080	True	107
2e31ae3b-7295-4389-81ad-edb0b41b4efd	b6dbf3d8d6ed9fb9283b687910f6e829	Э	16	64	1920	1080	True	100
3cc05350-78d2-415d-955e-713d432e4aea	e4bd328bca8e6f51bd6f4f019692b666	Э	34	72	1440	1440	True	107
d152e6a2-4fd5-408c-b423-ecf2a9980bae	9a2c7d5a1fb72ad258ab16abf6ae9147	Э	43	82	1920	1080	True	164
40bcf5f9-2784-4eca-9380-573e92363f9e	d6349cdcc76fc803d1a544fe2c18f298	Э	40	77	1920	1080	True	167
1dd8cf4b-49e7-4640-a078-50ae2d6b2f15	570c2405d58fe08bce66f55c42bc36b0	Э	25	82	1080	1920	True	175
f4f8ca8e-ffda-4ee1-a727-c2b76915c8bd	04af3ba065bb7423e0685ebe180751c1	Э	30	67	1920	1440	True	75
cf4991d0-3f0b-4770-82ec-acea3d575e96	3018b64d2c938f5b6a0826dfdf486f2c	Э	18	57	1920	1080	True	117
a525b0c6-edde-432a-a48b-5c83d3abeeaf	c80b4e57f158f28299b2a89694c42329	Э	32	85	1920	1080	True	154
e27f206e-8dce-42d3-9d81-c9bc97c539a8	f15c4e5b9dfe541cf7e6c05733b579e2	Э	2	62	1920	1080	True	77
5bc02de6-b793-4a66-a648-dd9dbcf2582b	f0148de24ae19f321a7315d46021d17e	Э	26	64	1920	1080	True	126
bd6d0510-a9dd-4c85-9f23-59599952aca6	55ac05bf18204955c640591070dd1118	Э	27	60	1920	1142	True	116
66ce5ce8-2f58-45d2-a00c-e6a2fd77441d	5cfa6de910fe7b0af5f422d0df9f06d5	Э	33	72	1920	1080	False	126
31b1dfa4-b10e-42fb-af6d-f5b0cbb0186e	7c0fb4e90495815f55cb0deb35cbc95e	Э	24	67	1920	1080	True	127
d80c426d-79a3-4a27-9c53-e35832c80bf0	1cdaed3814fe5a4bfa9baa5d3f94ecc4	Э	39	78	1920	1080	False	109
5d407884-5017-46c2-baad-e1cbe67ccc6e	f3cf3f9bb709ce2bee3da304a4ccb427	Э	38	87	1920	1080	True	155
e8119175-a8f7-4097-8ae8-945d6fa57647	138356c62cb9cd6168ec85fd31dbb1de	Э	30	84	1920	1080	True	120
321d50b1-9e49-4115-a789-8c3c67947713	bd6e2ad7ab53ceb7b8de9a1842844071	Э	38	80	1920	1080	True	133
825f5e11-3f87-4f33-85f3-bb894cbb7b9d	83624345fa124849e833a8664f21f3ea	Э	25	83	1920	1080	True	121
19d7f176-21ed-45ac-9e21-42e3a4cf87f2	6753ca229e01b1c71053cb265fd93013	Э	19	83	1440	1080	True	126
dde7ad6c-1710-4531-baba-12ab4c050c28	a8a635e6eaa8edb003c5a2b1cef789b5	Э	29	67	1440	1440	True	106
5676b7ad-a21e-4868-9e21-86b19263c1c5	ff169f3bbab458308b88188be3657125	Э	25	70	1920	1080	True	108
42846c57-3748-47a9-bf6c-e7089bd58e33	adfe9c8ea85db4e65f36572669cbfed5	Э	7	56	1920	1080	True	104
d89f10e2a43cb3e277f353e714f13e48	27658	Э	49	106	1920	1080	False	130
361151d303c81a55b67a14bcf708eb39	29674	Э	4	47	1920	1080	True	57
34bf7b57eb53b11b15edb888d86884ab	21710	Э	16	56	1920	1080	False	120
66cfec1f44c0274eb102e26909fd9535	29585	Э	15	57	1920	1080	True	79
b8dc535d-8246-41f9-a2d3-58461179d7b3	9a0784a99ea13a8b06cb103c2c8c7f0f	Ю	8	68	1920	1080	True	68
ebb90295-c901-49a8-a404-e5f2c53b434d	185bd3a81d9d618518d10abebf0d17a8	Ю	30	113	1920	1080	False	149
52cef979-1d29-4037-a68b-dcf13b949735	0ab4f8e463cdded2e59d6001f4e1b487	Ю	17	67	1080	1920	False	89
be1e6470-e179-470f-a4cc-fc5f4a3f5596	46dd04a1caa75ed3082b573cb5a3ad26	Ю	13	71	1920	1080	False	107
a4bb91fe-b696-4687-ad56-0e6d01d7628b	1860c7f3605089bf0eff0c4e72c7add4	Ю	25	88	1440	1440	True	120
7e840db4-3c1f-4de3-bf4f-3e0b42536bba	fc6e5caa3dc328e7558b072e6607e399	Ю	15	68	1920	1080	False	92
4b0d98b7-da64-456c-9fad-57872fc98db8	95af8e702c909eee7145c6dc1a3d756b	Ю	13	73	1280	720	False	87
724e75ad-3bce-42a1-a8e4-f146d8d018f4	db573f94204e56e0cf3fc2ea000e5bdc	Ю	5	61	1280	720	False	114
3b4e70a1-2e2f-47c8-bd72-4c3b184478ac	a95892dae1d320bd8b08cbca6a127cd8	Ю	9	48	1080	1920	False	70
bd9e8612-66f7-43b1-923f-f2337ed9bb90	a356848cf0a72f961b81ebb6716f6131	Ю	32	115	1920	1080	True	249
d2e5339d-b21d-47e4-8969-233dbbf79f74	50334f2a79561498829a34a2c90984b1	Ю	47	152	1920	1080	False	264
92e4b9c5-4657-4269-99ff-e59321c05559	0211b488644476dd0fec656ccb9b74fc	Ю	25	70	1080	1920	False	106
db2746f3-67b8-43d7-9c3a-ae25728deb09	d2b4042ec6d8505a41b809e64d5adb7c	Ю	13	51	1920	1080	True	64
8c188e27-cd8d-4052-9ff8-04afab09a031	9f9b13d8e63bd774b4ad1bd14f56147d	Ю	11	53	720	1280	False	78
aeba1281-5452-4dd6-82d6-18100739976c	2d84da20c251acaeb3186642fcb04f2e	Ю	23	61	1920	1080	False	103
f29cd196-b92c-490b-ba7c-14fe900402a3	0041ec866777f12c384b64d8cd636277	Ю	16	67	1920	1080	False	101
4fc64f59-e976-4734-bf0e-48b744d557be	f5b82a9c82f6d870ec253e4c3fa96d83	Ю	39	58	1920	1080	False	143
e2b87413-6716-4b57-af05-6dcdcfb1e50d	b07a773bcb10b4f14f33d2b0e8ec58ba	Ю	93	153	720	1280	False	212
d60e7b1a-0c3f-4a07-9709-a1af4e5b7519	0df9d6e419cb18069e696edaa170ba87	Ю	8	63	1920	864	True	103
8f3461a0-fa4b-4b9b-9062-0c1f71ba86cd	4299b8ccf39ace57287b463fbe4a489b	Ю	18	55	1920	960	True	83
66c9ca86-580d-40a0-af74-b39dd1419ae1	12c7911f38c7113ce13c71dbd785ce22	Ю	15	51	1920	1080	True	83
3793be80-1466-46f2-a295-896835a65e48	f2dc6eab563f93d86629c1cfe479f09d	Ю	8	47	1440	1440	True	74
631cb823-8ae0-4917-b5b0-489164c793f5	4d26ad833542291c50de9ce88fb4f64a	Ю	10	79	1920	1080	False	130
09fb7ff3-ffb0-471e-a611-4ab449861727	3dd2ce2659aada17b976390004ebe322	Ю	0	54	1920	886	True	87
1b018e1c-260a-46a7-892a-618178a696ca	87fe0712fdd150ecc8d02cbbb2e047d6	Ю	19	91	1280	720	True	96
3f86d2c8-2690-4100-b037-b08de94d3880	68f27043789bb049757486b0ed1cbaab	Ю	53	91	720	1280	True	114
89a33599-899a-4747-a906-853aa5938adb	b4e852a75cacf8642412dfc05e2126a3	Ю	1	69	1920	1080	True	82
a964da21-cc01-4ed8-a608-ff9f8a1c612d	feea6c22175f962ab28452f7314d1bc0	Ю	33	75	720	1280	True	78
697b289e-d16e-453e-9d5a-14b909f9b816	324cdee3d2550397efb761d8fff48139	Ю	16	67	1920	1080	True	123
ed712124-af0b-43ff-b779-9d5409e37684	52003757d6b63a3ee7a71f36f5a9a17b	Ю	3	70	1920	1080	True	104
c63c7a59-fb42-4bd7-8b36-03196a041643	76aa633fcb2bec4e6b0852635a8af57c	Ю	7	62	1920	1080	True	100
2dcdd7cd-ffb4-4dc3-9dd4-86ff1a20ec0d	ab460ff83e8c5b13a705a9e2081023c2	Ю	0	29	1920	880	True	73
bf114fc4-e037-4613-b907-99e414e0e947	3ef4548431002f9f8fd7f39987be22c1	Ю	18	53	1920	1080	True	94
4e741a85-db72-49ff-bd03-4e7347b531ff	fb1007e5ffe149cc08bccaf8eda2ce31	Ю	7	58	1280	720	True	153
86822c6d-f14a-4fdc-9d7d-028cc96cdde6	4aef7889ad6cd118ce4dab1e3b998a01	Ю	6	46	1920	1080	True	77
6c3e433b-de43-4893-b6bf-6a7861450bc4	40ad51b49892dca94b905eca8926568a	Ю	26	86	1920	1080	True	127
92c7da6d-a2c1-4f00-9a6a-1cf32dd7de4b	81c0cdc37caa67e7ddf8e06c0a4443c8	Ю	41	144	1920	880	True	187
ffe111b8-5506-41b4-bc9a-d8c3292be6fa	3cf00ecfe200a3990d42c6464286d6fb	Ю	13	73	1920	1080	True	113
a672373f-8d47-4bc3-a8a1-78a4ee8c5c11	aa12bfdceb971561727e86d34aff35ac	Ю	10	71	1920	1080	True	99
7f8d301d-8889-41d3-9223-18788988ae5d	33b317c5a26046cafcd795a2fe4e919e	Ю	24	61	1080	1920	True	106
3f477d30-5940-4302-97d7-b472d1889bd7	48bc83c415e12683f469d16027829654	Ю	26	74	1920	1080	True	109
8bbb63b2-665e-4b4a-af90-56c8c65f5543	32f4bb8542738fa1980831515d2949ea	Ю	16	76	1920	1080	True	108
abac7528-970a-4f59-93e8-46d197f9e989	27032346b8d1e263473c0451843a8a6a	Ю	15	111	1080	1920	True	111
b134216c-807c-432a-9c58-aa5613c6e1c8	362b7038ed4bd4b527fce434f14d2aaf	Ю	20	63	1920	1080	True	94
2091cb61-4598-4883-871d-9ad4ca7bb9cc	1cdaed3814fe5a4bfa9baa5d3f94ecc4	Ю	32	81	1080	1920	False	121
aa22575d-dfb7-428e-b495-ef6c9f4111cb	0c3d5473fba13210722e53374b736416	Ю	14	68	1920	1080	True	96
69e3fba2-7ff0-4ec6-8b9d-add9fba74fdd	911876c4ffc0dd4cf21f61ea1acf5a0b	Ю	31	72	1920	880	True	132
1ea4d2fd-fb3e-477b-bfc0-06c3c4b0b398	d5a3d6c977e8ce1cd3a4eac0908d4d7d	Ю	10	51	1920	1080	True	94
32ecb160-4739-49e1-9cd2-119bd97d84df	e9df86cd8713f2fa9f2077a2197c7136	Ю	36	148	1920	1080	True	186
0d9c022c-2d54-4545-8e42-3cc6aa05ef66	a8dc3ffc818b23319cea1757602ad8e8	Ю	14	68	1280	720	True	104
9d32a244-3747-4978-b115-68b4318bc1d4	dc96b1d1a840878c4ad209500dea570b	Ю	31	84	1920	920	True	124
71765094-71d2-4c42-b548-400148a3d370	b34ac47997680835ece485b13845fefd	Ю	26	67	1920	1080	True	98
92bef58a-1f58-4e67-8c04-936ff06a28b1	c8f885a4da648650dbecffbb38258989	Ю	26	88	1920	1080	True	134
7cb6a4a0-5d84-4325-8a0a-6b04147a51f9	5cfa6de910fe7b0af5f422d0df9f06d5	Ю	46	103	1920	1080	False	133
773fa177-434b-4c12-8565-838933331963	a85134b72f825ac9569e44e9ae53b128	Ю	20	79	1080	1920	True	105
28e37ce3-8f9c-43a5-983f-767518baec1c	2916c8f459bac1870fe3897d0340b148	Ю	44	107	720	1280	True	168
e999303d-9229-40a7-8170-3a8b3b8f6795	8c34c33a92e42220b2e080bdb388d532	Ю	17	67	1920	822	True	136
b58061eb-cf40-4998-b770-cba11663f563	abd669cafd4f2078708e1cb1846e1bd6	Ю	45	89	1920	1080	True	148
dd6a9168-8296-4e3a-86c8-2d0fec1f3100	6520ea9b92b24339fb538be29b315e0b	Ю	12	68	1920	1080	True	104
d9e800244e585e3492625e44c0521fef	27901	Ю	33	96	1920	1080	True	152
4eabbc612537e40e0c2626bfd104fddf	29585	Ю	7	54	1920	1080	True	104
5593de6c22bc8d41701a41d9706d1a10	28593	Ю	15	57	1280	720	True	86
39113cd03c3c393e819435781b70b0bd	29229	Ю	43	117	1920	1080	True	172
1e08e44d1b7e4276eba45a8392637417	30009	Ю	67	97	1280	720	True	182
e20a3bcf7f6cf3b4b8ef4e94b13cdcc0	23309	Ю	26	97	1280	720	True	99
ad7153b07dca9a206b48a046e045b29d	29674	Ю	6	35	1920	1080	True	53
034a4aaf081cb474e16ada69eb375db8	29283	Ю	42	94	1280	720	True	147
e01d028c645bef7c079a6f7224ded2e3	21759	Ю	24	72	1920	1080	True	118
a46880e994813c5fbad8923fc1fa8410	29318	Ю	31	83	1280	720	True	114
51fb7ad847f3780724227e552f317add	29898	Ю	25	89	720	960	True	110
38ca6764235aaccc747090177888e693	29751	Ю	17	66	1920	1080	True	108
362e212fec65280decaeb383dadafe7a	22109	Ю	31	80	1280	720	True	81
1f1d634900a16db742b507f6bdc0c3dc	29970	Ю	7	46	1920	1080	True	50
bc8ea5fa076d3243b75377d25f084cc5	21288	Ю	0	32	1280	720	True	39
d0de479c56ca8734ed96baa598d30569	29673	Ю	42	92	1920	1080	True	168
68b1e0556f0b9042f40c4933bda34ea0	27086	Ю	15	73	1920	1080	True	118
15c6568502144926f94c2347ec21c91a	29762	Ю	8	85	1280	720	True	135
6a83b5a7b3cb3b126c5aae012c041c6b	21271	Ю	64	114	1280	720	True	153
08af8020649efef2c8d1fd6f2c8959ee	27399	Ю	8	37	1920	1080	True	68
9e8f3912-3fd1-4826-8b52-be4323a10ba5	c3bc70b01dcc8b515891a4d097719b0f	Ю	71	96	1920	1080	True	167
6d5498a9-e5c9-45f1-af6e-20402af4890f	efc86825b9a40bcdcc9b54ab81aab3fe	Ю	6	43	1920	1080	True	52
06937326-9115-4ae9-bd5c-4ef173b93474	2d5120991a63d659f0eef6123f092100	Ю	6	43	1080	1920	True	83
b05a0e39-045b-4b2a-85b1-6b4513871637	49b45af05ac6192685bee4e29cdf1e48	Ю	16	62	1080	1920	True	100
0219b869-a3b8-4185-8046-1e26aa1a9a2b	53c3af7712ee8220b2faed1a55a82eca	Ю	16	53	1080	1920	True	93
551230b5-72f3-48db-803e-7419f5da2fe4	194612f32f5297e4699c2c0beb9b336a	Ю	18	76	1920	1080	True	113
339e4964-2019-4749-9927-1ed33adb8143	b6dbf3d8d6ed9fb9283b687910f6e829	Ю	17	56	1920	1080	True	93
f355fc1a-8476-473f-971d-d8134449c18b	e4bd328bca8e6f51bd6f4f019692b666	Ю	30	69	1440	1440	True	104
2b84405d-6d35-4efd-ac87-0352c5bbd38f	6ca843830e5d2608f5d486f02e37dad9	Ю	7	40	1920	1080	True	55
e38d9029-cc5c-4062-a074-3a0f1be6f874	570c2405d58fe08bce66f55c42bc36b0	Ю	23	63	1080	1920	True	101
6c175386-80bc-40b3-98ef-f2c8cebc6139	3018b64d2c938f5b6a0826dfdf486f2c	Ю	23	76	1920	1080	True	118
3c9b2db3-2a8c-40c3-9e54-e70f71d13b32	4b8f634baac82dd96142fa1220b79759	Ю	21	62	1920	1080	True	110
4d8369f2-1e2f-4ceb-8fa7-3ad1e09abdfe	d6349cdcc76fc803d1a544fe2c18f298	Ю	50	115	1920	1080	True	162
d39e9626-405e-429e-9c0b-0704aa7dfbaf	04af3ba065bb7423e0685ebe180751c1	Ю	35	67	1920	1440	True	71
f1de75d9-11c1-4096-9e8f-0283ad0ec53f	c80b4e57f158f28299b2a89694c42329	Ю	25	67	1920	1080	True	166
14a41f32-bda5-4f1e-8af9-03c67f23d426	55ac05bf18204955c640591070dd1118	Ю	26	69	1920	1144	True	95
24ae86f7-bd8d-441e-8a28-0f07dee7a366	f3cf3f9bb709ce2bee3da304a4ccb427	Ю	27	65	1920	1080	True	168
a8e24533-0763-464b-b2d6-f383dafee24a	bd4e2755d88d8d835a07df3c78cdfc3c	Ю	11	63	1920	1080	True	96
321c722a-2fa9-4680-9526-2e55ecf1166c	95d5ca4d8706b85bfe8447cc7e83c86a	Ю	6	49	1920	822	False	94
a749e02e-3d6b-4a4c-b38d-3ef87b1a8821	86ec735f573ae6c36a9dbf9e5bfd4eaf	Ю	58	104	1920	1080	True	175
8bed9565-c212-4417-a71f-efa8fce4c29b	138356c62cb9cd6168ec85fd31dbb1de	Ю	20	90	1920	1080	True	121
775ea9f9-a3e0-4f97-b9d7-1cdc10ff6cdb	0f7aee11724db9ef1f9df422f7443e28	Ю	64	110	1920	1080	True	203
74481187-89fc-4818-a08f-f99a97da3135	bd6e2ad7ab53ceb7b8de9a1842844071	Ю	35	79	1920	1080	True	125
fbb878e0-597a-450c-bea0-1711b7b8dd29	b56726d7b447d88e526f7da2e9e0e520	Ю	35	88	1920	1080	True	114
db57bbc4-19b2-4057-a6dc-a32e599db4c2	83624345fa124849e833a8664f21f3ea	Ю	23	61	1920	1080	True	100
50de7146-1fd5-478e-891f-b901febeb625	7c989fdb633be7453228f7c650097205	Ю	29	75	1920	1080	True	80
45c4f6b2-52b4-4566-b3ec-1118f4b5b69d	6753ca229e01b1c71053cb265fd93013	Ю	28	83	1440	1080	True	114
71fb772f-a60a-454c-a9d7-1fc0d781905a	7faa41c4cf0a2602a23390de23574993	Ю	73	123	1920	1080	True	194
ff241ee5-274f-49a8-959b-630e7b3473b6	a8a635e6eaa8edb003c5a2b1cef789b5	Ю	33	72	1440	1440	True	114
e5cd69b7-feff-4c80-8d1d-917608cece65	d01fdbbbd69ec8c4914397ba4abb899c	Ю	28	87	1920	1080	True	139
b85d7f48-34d4-4399-ae03-d860fc4bd8d5	ff169f3bbab458308b88188be3657125	Ю	11	65	1920	1080	True	119
43d24ac1-c264-4d51-8b5d-96b137c536f5	adfe9c8ea85db4e65f36572669cbfed5	Ю	6	67	1920	1080	True	132
8ff8d30d-c1eb-40cd-b007-d95682a30aff	0089d92a5ca862773a296198e7eb7856	Ю	28	63	1080	1920	True	104
2ce64aa3-51a4-4cfe-b158-bd2eecede241	28d653d3548e4508aaa6acbb5dfbeb64	Ю	76	122	1920	1080	True	178
287acd99aeddb2fb8f4153f8c0a73a9d	27658	Ю	60	112	1920	1080	False	145
77c2f56bd4ea83c614a7f2abd39cac81	21710	Ю	14	68	1920	1080	False	103
d24981a5-cbb9-46f2-af23-f565b42d40be	9a0784a99ea13a8b06cb103c2c8c7f0f	Я	25	83	1920	1080	True	84
5ce6ce8a-d191-47d4-97b4-3fc6f9138a73	185bd3a81d9d618518d10abebf0d17a8	Я	39	130	1920	1080	False	202
86f2bdd5-412c-44e7-9a28-5088cb1e61e9	a95892dae1d320bd8b08cbca6a127cd8	Я	20	70	1080	1920	False	79
2eb8fc0c-3803-457d-918a-5fd1c9592a84	1860c7f3605089bf0eff0c4e72c7add4	Я	21	93	1440	1440	True	124
c9e2dbd1-ec2f-4382-a80e-5bca8396a9b1	46dd04a1caa75ed3082b573cb5a3ad26	Я	22	80	1920	1080	False	106
cfc4685b-b49e-43aa-86a7-3bec1db99f74	ca6b767f0cccf093ba737ae2fc4fec3d	Я	15	58	1920	1080	True	59
98efa5ec-f02f-4083-9352-9c23842c796c	fc6e5caa3dc328e7558b072e6607e399	Я	18	63	1920	1080	False	76
3e924dc7-aae7-4ec4-b762-3c7fd3d99dda	95af8e702c909eee7145c6dc1a3d756b	Я	2	90	1280	720	False	100
3f72244c-7379-4403-b7ee-e1b1b8d78d46	db573f94204e56e0cf3fc2ea000e5bdc	Я	9	58	1280	720	False	94
5adf08e2-4ff6-4183-ba22-446c1cd0b0f8	0211b488644476dd0fec656ccb9b74fc	Я	20	70	1920	1080	False	97
b95da8f0-4312-43e7-b37e-c20b2addcdea	a356848cf0a72f961b81ebb6716f6131	Я	17	156	1920	1080	True	263
04177abd-41d2-4709-a07b-9e44526d6516	50334f2a79561498829a34a2c90984b1	Я	44	125	1920	1080	False	246
13a148fc-a546-47ab-b5d0-f9d0c3cce1de	2d84da20c251acaeb3186642fcb04f2e	Я	17	44	1920	1080	False	85
e319bf01-c071-4aa3-b243-277f8b6be353	d2b4042ec6d8505a41b809e64d5adb7c	Я	19	69	1920	1080	True	81
1a624339-ec96-4fb6-bf94-7a9eeceec188	0ab4f8e463cdded2e59d6001f4e1b487	Я	9	53	1080	1920	False	79
357ce294-4d11-46c2-adf3-7b2bb3426e83	9f9b13d8e63bd774b4ad1bd14f56147d	Я	17	62	720	1280	False	84
d7dae1e8-41ad-481c-b66c-0d4a35dc4699	ba230d5b794c9a7350356eddd3e9929c	Я	23	76	1920	960	True	82
7363a9a9-b750-446f-890d-ef8055a7710d	53c3af7712ee8220b2faed1a55a82eca	Я	35	67	1920	1080	True	101
8a347e81-bdbd-4afd-8e36-209412f73358	b07a773bcb10b4f14f33d2b0e8ec58ba	Я	52	91	720	1280	False	139
0f1b5822-0e73-4ef0-a875-629888b64ffb	f5b82a9c82f6d870ec253e4c3fa96d83	Я	17	89	1920	1080	False	134
b5bff0b4-eb40-4a08-9f98-b7dd68b1e3ca	0041ec866777f12c384b64d8cd636277	Я	10	59	1920	1080	False	98
024f8f83-9b26-4bd3-831c-59f411e1338b	4299b8ccf39ace57287b463fbe4a489b	Я	32	67	1920	960	True	93
0f813e4e-b809-4ace-91b7-d31215d60f13	0df9d6e419cb18069e696edaa170ba87	Я	31	76	1920	864	True	162
1309f41c-e206-48d9-b9fc-5f25ee4d2bec	12c7911f38c7113ce13c71dbd785ce22	Я	7	46	1920	1080	True	83
ae63e4e0-74ba-43b9-a039-8af8ae1dedb8	f2dc6eab563f93d86629c1cfe479f09d	Я	18	51	1440	1440	True	81
8b164381-eada-437c-9567-d432cef92713	4d26ad833542291c50de9ce88fb4f64a	Я	26	82	1920	1080	False	145
c87a5299-5ef4-4a7e-893c-26b7cfc7d6ac	3dd2ce2659aada17b976390004ebe322	Я	9	44	1920	886	True	70
83866f3a-4a12-4a1e-8e13-6079d18d3620	a8dc3ffc818b23319cea1757602ad8e8	Я	4	54	1280	720	True	96
e8c21866-f047-4eda-9c2a-a269e2ed1216	6fefb7617d77222efd121f4a2d6a79d6	Я	40	86	720	1280	True	142
907d6213-e3a1-4752-9c8d-64cd112dae1f	abd669cafd4f2078708e1cb1846e1bd6	Я	56	87	1920	1080	True	167
8984f01a-98a5-4393-8e79-c89c79643f61	feea6c22175f962ab28452f7314d1bc0	Я	29	72	720	1280	True	97
02292939-e5d6-4e54-a677-bcff49025e52	324cdee3d2550397efb761d8fff48139	Я	10	65	1920	1080	True	98
8dc7be96-6ceb-4a9a-93c7-35a8835bd138	81c0cdc37caa67e7ddf8e06c0a4443c8	Я	41	101	1920	880	True	151
4db633b0-9096-471b-bd16-e47f7d3811a7	ab460ff83e8c5b13a705a9e2081023c2	Я	1	46	1920	880	True	80
f940123e-1a6f-43af-8cdc-341e4acc961b	52003757d6b63a3ee7a71f36f5a9a17b	Я	3	55	1920	1080	True	95
57085b06-43b8-4deb-907b-f1b877694f40	0ceb69ca37aa3e44528c7ce03c329479	Я	48	92	1920	1080	True	153
553306bc-c9e4-4aec-b2d1-a0e7db2c02c8	0c3d5473fba13210722e53374b736416	Я	3	45	1920	1080	True	67
a3699538-9929-4f2b-abff-607ef96bec62	08b8fc47e7a869751c13f64a922e6c15	Я	53	139	1920	1080	True	190
8afc502a-cd46-4b1b-9753-c09ef7c32f5a	c80b4e57f158f28299b2a89694c42329	Я	28	87	1920	1080	True	139
73ec1c5b-8932-455b-9785-64ea4bdae50b	2d5120991a63d659f0eef6123f092100	Я	33	91	1920	1080	True	124
3f799d2b-dd75-4f6f-a887-e2fe312af990	420e55e9cc86ffe6ca183d41d80ee67c	Я	21	91	1920	1080	True	94
6925d04f-c054-4253-a736-43e4aa3c3440	32f4bb8542738fa1980831515d2949ea	Я	7	53	1920	1080	True	91
8387c2e9-29ce-48e3-937b-b20d0e8ddffa	a85134b72f825ac9569e44e9ae53b128	Я	22	67	1920	1080	True	105
2cfaacbe-414a-4ce1-ae1f-2d64712745a7	8c34c33a92e42220b2e080bdb388d532	Я	21	56	1920	1080	True	89
e6d14667-f91b-43b1-a139-c5ff842f91b8	27032346b8d1e263473c0451843a8a6a	Я	35	92	1080	1920	True	122
bc2e6a07-ff72-40b1-9f57-7fc63579e91d	362b7038ed4bd4b527fce434f14d2aaf	Я	39	68	1920	1080	True	123
433c0733-a933-49a9-abda-da9d3b685ac0	6520ea9b92b24339fb538be29b315e0b	Я	32	72	1920	1080	True	101
c954f888-c609-4179-b2a8-7446e3da7ebe	c8f885a4da648650dbecffbb38258989	Я	48	95	1920	1080	True	178
410e2f5f-ac6a-46a5-a70d-ec846488a45d	1cdaed3814fe5a4bfa9baa5d3f94ecc4	Я	30	77	1080	1920	False	105
d9a3349c-d2bf-446c-9af0-94b331e7866b	2916c8f459bac1870fe3897d0340b148	Я	24	69	720	1280	True	105
dbcc8521-1a52-47c9-8f4a-5e2ec50a1e35	138356c62cb9cd6168ec85fd31dbb1de	Я	17	78	1920	1080	True	107
e9c5fb09-b24c-465a-a8b9-f51576af8d00	d5a3d6c977e8ce1cd3a4eac0908d4d7d	Я	10	75	1920	1080	True	117
7474ba22-e222-45a8-9d55-2fa5c42b8338	2fa7bff4283637452ca0e2575a1815be	Я	1	50	1920	1080	True	78
33f627ca-6db7-4534-af85-f629643aeb2a	e9df86cd8713f2fa9f2077a2197c7136	Я	43	99	1920	1080	True	182
95614de9-7e8a-4580-b897-98ba37107f0b	818443c6d5ec52cadcc568181daa74f9	Я	35	80	720	1280	True	121
6ea72403-0818-4993-9ddb-a11f6259ebed	28f7e6734615f41bc0366dee5c563f09	Я	27	77	720	1280	True	123
1c73e286-fe64-49c2-8087-bce00bc0eb42	e97c55b450c4b2ae48a165e349f0f3eb	Я	31	104	1920	1080	True	149
1ca5bc5c-181e-4ec5-a57a-0bf02987db09	a050ef5cb26b9d7f2ccdbedd1411ffa9	Я	34	69	1280	720	True	101
842a5e5be95527e3d29c0ab488b601b0	27901	Я	36	108	1920	1080	True	147
93054c64fac81031abbae5aac0d9557c	29585	Я	5	38	1920	1080	True	78
c71ba67ebdbfeee30613e67cc23e6a96	28593	Я	24	86	1280	720	True	139
d7405a0d7138677ce8b2bc687dfc6cdf	30009	Я	43	89	1280	720	True	192
6e616eac39dc28359f098605d0f16d13	27658	Я	64	121	1920	1080	False	152
1be4baf3aad3a59117900085c320c3eb	29970	Я	2	45	1920	1080	True	79
130da5e4ed0d8a3addef654ee4532846	23309	Я	29	85	1280	720	True	87
dd561e800ce8faa94b7718d5b5a165f5	21759	Я	28	80	1920	1080	True	145
590b076f347b364afd9d78ff64569977	29673	Я	41	94	1920	1080	True	171
aea175f7b78e722b0cc09d161c4bfa2c	29283	Я	26	100	1280	720	True	131
6723f9b57c9e64d63298c6cecca09273	29318	Я	50	98	1280	720	True	136
8193afabbc5d4d14200c54e0320f249a	29898	Я	36	77	720	960	True	91
5153fc79f03e87e6a53d1f73919358d7	29751	Я	18	61	1920	1080	True	95
f78725e096806c6972796cd97b546152	22109	Я	25	72	1280	720	True	73
0d3e01d345b2233e8f6af77f41b7a85f	13790	Я	45	99	720	1280	True	126
f45d5ff96e31c922e426587a82b5de55	21288	Я	25	80	1280	720	True	87
c46aa6ac54aa415580dbed79b6fd0153	29229	Я	38	99	1920	1080	True	176
ccf6e8e86629742d1c138141b455b84b	27086	Я	31	71	1920	1080	True	121
258187fe8c4946c67e176360d35428a4	21271	Я	57	111	1280	720	True	154
61b38d6c247854432b0f51f1e97930e0	27399	Я	7	51	1920	1080	True	79
35104af7-9b99-45d2-b106-6396f28a74be	efc86825b9a40bcdcc9b54ab81aab3fe	Я	14	67	1920	1080	True	72
d1cd957c-dc29-4bee-8e8a-9543947aca73	4aef7889ad6cd118ce4dab1e3b998a01	Я	22	57	1920	1080	True	88
ba4a43a6-86d9-45d8-bc5e-3fc6ac86056e	49b45af05ac6192685bee4e29cdf1e48	Я	21	70	1080	1920	True	111
8edec411-aadf-4b91-985a-e49fa21babab	48bc83c415e12683f469d16027829654	Я	28	75	1920	1080	True	127
7e03dcc2-4083-40ed-82d1-dfd73a695afe	b6dbf3d8d6ed9fb9283b687910f6e829	Я	21	69	1920	1080	True	101
0cb0367e-09dc-4cb6-b264-f270e65deb24	e4bd328bca8e6f51bd6f4f019692b666	Я	38	78	1440	1440	True	127
7568ded9-e1f4-4595-96c6-45d93d9e0b9a	33b317c5a26046cafcd795a2fe4e919e	Я	18	59	1080	1920	True	98
c90e3c7d-9927-4236-810d-a013e69ca296	76aa633fcb2bec4e6b0852635a8af57c	Я	17	67	1920	1080	True	110
d2f7d9a4-2601-44ed-91c9-dc69cb73ee4d	570c2405d58fe08bce66f55c42bc36b0	Я	23	67	1080	1920	True	126
1a4df610-27d1-40e8-b074-f2cdea218281	04af3ba065bb7423e0685ebe180751c1	Я	29	74	1920	1440	True	76
ddf66bf2-6888-4aed-940b-d167d3ff451e	3018b64d2c938f5b6a0826dfdf486f2c	Я	21	69	1920	1080	True	115
781c46bf-20e9-4fb9-8698-64f870424dba	3cf00ecfe200a3990d42c6464286d6fb	Я	40	87	1920	1080	True	135
d27211d8-b14d-4f29-94c8-14bdbe19a2aa	4b8f634baac82dd96142fa1220b79759	Я	26	51	1080	1920	True	129
cad3f492-f699-4df5-bb15-e4e5d497ea2a	3ef4548431002f9f8fd7f39987be22c1	Я	28	70	1920	1080	True	107
5ca782d6-bc41-469f-bdbd-22b80a7100ba	5cfa6de910fe7b0af5f422d0df9f06d5	Я	18	62	1920	1080	False	99
490ac1e4-3625-4104-be3f-8adf1ff40e92	f3cf3f9bb709ce2bee3da304a4ccb427	Я	38	75	1920	1080	True	147
973ea46d-21b2-472e-90fa-046a4a608f44	95d5ca4d8706b85bfe8447cc7e83c86a	Я	6	41	1920	822	False	83
73d8b5c5-1ace-4c6d-843f-bb2423a99a25	86ec735f573ae6c36a9dbf9e5bfd4eaf	Я	52	95	1920	1080	True	161
8707fe07-b6bd-4675-87dc-664b597fca1b	bd4e2755d88d8d835a07df3c78cdfc3c	Я	10	36	1920	1080	True	74
84614629-afe0-4aeb-aaf9-05c564713c97	0f7aee11724db9ef1f9df422f7443e28	Я	52	96	1920	1080	True	255
05ca215e-dc9b-4d1d-a86c-da82215988a1	b34ac47997680835ece485b13845fefd	Я	12	54	1920	1080	True	85
89951d66-b27f-4248-a222-f6ea238c6155	83624345fa124849e833a8664f21f3ea	Я	26	84	1920	1080	True	117
c927aed1-9e98-40e6-8915-a7032c50d2e8	bd22df5de9c7373f6182446d80e4eef3	Я	39	78	1920	1080	True	119
f3ac89e5-0293-4906-b92c-a0c8ef9f63a7	bd6e2ad7ab53ceb7b8de9a1842844071	Я	36	84	1920	1080	True	136
e02be113-5d17-44ad-abf9-4a8608840f26	6753ca229e01b1c71053cb265fd93013	Я	35	85	1440	1080	True	121
1e16f8b9-5aa9-4c49-92bb-30b02d6edcfa	a8a635e6eaa8edb003c5a2b1cef789b5	Я	27	61	1440	1440	True	105
023c35a2-deba-4569-b15e-418de9b98f61	cba981340353ec309f352b09a3ada196	Я	21	70	1920	1080	True	146
02e7aa6c-3a3c-4564-8511-280fec206a83	28d653d3548e4508aaa6acbb5dfbeb64	Я	65	112	1920	1080	True	176
95d343fb029fc9d5c3770d834485ee33	29674	Я	10	48	1920	1080	True	65
2b8124406d06cd0bc1227a28e23ec3ae	30057	Я	8	72	1920	1080	True	105
7cbc76093e42dbe53ae9b2fcb3d37dbe	21710	Я	14	82	1920	1080	False	111
no_acd68cb4-a383-4725-b0f1-e1078eb867d2	50334f2a79561498829a34a2c90984b1	no_event	0	148	1920	1080	False	148
no_453229b4-c008-40b3-b506-cdecc44514c3	50334f2a79561498829a34a2c90984b1	no_event	0	117	1920	1080	False	117
no_576dbec4-b9b7-41c8-b4f4-a6e4e3ca76ff	50334f2a79561498829a34a2c90984b1	no_event	0	94	1920	1080	False	94
no_e2b87413-6716-4b57-af05-6dcdcfb1e50d	b07a773bcb10b4f14f33d2b0e8ec58ba	no_event	0	93	720	1280	False	93
no_ebc54c26-7625-4f84-bc09-8e770ee2bd0b	50334f2a79561498829a34a2c90984b1	no_event	0	88	1920	1080	False	88
no_ef5eb4c2-02cf-4562-bd86-e19651b0bba2	50334f2a79561498829a34a2c90984b1	no_event	0	87	1920	1080	False	87
no_f5945dc2-4a47-4e87-971e-f5082231dadd	50334f2a79561498829a34a2c90984b1	no_event	0	85	1920	1080	False	85
no_90bf9809-7eb8-48fb-bdea-ff2b5c528ed2	50334f2a79561498829a34a2c90984b1	no_event	0	79	1920	1080	False	79
no_53b798ae8410091f2569dd2b693c507f	27658	no_event	0	77	1920	1080	False	77
no_3c9ba8f0-bb05-4003-8abc-717425a1fdbf	50334f2a79561498829a34a2c90984b1	no_event	0	77	1920	1080	False	77
no_df30233d5212932e8ce2b87e581b6af3	27658	no_event	0	74	1920	1080	False	74
no_85848e2c-329a-4338-a62a-1acc7d810316	50334f2a79561498829a34a2c90984b1	no_event	0	74	1920	1080	False	74
no_2a9d7247-5065-4097-a384-6e34fa5b9d0a	50334f2a79561498829a34a2c90984b1	no_event	0	70	1920	1080	False	70
no_f936868d-691a-4b0d-a90f-5a3ab801a255	b07a773bcb10b4f14f33d2b0e8ec58ba	no_event	0	67	720	1280	False	67
no_f1c55654-1ab7-4a9a-9e49-d337d9885312	b07a773bcb10b4f14f33d2b0e8ec58ba	no_event	0	66	720	1280	False	66
no_45f185e070788d3b139c75154a7c1054	27658	no_event	0	65	1920	1080	False	65
no_6e616eac39dc28359f098605d0f16d13	27658	no_event	0	64	1920	1080	False	64
no_5178bf5f-6519-4059-bb27-5270470a3999	50334f2a79561498829a34a2c90984b1	no_event	0	64	1920	1080	False	64
no_b458ea12-4097-426e-8f13-9976f62c87db	b07a773bcb10b4f14f33d2b0e8ec58ba	no_event	0	63	720	1280	False	63
no_c137dd3082afdd3d11c60f1fa73a66f3	27658	no_event	0	63	1920	1080	False	63
no_a7fb55bb-ce31-4b85-9cee-db88b1429762	c3bc70b01dcc8b515891a4d097719b0f	no_event	0	111	1920	1080	True	111
no_75135a02-a3bf-462e-ab7c-c913265e7f72	c3bc70b01dcc8b515891a4d097719b0f	no_event	0	95	1920	1080	True	95
no_aaa4b8d1-5262-4c3a-8763-138cacd6855f	c3bc70b01dcc8b515891a4d097719b0f	no_event	0	91	1920	1080	True	91
no_42e4247e-08c0-43c5-ba98-c534a7d12009	c3bc70b01dcc8b515891a4d097719b0f	no_event	0	90	1920	1080	True	90
no_2e7e5c7b-cb13-4b69-81c7-d76ac0fdcf84	c3bc70b01dcc8b515891a4d097719b0f	no_event	0	89	1920	1080	True	89
no_e2ab548e-e8c9-47f0-8446-af13d478ee5b	7faa41c4cf0a2602a23390de23574993	no_event	0	89	1080	1920	True	89
no_10fcca91-c76c-423b-9846-25e7fc5ddae4	c3bc70b01dcc8b515891a4d097719b0f	no_event	0	88	1920	1080	True	88
no_039514f5-9ed8-49b9-b71c-a7d62031df77	28d653d3548e4508aaa6acbb5dfbeb64	no_event	0	88	1920	1080	True	88
no_ebc3efc98906140af080282448999d9e	21271	no_event	0	84	1280	720	True	84
no_e5a1c559-ce83-4ab4-aa17-e29260258717	28d653d3548e4508aaa6acbb5dfbeb64	no_event	0	81	1920	1080	True	81
no_843684a2-76fd-4c8d-a73a-844e2307c7df	c3bc70b01dcc8b515891a4d097719b0f	no_event	0	80	1920	1080	True	80
no_ef7e6d6c-d86c-4c4e-8499-d19fa061af13	28d653d3548e4508aaa6acbb5dfbeb64	no_event	0	80	1920	1080	True	80
no_1a4e9088-a89a-4403-8b18-22345d8efb82	28d653d3548e4508aaa6acbb5dfbeb64	no_event	0	79	1920	1080	True	79
no_2f3ed2bd-e408-4a26-bb3d-92bf18085c71	c3bc70b01dcc8b515891a4d097719b0f	no_event	0	78	1920	1080	True	78
no_15278242-9823-4549-bb75-e9468c603cae	1860c7f3605089bf0eff0c4e72c7add4	no_event	0	78	1440	1440	True	78
no_c8aaf463ddbbce8910073c953f8f2344	30009	no_event	0	78	1280	720	True	78
no_b4d2c82a-0c25-46ef-9de6-bb1b3f6860ae	e97c55b450c4b2ae48a165e349f0f3eb	no_event	0	78	1920	1080	True	78
no_2ce64aa3-51a4-4cfe-b158-bd2eecede241	28d653d3548e4508aaa6acbb5dfbeb64	no_event	0	76	1920	1080	True	76
no_53e1b32a-cdd6-4967-9e30-3da92ff859a2	28d653d3548e4508aaa6acbb5dfbeb64	no_event	0	76	1920	1080	True	76
no_5507acfc-49b2-4491-98da-09045b6bc102	f3cf3f9bb709ce2bee3da304a4ccb427	no_event	0	75	1920	1080	True	75
no_32169fe4-8823-440f-aec3-0bd489983428	28d653d3548e4508aaa6acbb5dfbeb64	no_event	0	75	1920	1080	True	75
no_50ec30c1-fcad-46f3-ab58-14d3bb5e2ff7	e97c55b450c4b2ae48a165e349f0f3eb	no_event	0	74	1920	1080	True	74
no_ae515df2-6598-41eb-881f-a30e975c2eda	7faa41c4cf0a2602a23390de23574993	no_event	0	73	1080	1920	True	73
no_5fc060d7-2e8c-4d7b-b7cc-afeb61bf3aa6	28d653d3548e4508aaa6acbb5dfbeb64	no_event	0	73	1920	1080	True	73
no_71fb772f-a60a-454c-a9d7-1fc0d781905a	7faa41c4cf0a2602a23390de23574993	no_event	0	73	1920	1080	True	73
no_99f2c966-b666-416c-9556-651fe2885649	28d653d3548e4508aaa6acbb5dfbeb64	no_event	0	72	1920	1080	True	72
no_5297d7ea4ad704a59d6adcc184fabb2c	29898	no_event	0	71	720	960	True	71
no_9e8f3912-3fd1-4826-8b52-be4323a10ba5	c3bc70b01dcc8b515891a4d097719b0f	no_event	0	71	1920	1080	True	71
no_c57bd193-950d-4f64-b6d2-d94263e5a9a9	28d653d3548e4508aaa6acbb5dfbeb64	no_event	0	71	1920	1080	True	71
no_03a4b0ee-6087-43fb-b19b-39b801aa16aa	28d653d3548e4508aaa6acbb5dfbeb64	no_event	0	71	1920	1080	True	71
no_3dd04c39-588a-47ae-8588-b07216526ae6	9a2c7d5a1fb72ad258ab16abf6ae9147	no_event	0	70	1920	1080	True	70
no_0bd0c3d7-ee65-4ecb-8a48-f0ecf06db980	0ceb69ca37aa3e44528c7ce03c329479	no_event	0	70	1920	1080	True	70
no_c52cd2557e8072d55803bcba4b36e9d8	21271	no_event	0	69	1280	720	True	69
no_1a40f25633f4d6d8e79950a01a8061fa	21271	no_event	0	69	1280	720	True	69
no_c3eabfdd-96c3-495e-b66f-bd4a64f6e69d	7faa41c4cf0a2602a23390de23574993	no_event	0	69	1920	1080	True	69
no_54d355fc33f90141b334cc7688d148df	30009	no_event	0	69	1280	720	True	69
no_7fe2e72d-2d9c-4c27-8b88-b11d2565d464	28d653d3548e4508aaa6acbb5dfbeb64	no_event	0	69	1920	1080	True	69
no_d3de2e4b-01f5-4e8f-9231-bdc3c5fa63be	d2b4042ec6d8505a41b809e64d5adb7c	no_event	0	68	1920	1080	True	68
no_1f4a7751-db0b-4402-9d17-03471523e157	0ceb69ca37aa3e44528c7ce03c329479	no_event	0	68	1920	1080	True	68
no_68158b8c9c7b560334a22b4f62e34811	29283	no_event	0	68	1280	720	True	68
no_3bfc0af139850e17b5757de4727a57c8	29283	no_event	0	68	1280	720	True	68
no_e34356964d69df81095bf2cba35284e1	30009	no_event	0	68	1280	720	True	68
no_1e08e44d1b7e4276eba45a8392637417	30009	no_event	0	67	1280	720	True	67
no_130022a8-7730-4506-a290-e56254756b15	68f27043789bb049757486b0ed1cbaab	no_event	0	67	720	1280	True	67
no_b3bbd744d20662680502c613fe112f3a	30009	no_event	0	67	1280	720	True	67
no_31dd70e4-9b57-4dc4-8dbc-6afd2b8b0e68	68f27043789bb049757486b0ed1cbaab	no_event	0	66	720	1280	True	66
no_f6cb7bfa00048191dbb1ede4b734d086	21271	no_event	0	66	1280	720	True	66
no_4c9dfb64-bed5-42eb-b5c6-17b3ba898128	abd669cafd4f2078708e1cb1846e1bd6	no_event	0	66	1920	1080	True	66
no_d6d190620c01770194a200b243e2564b	21271	no_event	0	66	1280	720	True	66
no_02e7aa6c-3a3c-4564-8511-280fec206a83	28d653d3548e4508aaa6acbb5dfbeb64	no_event	0	65	1920	1080	True	65
no_7bcb8d18e3809004ae4febcec1428ee0	21271	no_event	0	65	1280	720	True	65
no_34692964-b3cb-4b38-8aa0-882869d4153f	28d653d3548e4508aaa6acbb5dfbeb64	no_event	0	64	1920	1080	True	64
no_789761340d156ee0767b61d1023daee6	30009	no_event	0	64	1280	720	True	64
no_51f94982551f4e58a5888b0dd47fe57e	21271	no_event	0	64	1280	720	True	64
no_4f5b7750-0303-4bf5-bc12-ffd0ce627633	e97c55b450c4b2ae48a165e349f0f3eb	no_event	0	64	1920	1080	True	64
no_9996a3fe-81f7-4088-b44c-68a34b1e0fba	86ec735f573ae6c36a9dbf9e5bfd4eaf	no_event	0	64	1920	1080	True	64
no_6a83b5a7b3cb3b126c5aae012c041c6b	21271	no_event	0	64	1280	720	True	64
no_2d0e54f3173ecb7398034424efd952be	30009	no_event	0	64	1280	720	True	64
no_775ea9f9-a3e0-4f97-b9d7-1cdc10ff6cdb	0f7aee11724db9ef1f9df422f7443e28	no_event	0	64	1920	1080	True	64
no_10af0ffeb7055918f63c3e2f76352b2c	21271	no_event	0	63	1280	720	True	63
no_ebfc9297-d9db-4d58-b784-83018ae0633c	08b8fc47e7a869751c13f64a922e6c15	no_event	0	63	1920	1080	True	63
no_9f28dfcc8056d47e02bce19bdb286285	21271	no_event	0	63	1280	720	True	63
no_e07ba79f61383d811d5f364586fbb959	21271	no_event	0	62	1280	720	True	62
no_44ea8298596083e8d7b23b2ffa0ad743	30009	no_event	0	62	1280	720	True	62
no_7092932e03bfc43d132f6f4626dd8f2e	21271	no_event	0	62	1280	720	True	62
no_d03fc456-d264-45ae-b925-edcc5f21bfda	68f27043789bb049757486b0ed1cbaab	no_event	0	62	720	1280	True	62
no_99d4d538-a083-4414-8cfb-f4ddf9435401	c3bc70b01dcc8b515891a4d097719b0f	no_event	0	62	1920	1080	True	62
no_e51696979af5a3a28502035233b2ee00	21271	no_event	0	62	1280	720	True	62
no_5463143129e3a23670e69a9fa449b366	29283	no_event	0	62	1280	720	True	62
no_0c844688-b949-4eea-a753-49f3b8e07700	d6349cdcc76fc803d1a544fe2c18f298	no_event	0	62	1920	1080	True	62
no_a7c78356-68e1-4e5f-8ddc-6555577071dd	86ec735f573ae6c36a9dbf9e5bfd4eaf	no_event	0	61	1920	1080	True	61
no_67d84440-87ce-40e9-8011-7029d68478c3	abd669cafd4f2078708e1cb1846e1bd6	no_event	0	61	1920	1080	True	61
no_0780b4be-1c0d-4b17-80e4-a422ef1ff4c7	68f27043789bb049757486b0ed1cbaab	no_event	0	61	720	1280	True	61
no_8f9ee6e8c5f587964a22fdeeb705357d	21271	no_event	0	61	1280	720	True	61
no_5fea4f5b-7799-4ae3-9cfe-c6b43aa713ce	68f27043789bb049757486b0ed1cbaab	no_event	0	61	720	1280	True	61
no_18ccb2a4559b7a16c9454df0dfa870b8	30009	no_event	0	61	1280	720	True	61
no_27c335c9-a350-4c3a-9f86-d37894c63ef7	86ec735f573ae6c36a9dbf9e5bfd4eaf	no_event	0	61	1920	1080	True	61
no_dcdd547a1a562256fe0a4b5d022a8b28	21271	no_event	0	61	1280	720	True	61
no_df8bbdfc-75bf-414f-83f5-3b7016d89375	7faa41c4cf0a2602a23390de23574993	no_event	0	60	1080	1920	True	60
no_8120e1ca-f35b-4f89-babe-de36b8d85a12	68f27043789bb049757486b0ed1cbaab	no_event	0	60	720	1280	True	60
no_7a365d56-a1e9-4a75-90be-441107ebca93	a8a635e6eaa8edb003c5a2b1cef789b5	no_event	0	60	1440	1440	True	60
no_fc1de5bf-f710-4381-8ce2-f23c3ed60098	68f27043789bb049757486b0ed1cbaab	no_event	0	60	720	1280	True	60
no_bef38d327ce10e95159c7614ddbd0796	21271	no_event	0	59	1280	720	True	59
no_8fb9b882-639c-4461-ae14-aa2f31aa3b9a	7faa41c4cf0a2602a23390de23574993	no_event	0	59	1080	1920	True	59
no_98e259ddf8d48bfc2666535f9fa8696e	30009	no_event	0	59	1280	720	True	59
2f450096-fe7f-43ea-982c-29810118c7af	86ec735f573ae6c36a9dbf9e5bfd4eaf	Б	64	150	1920	1080	True	219
b46d11a69402158b94741a73cd0eebf8	27658	Б	60	142	1920	1080	False	169
090f6cf4-e3ac-47ae-92d4-d7eb47eb3dd6	08b8fc47e7a869751c13f64a922e6c15	В	70	175	1920	1080	True	302
fb833995-e4e2-459b-a93b-5f14c2d92634	d6349cdcc76fc803d1a544fe2c18f298	В	43	128	1920	1080	True	157
d6d5e98c-b67a-4cef-ba30-05ed3ef03645	08b8fc47e7a869751c13f64a922e6c15	Г	41	139	1920	1080	True	229
02d54d0a-4469-493c-bedf-8b7cdd1a7b83	e9df86cd8713f2fa9f2077a2197c7136	Г	41	129	1920	1080	True	181
92311f95-8f16-44d4-869f-f0c631a93fd1	d01fdbbbd69ec8c4914397ba4abb899c	Г	33	115	1920	1080	True	186
0bd620b0-025e-4cfd-88be-327c1440157b	08b8fc47e7a869751c13f64a922e6c15	Д	50	154	1920	1080	True	212
eea4d9f1-fde8-4538-9bb6-0455cacb9dc2	08b8fc47e7a869751c13f64a922e6c15	Ё	83	185	1920	1080	True	259
c5ba8537-1902-4037-8411-6ee8b0be3e3f	9a2c7d5a1fb72ad258ab16abf6ae9147	Ё	51	134	1920	1080	True	208
9bf66ed7-24e4-4a7e-bf86-254efedc47f6	86ec735f573ae6c36a9dbf9e5bfd4eaf	Ё	40	172	1920	1080	True	212
5c6053984bfec13c1a83a13837175a96	29804	Ж	22	101	1920	1080	True	137
fc5243af-3744-4be3-b5b7-f8518c18eb60	e97c55b450c4b2ae48a165e349f0f3eb	З	25	108	1920	1080	True	167
39539631-363e-4919-8328-292f61315d15	f15c4e5b9dfe541cf7e6c05733b579e2	И	15	95	1920	1080	True	114
bb1b4320-9143-485a-8359-4d5086943fce	40ad51b49892dca94b905eca8926568a	Й	5	85	1920	1080	True	118
ca37ad3e-351e-4d39-8915-02977ef6cf25	138356c62cb9cd6168ec85fd31dbb1de	Й	24	121	1920	1080	True	151
ad7b6a7b-d4e7-4410-b8bd-6dc4db504e9b	37bed46cc436da755b02db4bda5fd1e2	К	6	127	1920	1080	True	140
b109300a-b46b-4218-9541-14ae012a838f	3018b64d2c938f5b6a0826dfdf486f2c	К	55	131	1920	1080	True	186
645f30bb-85c8-4ff5-8e73-2cf4bc6ff438	08b8fc47e7a869751c13f64a922e6c15	Л	65	188	1920	1080	True	282
40fff1f7-a2a5-4a7f-9626-120d4e49e416	08b8fc47e7a869751c13f64a922e6c15	М	56	196	1920	1080	True	245
ddcfd040-d1d5-425a-a9c9-3c5907194a8e	d6349cdcc76fc803d1a544fe2c18f298	М	53	133	1920	1080	True	196
6509d9df-0fad-4f64-94f8-ba15d2fa9591	138356c62cb9cd6168ec85fd31dbb1de	М	5	114	1920	1080	True	140
103cc92c-6441-49d1-851d-1255ba15d06d	08b8fc47e7a869751c13f64a922e6c15	Н	77	175	1920	1080	True	263
19368f97-c5cf-4b17-a30a-845a842139c9	08b8fc47e7a869751c13f64a922e6c15	О	51	151	1920	1080	True	221
71f4f276-a313-4e85-92d6-e78868068b08	08b8fc47e7a869751c13f64a922e6c15	П	50	145	1920	1080	True	215
575b1ef3-fe67-46e8-9263-0da1b764ad6b	d01fdbbbd69ec8c4914397ba4abb899c	Р	49	131	1920	1080	True	184
0e6c5c83-5a98-40f6-8c41-eda63131e4a4	d6349cdcc76fc803d1a544fe2c18f298	С	47	149	1920	1080	True	202
ef815e5f-048d-46ee-9254-b01b81088d74	08b8fc47e7a869751c13f64a922e6c15	Т	41	130	1920	1080	True	185
709eab55-a04d-4bc8-9c06-ea071436aa87	d01fdbbbd69ec8c4914397ba4abb899c	Т	46	126	1920	1080	True	229
819246fd-ea34-4b1a-923b-7489041bc95f	138356c62cb9cd6168ec85fd31dbb1de	У	14	101	1920	1080	True	133
7c60a76b-becd-4813-a802-f732562a7c96	37bed46cc436da755b02db4bda5fd1e2	Ф	6	139	1920	1080	True	153
89f264ec-f253-4a55-9dc1-ac0f765acb58	6753ca229e01b1c71053cb265fd93013	Х	14	100	1440	1080	True	126
baed8f74-bf78-4e2d-8396-345c65b89297	f15c4e5b9dfe541cf7e6c05733b579e2	Ц	16	90	1920	1080	True	90
a7d975a8-6626-466d-bf97-075dbf91f5f2	138356c62cb9cd6168ec85fd31dbb1de	Ч	23	127	1920	1080	True	161
523762fa-522a-4a4e-bc3d-815fcb58cc32	7faa41c4cf0a2602a23390de23574993	Ч	56	139	1080	1920	True	233
2061858f-bf64-46ea-b1fc-5ed3d7c15fad	138356c62cb9cd6168ec85fd31dbb1de	Ш	12	105	1920	1080	True	133
47361997-03a4-46db-bda0-de4fbcf1fc9b	d01fdbbbd69ec8c4914397ba4abb899c	Ш	27	138	1920	1080	True	171
c1413ca4f767a1e9bbaeca7120465de9	27658	Ш	21	124	1920	1080	False	152
94757f51-fedc-444e-9bed-65c46d09636d	e9df86cd8713f2fa9f2077a2197c7136	Щ	32	115	1920	1080	True	193
8300739b9e85bba867bab556bf76b642	27658	Щ	20	113	1920	1080	False	137
b866726b-115e-42d9-b900-de727b988f47	08b8fc47e7a869751c13f64a922e6c15	Ъ	52	152	1920	1080	True	236
0c891d99-d6f6-484e-8362-e3aebcf65706	0f7aee11724db9ef1f9df422f7443e28	Ъ	7	95	1920	1080	True	131
89acca9a-374b-4b5f-a15a-929abcd0315d	37bed46cc436da755b02db4bda5fd1e2	Ъ	6	130	1920	1080	True	140
7dc040cc-2ed3-49d6-bc23-fb4e23f45355	c80b4e57f158f28299b2a89694c42329	Ы	21	102	1920	1080	True	170
9c3115ef-d012-42d7-9c17-129cf6003ade	d01fdbbbd69ec8c4914397ba4abb899c	Ы	28	116	1920	1080	True	116
81abea35-21a0-439a-8a61-e441aa9bda87	08b8fc47e7a869751c13f64a922e6c15	Ь	63	187	1920	1080	True	257
821b1659-6d4a-4df1-9591-04ad98146b17	3cf00ecfe200a3990d42c6464286d6fb	Э	33	119	1920	1080	True	168
c6fd8cec-5984-4101-9616-acf180e89a81	08b8fc47e7a869751c13f64a922e6c15	Ю	44	173	1920	1080	True	236
1f4cdeed-c5a1-46dc-9eaa-af40cf662d86	f15c4e5b9dfe541cf7e6c05733b579e2	Ю	10	96	1920	1080	True	97
4208dbab-bea9-4d81-bbfb-7c7a028a4341	7faa41c4cf0a2602a23390de23574993	Я	80	163	1080	1920	True	197
53f4f947-9f8b-4aba-ac8b-ebc2655d15ff	ff169f3bbab458308b88188be3657125	Я	19	110	1920	1080	True	200
41e6d879-d8b1-476e-b5f1-0a214395ba2d	d01fdbbbd69ec8c4914397ba4abb899c	Я	1	110	1920	1080	True	111
